policy_name,budget,n_seeds,mean_error,median_error,error_p25,error_p75,policy_wins_vs_uniform,win_rate_vs_uniform,mean_relative_error_vs_uniform,median_relative_error_vs_uniform,relative_error_p25_vs_uniform,relative_error_p75_vs_uniform,policy_label,policy_order
uniform_step_balanced,45,30,4.994846867156099e-05,4.6291629793680336e-05,2.4054123116245277e-05,7.234026798339375e-05,,,1.0,1.0,1.0,1.0,Uniform,0
uniform_step_balanced,90,30,2.3861454708138818e-05,1.6726514903376578e-05,9.052823807907598e-06,3.168728346182798e-05,,,1.0,1.0,1.0,1.0,Uniform,0
uniform_step_balanced,135,30,1.7799326744631098e-05,1.0140564260841664e-05,7.070404571313647e-06,2.5942560396458598e-05,,,1.0,1.0,1.0,1.0,Uniform,0
uniform_step_balanced,180,30,1.5543114033869736e-05,1.1156486555060716e-05,6.265661438973639e-06,1.8068573330288617e-05,,,1.0,1.0,1.0,1.0,Uniform,0
uniform_step_balanced,225,30,1.3043524404345208e-05,1.0521752434015796e-05,6.38751419907671e-06,1.76725285227474e-05,,,1.0,1.0,1.0,1.0,Uniform,0
uniform_step_balanced,270,30,9.694180689564418e-06,6.051881256957719e-06,3.207974841147523e-06,1.2789943023170229e-05,,,1.0,1.0,1.0,1.0,Uniform,0
uniform_step_balanced,315,30,9.705358089814488e-06,6.9918287406079835e-06,5.048572688945635e-06,1.0745618538702516e-05,,,1.0,1.0,1.0,1.0,Uniform,0
uniform_step_balanced,360,30,1.0183406536078946e-05,6.563048617211973e-06,4.1144911077934126e-06,1.4836497819719978e-05,,,1.0,1.0,1.0,1.0,Uniform,0
uniform_step_balanced,405,30,7.905022695624749e-06,6.514843565198316e-06,4.697552561642377e-06,8.741540649864931e-06,,,1.0,1.0,1.0,1.0,Uniform,0
uniform_step_balanced,450,30,7.705674445615184e-06,5.546405666623107e-06,3.5658959560066727e-06,1.1167325710295222e-05,,,1.0,1.0,1.0,1.0,Uniform,0
uniform_step_balanced,495,30,6.749540707675159e-06,5.416237143878023e-06,3.414324875286533e-06,8.229066666742651e-06,,,1.0,1.0,1.0,1.0,Uniform,0
uniform_step_balanced,540,30,5.953839006008667e-06,4.761647605278745e-06,2.4679382578453337e-06,7.371926763497313e-06,,,1.0,1.0,1.0,1.0,Uniform,0
uniform_step_balanced,585,30,5.410933378562668e-06,4.702902359152505e-06,3.1021503875388276e-06,6.274830109292829e-06,,,1.0,1.0,1.0,1.0,Uniform,0
uniform_step_balanced,630,30,5.415757394907618e-06,5.245161344012767e-06,3.6470583318668077e-06,6.907038386927848e-06,,,1.0,1.0,1.0,1.0,Uniform,0
uniform_step_balanced,675,30,5.474180839078151e-06,4.572486104287131e-06,2.797061355242447e-06,6.614195105339668e-06,,,1.0,1.0,1.0,1.0,Uniform,0
uniform_step_balanced,720,30,5.774019799040111e-06,4.76885360892798e-06,2.9811925444793774e-06,7.605287998855344e-06,,,1.0,1.0,1.0,1.0,Uniform,0
uniform_step_balanced,765,30,5.229641224920785e-06,4.89961905909699e-06,2.320537351062047e-06,6.416998243831032e-06,,,1.0,1.0,1.0,1.0,Uniform,0
uniform_step_balanced,810,30,4.220508888791569e-06,4.538614871459051e-06,1.9268591962600043e-06,5.825409708615945e-06,,,1.0,1.0,1.0,1.0,Uniform,0
uniform_step_balanced,855,30,4.6885062747510605e-06,3.945517380963748e-06,3.0975364494886634e-06,5.101228202400874e-06,,,1.0,1.0,1.0,1.0,Uniform,0
uniform_step_balanced,900,30,5.681052470691523e-06,4.334976636496048e-06,3.462692086902014e-06,6.760393551675717e-06,,,1.0,1.0,1.0,1.0,Uniform,0
uniform_step_balanced,945,30,3.400356820105529e-06,2.5786794366785453e-06,1.9116411877755536e-06,4.755950001326528e-06,,,1.0,1.0,1.0,1.0,Uniform,0
uniform_step_balanced,990,30,3.849308968507762e-06,3.3153064862658526e-06,2.2138260826953694e-06,4.929366554603129e-06,,,1.0,1.0,1.0,1.0,Uniform,0
uniform_step_balanced,1035,30,4.932243356682165e-06,3.972668188383986e-06,2.4792443770965485e-06,5.554276563277153e-06,,,1.0,1.0,1.0,1.0,Uniform,0
uniform_step_balanced,1080,30,3.5108657618342935e-06,2.50126357972822e-06,1.6364569436204539e-06,3.755814372857774e-06,,,1.0,1.0,1.0,1.0,Uniform,0
uniform_step_balanced,1125,30,3.65727510189404e-06,3.2127975539717805e-06,1.6792499688756554e-06,4.346260669416083e-06,,,1.0,1.0,1.0,1.0,Uniform,0
uniform_step_balanced,1170,30,3.716826988856605e-06,2.8907974234062683e-06,2.031704795935788e-06,4.243424398220715e-06,,,1.0,1.0,1.0,1.0,Uniform,0
uniform_step_balanced,1215,30,4.2827561023439344e-06,3.171795440613596e-06,1.9395076965865104e-06,5.34956591823937e-06,,,1.0,1.0,1.0,1.0,Uniform,0
uniform_step_balanced,1260,30,3.305024987055553e-06,3.051652539916149e-06,2.0894706396038515e-06,4.2659597006930375e-06,,,1.0,1.0,1.0,1.0,Uniform,0
uniform_step_balanced,1305,30,3.023967855266255e-06,2.590224322510976e-06,1.957058075966897e-06,3.278371290473509e-06,,,1.0,1.0,1.0,1.0,Uniform,0
uniform_step_balanced,1350,30,3.2473435484886413e-06,3.0365069906773106e-06,1.4675481269745049e-06,4.092993572514747e-06,,,1.0,1.0,1.0,1.0,Uniform,0
uniform_step_balanced,1395,30,4.935885584934501e-06,3.4990674453055934e-06,2.090889926934825e-06,5.664727828372226e-06,,,1.0,1.0,1.0,1.0,Uniform,0
uniform_step_balanced,1440,30,4.181346217342017e-06,2.5206187998216586e-06,1.5288277754665122e-06,4.558931245243461e-06,,,1.0,1.0,1.0,1.0,Uniform,0
uniform_step_balanced,1485,30,2.8813599434564035e-06,2.4663882729570918e-06,1.8107891179041538e-06,3.02835079899419e-06,,,1.0,1.0,1.0,1.0,Uniform,0
uniform_step_balanced,1530,30,3.812032816893933e-06,3.046583550305881e-06,1.7832385462874806e-06,5.723225391174838e-06,,,1.0,1.0,1.0,1.0,Uniform,0
uniform_step_balanced,1575,30,2.853250267129273e-06,2.309784276222932e-06,1.3461803494118593e-06,3.492908130424226e-06,,,1.0,1.0,1.0,1.0,Uniform,0
uniform_step_balanced,1620,30,3.2310770472746523e-06,2.5774440190758795e-06,1.8961056338436185e-06,3.769803597696535e-06,,,1.0,1.0,1.0,1.0,Uniform,0
uniform_step_balanced,1665,30,3.1569152888951755e-06,2.679297312276259e-06,1.7667429053286944e-06,4.521778341712931e-06,,,1.0,1.0,1.0,1.0,Uniform,0
uniform_step_balanced,1710,30,2.9151725778074697e-06,2.32415876601451e-06,1.7566666476625812e-06,3.3658519077917674e-06,,,1.0,1.0,1.0,1.0,Uniform,0
uniform_step_balanced,1755,30,2.705197523637127e-06,2.358524354435864e-06,1.6879233874388878e-06,2.978923515015744e-06,,,1.0,1.0,1.0,1.0,Uniform,0
uniform_step_balanced,1798,30,0.0,0.0,0.0,0.0,,,,,,,Uniform,0
stochastic_epsilon_greedy_eps0.2,45,30,4.994846867156099e-05,4.6291629793680336e-05,2.4054123116245277e-05,7.234026798339375e-05,0.0,0.0,1.0,1.0,1.0,1.0,Stoch eps-greedy 0.2,1
stochastic_epsilon_greedy_eps0.2,90,30,3.227974599984014e-05,2.891222082630132e-05,1.5408507372831464e-05,4.5551250968287234e-05,4.0,0.13333333333333333,1.850571110078236,1.2690796054635074,1.081447842812497,2.051667821311788,Stoch eps-greedy 0.2,1
stochastic_epsilon_greedy_eps0.2,135,30,1.8660391484282408e-05,1.3713150192257639e-05,7.788606519530631e-06,2.2950890631043222e-05,16.0,0.5333333333333333,1.5032938340684079,0.9176773656471745,0.7207484021595729,1.5835486570465607,Stoch eps-greedy 0.2,1
stochastic_epsilon_greedy_eps0.2,180,30,1.7285612098033146e-05,9.598881268906691e-06,5.9298679884308205e-06,2.071596058394084e-05,15.0,0.5,1.5300061012722364,0.9362873348048982,0.6395747113833574,1.5556239592196837,Stoch eps-greedy 0.2,1
stochastic_epsilon_greedy_eps0.2,225,30,1.351656218211888e-05,1.0484321021258238e-05,4.7282587234640135e-06,1.901886740417871e-05,20.0,0.6666666666666666,1.0452460892079978,0.8672677314051576,0.7192508600957784,1.188609393942117,Stoch eps-greedy 0.2,1
stochastic_epsilon_greedy_eps0.2,270,30,1.2093652365088872e-05,6.946960370558851e-06,3.776584040207246e-06,1.433925049009984e-05,10.0,0.3333333333333333,1.4424211340038593,1.230105997036374,0.9385235511045974,1.8084992549406431,Stoch eps-greedy 0.2,1
stochastic_epsilon_greedy_eps0.2,315,30,1.2175272278730127e-05,1.0158591726057696e-05,3.888453117662037e-06,1.7265940828929068e-05,10.0,0.3333333333333333,1.4745590989610087,1.2266187410388247,0.9356603881046793,1.570027759578362,Stoch eps-greedy 0.2,1
stochastic_epsilon_greedy_eps0.2,360,30,1.0123227616854741e-05,6.381916028191817e-06,3.4741374991024284e-06,1.1315172429211144e-05,15.0,0.5,1.0513988508755454,1.0005274208720776,0.734615861425939,1.4568985804959047,Stoch eps-greedy 0.2,1
stochastic_epsilon_greedy_eps0.2,405,30,8.524825842948871e-06,6.426364214387252e-06,3.49602065297808e-06,1.1077258079346816e-05,17.0,0.5666666666666667,1.4040058204103205,0.9597334774660387,0.7982287011833719,1.0859798847673174,Stoch eps-greedy 0.2,1
stochastic_epsilon_greedy_eps0.2,450,30,8.161071615881957e-06,6.149875159288893e-06,3.734425136217732e-06,9.53874597863809e-06,13.0,0.43333333333333335,1.3053198770819026,1.0421835572514433,0.842246780319688,1.2811656762090204,Stoch eps-greedy 0.2,1
stochastic_epsilon_greedy_eps0.2,495,30,6.769579485371551e-06,5.963631167575716e-06,3.729778620011049e-06,9.368978776757701e-06,18.0,0.6,1.536958044265542,0.9118072425978512,0.754221875394391,1.4802942639613843,Stoch eps-greedy 0.2,1
stochastic_epsilon_greedy_eps0.2,540,30,6.093970124844875e-06,5.769069649625538e-06,3.1306724289508486e-06,7.975377104314408e-06,14.0,0.4666666666666667,1.371162544893487,1.110575865526494,0.8099560771862417,1.8799907224415477,Stoch eps-greedy 0.2,1
stochastic_epsilon_greedy_eps0.2,585,30,6.304724774265953e-06,5.120107242838572e-06,2.8936018109172123e-06,8.069871680149064e-06,13.0,0.43333333333333335,1.283752434144065,1.0451842624865262,0.6497161403148219,1.5672151780990178,Stoch eps-greedy 0.2,1
stochastic_epsilon_greedy_eps0.2,630,30,6.423274517373422e-06,5.641207554018775e-06,4.117719169500523e-06,8.962584504316375e-06,10.0,0.3333333333333333,1.4824370635446578,1.2572160782011106,0.704077347505302,1.6484962277081405,Stoch eps-greedy 0.2,1
stochastic_epsilon_greedy_eps0.2,675,30,5.579019851644384e-06,4.696508713910207e-06,3.309265167883995e-06,7.212514167968376e-06,14.0,0.4666666666666667,1.1513170738116578,1.0722506814377881,0.7784758001620428,1.4011752956760906,Stoch eps-greedy 0.2,1
stochastic_epsilon_greedy_eps0.2,720,30,5.168999324983575e-06,4.906619902158145e-06,2.344688547979391e-06,6.704838175104037e-06,15.0,0.5,1.0877737443863722,1.0551498640403776,0.5343196494834741,1.3896804109201255,Stoch eps-greedy 0.2,1
stochastic_epsilon_greedy_eps0.2,765,30,5.844521570514051e-06,4.685664299454374e-06,2.9734132117382717e-06,8.478048265029356e-06,12.0,0.4,1.5872448624500004,1.2657762003591122,0.8586245306418308,1.8960314014017479,Stoch eps-greedy 0.2,1
stochastic_epsilon_greedy_eps0.2,810,30,4.687233952348643e-06,3.689165220836677e-06,2.5052747687788658e-06,5.404600048473559e-06,15.0,0.5,1.4115153183040619,1.0064085436251529,0.7350523113717506,1.6595253554099016,Stoch eps-greedy 0.2,1
stochastic_epsilon_greedy_eps0.2,855,30,4.7663408006915586e-06,3.62230296232507e-06,2.0597588825411065e-06,5.679876709358281e-06,17.0,0.5666666666666667,1.0722631011628976,0.9762460743490885,0.6132803036756908,1.0916379660134212,Stoch eps-greedy 0.2,1
stochastic_epsilon_greedy_eps0.2,900,30,6.0368813573380955e-06,3.536563540712374e-06,2.5578316948658962e-06,6.6599396328224725e-06,17.0,0.5666666666666667,1.2808308413606713,0.9372478202006406,0.6037153244524868,1.18364148187852,Stoch eps-greedy 0.2,1
stochastic_epsilon_greedy_eps0.2,945,30,4.091056859038629e-06,3.313390394705698e-06,1.8595635090678544e-06,5.4829417184800385e-06,18.0,0.6,1.3309609011352064,0.9472191374863312,0.7555975818661373,1.6747145482971815,Stoch eps-greedy 0.2,1
stochastic_epsilon_greedy_eps0.2,990,30,4.023083394577607e-06,3.5705271786888903e-06,2.007389178202956e-06,5.770038681725954e-06,16.0,0.5333333333333333,1.2979614464319567,0.925981078847127,0.7531976457935159,1.4818985214536617,Stoch eps-greedy 0.2,1
stochastic_epsilon_greedy_eps0.2,1035,30,4.5549415089793255e-06,3.5488962185270235e-06,2.618942478829713e-06,4.809462153214e-06,16.0,0.5333333333333333,1.225120153375937,0.9716889010856056,0.632636628351136,1.6624895851297494,Stoch eps-greedy 0.2,1
stochastic_epsilon_greedy_eps0.2,1080,30,3.452188550595333e-06,2.7011245777913778e-06,1.5150539822658627e-06,4.361809701103307e-06,17.0,0.5666666666666667,1.4965578428215929,0.9323307517379684,0.5880534594093937,1.5142359342374867,Stoch eps-greedy 0.2,1
stochastic_epsilon_greedy_eps0.2,1125,30,3.4440714387255194e-06,2.4032957751270833e-06,1.3871279689943358e-06,3.860143929967616e-06,19.0,0.6333333333333333,1.4433366807153372,0.8479406942396708,0.42558270989587804,1.564461227260833,Stoch eps-greedy 0.2,1
stochastic_epsilon_greedy_eps0.2,1170,30,3.89169021955864e-06,2.7668765063212244e-06,1.8184059580275032e-06,4.9629324781582484e-06,16.0,0.5333333333333333,1.4127191826660657,0.918923568930346,0.6586497558735529,1.9107034483485934,Stoch eps-greedy 0.2,1
stochastic_epsilon_greedy_eps0.2,1215,30,3.67388999012e-06,3.3540459100571064e-06,2.068495464783543e-06,4.720456450957058e-06,15.0,0.5,1.3660487277417523,1.0532194114584255,0.44718787982362934,1.5658151721829392,Stoch eps-greedy 0.2,1
stochastic_epsilon_greedy_eps0.2,1260,30,3.058033245027805e-06,2.7333531320500844e-06,1.6230191033056517e-06,4.251811546018548e-06,21.0,0.7,1.2413922751113622,0.7642415370694411,0.6224241140645619,1.3711329166358017,Stoch eps-greedy 0.2,1
stochastic_epsilon_greedy_eps0.2,1305,30,3.224381997929976e-06,2.936547315128415e-06,2.430891549135447e-06,4.006788883774711e-06,14.0,0.4666666666666667,1.4441272078055,1.047293469985094,0.7238806104049046,1.7170316126391554,Stoch eps-greedy 0.2,1
stochastic_epsilon_greedy_eps0.2,1350,30,4.138453857607178e-06,3.673970988079599e-06,2.2118290710154108e-06,4.591215954095429e-06,12.0,0.4,1.651175657116523,1.320775445851817,0.7170276525112713,1.917560555269357,Stoch eps-greedy 0.2,1
stochastic_epsilon_greedy_eps0.2,1395,30,2.8303708121853728e-06,2.40622665497343e-06,1.5881087298385578e-06,3.708726946065562e-06,18.0,0.6,1.0323102862407894,0.7153239492939132,0.393939851201649,1.218862624202501,Stoch eps-greedy 0.2,1
stochastic_epsilon_greedy_eps0.2,1440,30,2.6763318262236935e-06,2.457454383460246e-06,1.4736905125179169e-06,3.365464885304153e-06,18.0,0.6,1.3493387249481534,0.7620865712891294,0.4455347955155409,1.6131831993321728,Stoch eps-greedy 0.2,1
stochastic_epsilon_greedy_eps0.2,1485,30,2.900436350248924e-06,2.6698251507646838e-06,1.805234960249396e-06,3.1781364540138367e-06,13.0,0.43333333333333335,1.2095702796122978,1.1115812148564408,0.7717674961236956,1.4294199088589608,Stoch eps-greedy 0.2,1
stochastic_epsilon_greedy_eps0.2,1530,30,2.658980576431904e-06,1.953783661216722e-06,1.277860532137363e-06,2.6640871041162594e-06,21.0,0.7,0.9222071398788239,0.7133300010377456,0.4302075969952678,1.2575879126616498,Stoch eps-greedy 0.2,1
stochastic_epsilon_greedy_eps0.2,1575,30,2.8117660045838385e-06,2.0335040352243265e-06,1.3033019119015551e-06,3.53580002087434e-06,16.0,0.5333333333333333,1.3502652510495579,0.9798201468911196,0.5573290566112488,1.428014499246516,Stoch eps-greedy 0.2,1
stochastic_epsilon_greedy_eps0.2,1620,30,2.8233864042720036e-06,2.687785004946082e-06,1.4309453348635317e-06,4.099268053080367e-06,18.0,0.6,1.0670610168632793,0.9248904655743808,0.5171957673843561,1.3863298808557218,Stoch eps-greedy 0.2,1
stochastic_epsilon_greedy_eps0.2,1665,30,2.522646436366565e-06,2.2129760700689574e-06,1.2514941379938115e-06,2.881229330315583e-06,20.0,0.6666666666666666,1.10537587019102,0.6727239137335842,0.46752888721159347,1.1752956916638855,Stoch eps-greedy 0.2,1
stochastic_epsilon_greedy_eps0.2,1710,30,3.7456232665897087e-06,2.2162577783540524e-06,1.487284203350804e-06,4.235862464758537e-06,16.0,0.5333333333333333,1.9204718647691723,0.9803002031605854,0.5443836122485612,2.624725571713774,Stoch eps-greedy 0.2,1
stochastic_epsilon_greedy_eps0.2,1755,30,3.0067904062471747e-06,1.707634910833517e-06,1.1674329284161639e-06,3.5070342980905234e-06,17.0,0.5666666666666667,1.4498385988768374,0.921070020442633,0.5898119384976939,1.596222411641707,Stoch eps-greedy 0.2,1
stochastic_epsilon_greedy_eps0.2,1798,30,0.0,0.0,0.0,0.0,0.0,0.0,,,,,Stoch eps-greedy 0.2,1
stochastic_exploration_bonus_c1.0,45,30,4.994846867156099e-05,4.6291629793680336e-05,2.4054123116245277e-05,7.234026798339375e-05,0.0,0.0,1.0,1.0,1.0,1.0,Stoch bonus c=1.0,2
stochastic_exploration_bonus_c1.0,90,30,3.558756297298346e-05,2.7147065944952826e-05,1.8933536721741083e-05,5.123544184887672e-05,11.0,0.36666666666666664,2.0652933109449263,1.5771086270966488,0.7948471112106344,2.6252969842419063,Stoch bonus c=1.0,2
stochastic_exploration_bonus_c1.0,135,30,2.463151252623295e-05,1.772878428419582e-05,1.0542601493416291e-05,2.7009540724515756e-05,10.0,0.3333333333333333,2.1941996749940227,1.4382409940209915,0.8906577023525163,2.395882419395929,Stoch bonus c=1.0,2
stochastic_exploration_bonus_c1.0,180,30,1.9989679859334043e-05,1.2303143397928173e-05,7.3536132651083435e-06,2.5039558342123968e-05,10.0,0.3333333333333333,1.5815847390406692,1.2327660481733518,0.9653744859583531,1.8702108377538833,Stoch bonus c=1.0,2
stochastic_exploration_bonus_c1.0,225,30,1.5380354545236054e-05,8.454626673840756e-06,4.921939822213166e-06,1.830750322266296e-05,16.0,0.5333333333333333,1.153582822100381,0.9543225051896593,0.6629881467027843,1.407239286132895,Stoch bonus c=1.0,2
stochastic_exploration_bonus_c1.0,270,30,1.0230696946223669e-05,8.089775334917207e-06,4.1649262204105e-06,1.3551096554881855e-05,11.0,0.36666666666666664,1.3209572704776376,1.1390484446528013,0.8389223969391597,1.5379914672114219,Stoch bonus c=1.0,2
stochastic_exploration_bonus_c1.0,315,30,1.0815742119072233e-05,7.648329235503976e-06,4.663080176184432e-06,1.4809896739937772e-05,10.0,0.3333333333333333,1.4141385128892567,1.230861436056399,0.8402263101891637,1.7749878394158463,Stoch bonus c=1.0,2
stochastic_exploration_bonus_c1.0,360,30,1.034959359721057e-05,7.083719090358061e-06,3.5668669206387297e-06,1.0456574443910577e-05,15.0,0.5,1.1775209220499825,1.1236251411619431,0.47077381459884543,1.4942190096835595,Stoch bonus c=1.0,2
stochastic_exploration_bonus_c1.0,405,30,8.397784912860207e-06,5.8630951863436564e-06,4.382419821699144e-06,1.0725859469638417e-05,17.0,0.5666666666666667,1.2050246182762305,0.9550633847524219,0.8262269682916592,1.5878206692499266,Stoch bonus c=1.0,2
stochastic_exploration_bonus_c1.0,450,30,8.46838064084477e-06,7.43826562478928e-06,3.7760736234599523e-06,1.1676479648829665e-05,13.0,0.43333333333333335,1.4612688282708508,1.1471056813496165,0.6186064461912498,1.8099754375639119,Stoch bonus c=1.0,2
stochastic_exploration_bonus_c1.0,495,30,7.043387876330409e-06,6.35056673268145e-06,3.4163986901084195e-06,9.865704801357916e-06,14.0,0.4666666666666667,1.4107802374894196,1.049496095249803,0.7921629943150342,1.5728017205835048,Stoch bonus c=1.0,2
stochastic_exploration_bonus_c1.0,540,30,6.656598434550194e-06,5.5374333893419154e-06,2.8601868083008663e-06,8.088888521300573e-06,12.0,0.4,1.7045177125000142,1.1331053572828005,0.7515329697690716,1.8743336371552939,Stoch bonus c=1.0,2
stochastic_exploration_bonus_c1.0,585,30,6.110632480102253e-06,5.947193735345719e-06,3.5454677168473556e-06,7.527432952379833e-06,12.0,0.4,1.3161099385291055,1.0770356462502457,0.8452113434902191,1.7030711286828786,Stoch bonus c=1.0,2
stochastic_exploration_bonus_c1.0,630,30,5.2816661140501286e-06,4.513796264832411e-06,2.5843160592673616e-06,7.735645470862977e-06,14.0,0.4666666666666667,1.1178596864878694,1.051063734321202,0.5812732731813093,1.4777364787944198,Stoch bonus c=1.0,2
stochastic_exploration_bonus_c1.0,675,30,5.391380915453842e-06,4.458517117158176e-06,3.3147825573124494e-06,6.250902121374807e-06,15.0,0.5,1.190930992136387,0.9880577786461231,0.6967140978545342,1.4668674290945003,Stoch bonus c=1.0,2
stochastic_exploration_bonus_c1.0,720,30,5.428193278628631e-06,5.171522319969819e-06,2.840654822634017e-06,6.3273027634004276e-06,16.0,0.5333333333333333,1.1138131072931827,0.8709829413454662,0.5448470521510488,1.4768394474271955,Stoch bonus c=1.0,2
stochastic_exploration_bonus_c1.0,765,30,5.180308036425789e-06,5.074066310367088e-06,2.8704299174537336e-06,7.440837366201287e-06,13.0,0.43333333333333335,1.7219025877619751,1.213242792235043,0.6243155161295351,2.135234348781026,Stoch bonus c=1.0,2
stochastic_exploration_bonus_c1.0,810,30,5.7057420430231515e-06,5.45524604505579e-06,2.175510957224726e-06,7.742129599771458e-06,11.0,0.36666666666666664,1.5120977664618593,1.330035785352903,0.6783943356460239,1.9509116442098493,Stoch bonus c=1.0,2
stochastic_exploration_bonus_c1.0,855,30,4.547280832641023e-06,4.3205227977256565e-06,3.0723303908081284e-06,5.932900801499451e-06,14.0,0.4666666666666667,1.2184753708282838,1.031477691808125,0.6596132416610189,1.5495508333954537,Stoch bonus c=1.0,2
stochastic_exploration_bonus_c1.0,900,30,4.301266348946654e-06,3.089613170561729e-06,1.8716694884903453e-06,4.964126535200076e-06,21.0,0.7,0.8940615904234369,0.7198630140987115,0.43565299491711085,1.229631946138402,Stoch bonus c=1.0,2
stochastic_exploration_bonus_c1.0,945,30,3.57784607365728e-06,2.410625483107881e-06,1.63712504613294e-06,4.648757978246678e-06,16.0,0.5333333333333333,1.2023966173384801,0.8466893790327101,0.5974803481848937,1.5348860450512345,Stoch bonus c=1.0,2
stochastic_exploration_bonus_c1.0,990,30,4.016967826522036e-06,3.918825219926195e-06,2.2277017378104e-06,4.863920978564367e-06,12.0,0.4,1.209542164806733,1.0822212239838,0.6952698747532347,1.524971842083572,Stoch bonus c=1.0,2
stochastic_exploration_bonus_c1.0,1035,30,3.889903573931326e-06,3.297688558939324e-06,2.0342922262024507e-06,5.105863010229988e-06,20.0,0.6666666666666666,1.023869551959481,0.7977345660981939,0.6114462511039497,1.0601060002968912,Stoch bonus c=1.0,2
stochastic_exploration_bonus_c1.0,1080,30,4.142480548678449e-06,3.3878138919336553e-06,2.2062959294773563e-06,5.446245398131559e-06,11.0,0.36666666666666664,1.908580495962189,1.2648209067646459,0.7538985161742563,1.781124223163793,Stoch bonus c=1.0,2
stochastic_exploration_bonus_c1.0,1125,30,3.5905819683103167e-06,2.7633198203290204e-06,1.8372838766902392e-06,4.090228089711722e-06,17.0,0.5666666666666667,1.1697406018813503,0.8737122603924485,0.6826676444237678,1.4544036536880727,Stoch bonus c=1.0,2
stochastic_exploration_bonus_c1.0,1170,30,3.3894093317787894e-06,2.4033696011104458e-06,1.9707536998370593e-06,3.453620715555996e-06,18.0,0.6,1.1889696816988429,0.7431540492440403,0.6024965580472103,1.5680903325172617,Stoch bonus c=1.0,2
stochastic_exploration_bonus_c1.0,1215,30,4.732104098545018e-06,3.382340121106146e-06,2.0143291751281146e-06,4.999103952638329e-06,16.0,0.5333333333333333,1.7642448155241426,0.8619508378787677,0.5942882007527792,1.973020365343576,Stoch bonus c=1.0,2
stochastic_exploration_bonus_c1.0,1260,30,2.9750919818655344e-06,1.946797917680464e-06,1.4844907756446895e-06,3.667231613541437e-06,20.0,0.6666666666666666,1.2699548509046479,0.7015776956557277,0.45696584400564316,1.8017775656974349,Stoch bonus c=1.0,2
stochastic_exploration_bonus_c1.0,1305,30,3.774951521838223e-06,3.546306679694778e-06,1.7941104486074305e-06,5.753358086471366e-06,13.0,0.43333333333333335,1.6062712940163073,1.2574259899354705,0.5962881539431775,2.2146598817591583,Stoch bonus c=1.0,2
stochastic_exploration_bonus_c1.0,1350,30,3.1713940811266143e-06,2.6510608772762795e-06,2.033534083087399e-06,4.215978126385976e-06,13.0,0.43333333333333335,1.322463293184255,1.1767596133689457,0.5903818519269132,1.7916178121555795,Stoch bonus c=1.0,2
stochastic_exploration_bonus_c1.0,1395,30,2.5786028092198073e-06,1.9215351496344743e-06,1.3157095023108828e-06,3.3405786304968683e-06,19.0,0.6333333333333333,1.1157189927733502,0.5763628123059134,0.28950495010617183,1.4438234965662153,Stoch bonus c=1.0,2
stochastic_exploration_bonus_c1.0,1440,30,3.0439319988564003e-06,2.3903792039728403e-06,1.4499130514717636e-06,4.7427446641156655e-06,15.0,0.5,1.3508573801436863,0.9844002913632167,0.42961578990464006,1.841472562296767,Stoch bonus c=1.0,2
stochastic_exploration_bonus_c1.0,1485,30,3.555750086418243e-06,2.5031449930102583e-06,1.7499886161559675e-06,4.193291922336301e-06,11.0,0.36666666666666664,1.4233609932039957,1.1579858151255253,0.6048884819608008,1.5918035487530542,Stoch bonus c=1.0,2
stochastic_exploration_bonus_c1.0,1530,30,2.9362299313209236e-06,2.702957339090468e-06,2.2135220425513737e-06,3.3863837924969864e-06,18.0,0.6,1.4598088649742558,0.7614390542518722,0.5056227243073527,1.74620742107158,Stoch bonus c=1.0,2
stochastic_exploration_bonus_c1.0,1575,30,2.9472290156401903e-06,1.946183088261959e-06,1.3755187448367667e-06,3.5316652467598973e-06,15.0,0.5,1.7299593990227455,1.0510086511028098,0.3964639536797162,1.7720860171765702,Stoch bonus c=1.0,2
stochastic_exploration_bonus_c1.0,1620,30,2.9620419776095244e-06,2.4905479010319638e-06,1.6386598662066235e-06,3.5098632084776453e-06,18.0,0.6,1.211690139705862,0.9234832798510951,0.5043597827678568,1.7194581177317518,Stoch bonus c=1.0,2
stochastic_exploration_bonus_c1.0,1665,30,2.7473882238921026e-06,2.227837123204538e-06,1.7811086818423978e-06,3.108916180207309e-06,19.0,0.6333333333333333,1.3959635840041293,0.7647649308034467,0.44647179106489326,1.2758922514568356,Stoch bonus c=1.0,2
stochastic_exploration_bonus_c1.0,1710,30,3.2424368520694223e-06,2.978149566531325e-06,1.7609179982297482e-06,4.269020331006368e-06,10.0,0.3333333333333333,1.6089792882345728,1.2678150486254371,0.8973550118003683,1.9533785029157718,Stoch bonus c=1.0,2
stochastic_exploration_bonus_c1.0,1755,30,2.2510685350192707e-06,2.151075632889107e-06,1.4881301461725924e-06,2.9536492699950916e-06,18.0,0.6,1.4047202911344987,0.8327833319075522,0.5230424637162376,1.6214535297499415,Stoch bonus c=1.0,2
stochastic_exploration_bonus_c1.0,1798,30,0.0,0.0,0.0,0.0,0.0,0.0,,,,,Stoch bonus c=1.0,2
uniform_positive_fragility,45,30,4.994846867156099e-05,4.6291629793680336e-05,2.4054123116245277e-05,7.234026798339375e-05,0.0,0.0,1.0,1.0,1.0,1.0,Uniform positive,3
uniform_positive_fragility,90,30,4.280088563595837e-05,3.376524319106447e-05,1.3501940040011956e-05,5.960137345268583e-05,4.0,0.13333333333333333,2.0425807892886607,1.6508823345274806,1.1860546987001892,2.206578527943482,Uniform positive,3
uniform_positive_fragility,135,30,2.4049081455791147e-05,1.8992699815309804e-05,9.945243678478595e-06,3.0416319920349487e-05,10.0,0.3333333333333333,2.0193838091094736,1.1347142264067651,0.8798067228295786,2.173948581379247,Uniform positive,3
uniform_positive_fragility,180,30,1.980258814181529e-05,1.6455410089934996e-05,8.113221081754447e-06,2.1776301616342324e-05,12.0,0.4,1.787801743657885,1.0988031085765861,0.864734944410069,2.109059688066171,Uniform positive,3
uniform_positive_fragility,225,30,1.3570209802066952e-05,1.0493962302277842e-05,4.7054431303848116e-06,1.7918304776950493e-05,15.0,0.5,1.3867343616277463,1.0092555973802548,0.6468147947114967,1.5858858643920937,Uniform positive,3
uniform_positive_fragility,270,30,1.2706774820273852e-05,8.918804940543939e-06,5.133465651558968e-06,1.744111126016355e-05,8.0,0.26666666666666666,1.587152749415942,1.4978033482782631,0.9551862916671707,2.1146632223241952,Uniform positive,3
uniform_positive_fragility,315,30,1.0716426569310951e-05,9.165183832758148e-06,4.244475664750928e-06,1.486431832114408e-05,14.0,0.4666666666666667,1.4715035856919956,1.0973790883573185,0.720042906895554,1.9211359252262317,Uniform positive,3
uniform_positive_fragility,360,30,1.1063571825981928e-05,7.516184689129677e-06,3.97374792372736e-06,1.4525284146047e-05,14.0,0.4666666666666667,1.4807397146965318,1.0621337894202294,0.714534318099842,1.7970007167972417,Uniform positive,3
uniform_positive_fragility,405,30,8.556630792900155e-06,5.4626537957467735e-06,3.584642141356953e-06,1.2619234390459396e-05,16.0,0.5333333333333333,1.2209503545595972,0.9401340351476317,0.6317161624270228,1.5133188004941462,Uniform positive,3
uniform_positive_fragility,450,30,7.361693154943149e-06,6.222852844857892e-06,4.128496698355316e-06,1.0149758343090879e-05,15.0,0.5,1.357428933231763,1.0340261081551811,0.6301833636830358,1.8111076535053385,Uniform positive,3
uniform_positive_fragility,495,30,7.1151692363652405e-06,6.193715515959061e-06,3.912740127429014e-06,8.052299733020681e-06,12.0,0.4,1.439881079664895,1.0517517267881544,0.8046324192200299,1.3852541980278972,Uniform positive,3
uniform_positive_fragility,540,30,5.169634524445978e-06,4.849796137677939e-06,2.8013312828044487e-06,6.661679033578388e-06,17.0,0.5666666666666667,1.2503006359543491,0.87140301513041,0.6042250439266439,1.3241404078389332,Uniform positive,3
uniform_positive_fragility,585,30,5.720040482111022e-06,4.661486531601213e-06,2.7044390733140536e-06,7.995186078936933e-06,17.0,0.5666666666666667,1.10610470466538,0.8041779254141014,0.6586317071786634,1.5280991008576246,Uniform positive,3
uniform_positive_fragility,630,30,5.083741668704921e-06,4.628379187323251e-06,2.5553955779844984e-06,5.97549538936766e-06,13.0,0.43333333333333335,1.0995221662239933,1.021008885994124,0.5557959549497737,1.324699592724691,Uniform positive,3
uniform_positive_fragility,675,30,4.988439039971123e-06,4.839424675034269e-06,2.55387381612452e-06,6.544801125815458e-06,18.0,0.6,1.2501908629864822,0.9006379302870909,0.5911705694653218,1.496461273306005,Uniform positive,3
uniform_positive_fragility,720,30,5.826125948068709e-06,4.179440519646031e-06,2.9982389053602384e-06,7.904750400614769e-06,16.0,0.5333333333333333,1.3610499650681436,0.9454697146636325,0.5364357526618021,1.8940248209359165,Uniform positive,3
uniform_positive_fragility,765,30,5.2487640952233155e-06,3.597455276746835e-06,2.797843669820092e-06,6.6049605523144884e-06,13.0,0.43333333333333335,1.392901869958771,1.0367110755207753,0.6052919633427672,1.7849787220865205,Uniform positive,3
uniform_positive_fragility,810,30,4.5696254669074096e-06,4.149761401581755e-06,2.466724068194678e-06,6.559042262523985e-06,13.0,0.43333333333333335,1.4579959327050303,1.177043693146619,0.7145570137561085,1.7812366560893815,Uniform positive,3
uniform_positive_fragility,855,30,4.92353029537851e-06,4.890112847390463e-06,2.46673176068366e-06,6.5868557471954445e-06,17.0,0.5666666666666667,1.2099330012632388,0.8143228784134313,0.5589030907681674,1.5402147738408878,Uniform positive,3
uniform_positive_fragility,900,30,3.922895588014673e-06,3.0387005228308472e-06,1.7175098537527945e-06,5.449441165484886e-06,21.0,0.7,0.8697179405836458,0.8240936487533661,0.37533520940938286,1.1170071221155877,Uniform positive,3
uniform_positive_fragility,945,30,3.6895312560859026e-06,2.8000759358856307e-06,2.0555621417221956e-06,5.032699926888797e-06,12.0,0.4,1.3167158995352848,1.1234622486732042,0.6076771884255161,1.970176981068088,Uniform positive,3
uniform_positive_fragility,990,30,3.286405345831154e-06,3.134078818032643e-06,1.5268345861428568e-06,3.7233334116326258e-06,19.0,0.6333333333333333,0.9995092718361333,0.9027051312583257,0.5855886204691492,1.11547746643368,Uniform positive,3
uniform_positive_fragility,1035,30,4.505537607668018e-06,3.2678524079762346e-06,2.433048687829124e-06,6.188847325642138e-06,20.0,0.6666666666666666,1.2517978266499563,0.8143009079870758,0.5460986109079546,1.2939937434792437,Uniform positive,3
uniform_positive_fragility,1080,30,4.289472460211267e-06,3.3781347354211624e-06,2.1825172116955184e-06,5.161578382887781e-06,11.0,0.36666666666666664,1.847116607201339,1.3169503184761457,0.7232431211113062,1.9254428281990879,Uniform positive,3
uniform_positive_fragility,1125,30,4.0654934587857875e-06,3.404219776265513e-06,1.6155676701754757e-06,5.240746959216867e-06,15.0,0.5,1.4144855557772344,1.0222101702364936,0.5921803019243265,1.5631510819088335,Uniform positive,3
uniform_positive_fragility,1170,30,2.992172819680389e-06,2.75694822116691e-06,1.9772021309082525e-06,3.823241506572584e-06,17.0,0.5666666666666667,1.0557363602265066,0.9175211080779806,0.5341272349011117,1.3317571120144551,Uniform positive,3
uniform_positive_fragility,1215,30,3.0882378406467164e-06,2.731071574768494e-06,1.8520415916634225e-06,3.5990525540685237e-06,20.0,0.6666666666666666,1.282354256373106,0.8514279932402793,0.3791814976779129,1.0796649163778245,Uniform positive,3
uniform_positive_fragility,1260,30,3.0202538710939455e-06,2.509017852671632e-06,1.6822286154076023e-06,4.335125491379766e-06,17.0,0.5666666666666667,1.383653317082971,0.8495366075712317,0.5353894110772834,1.4025867589275394,Uniform positive,3
uniform_positive_fragility,1305,30,3.4821920540364424e-06,3.004222984593285e-06,1.7388106463722194e-06,4.431824036201011e-06,15.0,0.5,1.4853688091748287,1.1068038791308388,0.5606972272720478,2.270497704328795,Uniform positive,3
uniform_positive_fragility,1350,30,2.7673778405867444e-06,2.3706076511503582e-06,1.5269821683818376e-06,3.7580841735021022e-06,19.0,0.6333333333333333,1.1423134741308483,0.735001432641918,0.4784724866122939,1.159496965646371,Uniform positive,3
uniform_positive_fragility,1395,30,3.019337382076208e-06,2.4342212450623444e-06,1.769727877222436e-06,2.9154619261370466e-06,18.0,0.6,1.0815547865785784,0.6185408565779352,0.41339986204981893,1.6628984253897623,Uniform positive,3
uniform_positive_fragility,1440,30,2.6912263973920912e-06,2.4240205997110184e-06,1.4088865044465153e-06,3.300495436592804e-06,16.0,0.5333333333333333,1.5689284455721573,0.8582613883002643,0.3665737505545321,1.7867922421913263,Uniform positive,3
uniform_positive_fragility,1485,30,2.8509498217046635e-06,2.024215970942842e-06,1.2948774178810826e-06,3.688341093380974e-06,18.0,0.6,1.445311490202486,0.7405345225500958,0.45200998567963113,1.7120944136687888,Uniform positive,3
uniform_positive_fragility,1530,30,2.9871181907468233e-06,2.3893743952431433e-06,1.803658577137037e-06,2.991075868561971e-06,20.0,0.6666666666666666,1.0713510347825261,0.7726701587118088,0.5997188733379193,1.467196388057968,Uniform positive,3
uniform_positive_fragility,1575,30,2.7580476243812966e-06,1.8179371342125877e-06,1.1930246433526156e-06,3.861355781347201e-06,14.0,0.4666666666666667,1.5106496158880918,1.0402212754538174,0.5219429154940687,1.655651836335479,Uniform positive,3
uniform_positive_fragility,1620,30,2.7789268430661933e-06,2.327323329134985e-06,1.586612460902878e-06,3.169822379239362e-06,19.0,0.6333333333333333,1.2677637671243436,0.7371403880782186,0.5630042810429532,1.499378377096401,Uniform positive,3
uniform_positive_fragility,1665,30,3.1504274342837625e-06,2.2005020740087084e-06,1.207791051157899e-06,4.950432486665768e-06,17.0,0.5666666666666667,1.2386361549271128,0.8931965349253133,0.4904689023351471,2.0451285985415018,Uniform positive,3
uniform_positive_fragility,1710,30,2.9673240161592467e-06,2.471050759241605e-06,1.5718830692736664e-06,3.1268623693818842e-06,14.0,0.4666666666666667,1.4942051445747944,1.086855196367922,0.6535627541268991,2.03856235754962,Uniform positive,3
uniform_positive_fragility,1755,30,2.68014784579843e-06,1.8217401336514808e-06,1.4154078390367273e-06,2.819960647600143e-06,16.0,0.5333333333333333,1.5856373979333782,0.9134691800647783,0.6166681710309703,1.572075260291515,Uniform positive,3
uniform_positive_fragility,1798,30,0.0,0.0,0.0,0.0,0.0,0.0,,,,,Uniform positive,3
stochastic_exploration_bonus_c0.5,45,30,4.994846867156099e-05,4.6291629793680336e-05,2.4054123116245277e-05,7.234026798339375e-05,0.0,0.0,1.0,1.0,1.0,1.0,Stoch bonus c=0.5,4
stochastic_exploration_bonus_c0.5,90,30,3.5496010008456554e-05,2.487306237772527e-05,1.797671139173638e-05,5.218937361375452e-05,11.0,0.36666666666666664,1.9492894877366842,1.7379888561571297,0.7548357563617548,2.549679078422376,Stoch bonus c=0.5,4
stochastic_exploration_bonus_c0.5,135,30,2.5039437688936278e-05,1.8528526308319988e-05,1.1899233208412524e-05,3.035147233876535e-05,8.0,0.26666666666666666,2.23032469855392,1.4228232408801547,0.9923401769837703,2.5428778069796625,Stoch bonus c=0.5,4
stochastic_exploration_bonus_c0.5,180,30,2.0234414039914428e-05,1.2569078724446596e-05,5.608873654458232e-06,2.2664221749774076e-05,13.0,0.43333333333333335,1.515889880303843,1.1677475262053236,0.7810272512457397,1.524679402912491,Stoch bonus c=0.5,4
stochastic_exploration_bonus_c0.5,225,30,1.4755462857965573e-05,1.0024961664213818e-05,7.3735793853829005e-06,1.761660842507252e-05,15.0,0.5,1.205308380051818,1.0066989326328477,0.7389741630158713,1.5497248278459934,Stoch bonus c=0.5,4
stochastic_exploration_bonus_c0.5,270,30,1.0518534381373788e-05,6.304499256083025e-06,3.751592623058182e-06,1.5041209350313166e-05,10.0,0.3333333333333333,1.2677582249787,1.1611725583804877,0.837871394493136,1.4100931289799914,Stoch bonus c=0.5,4
stochastic_exploration_bonus_c0.5,315,30,1.1248264536642506e-05,6.841701399157648e-06,4.670122053528378e-06,1.4241182520426348e-05,12.0,0.4,1.4446957151010136,1.3057124230345947,0.6153297924997275,1.8459322682029484,Stoch bonus c=0.5,4
stochastic_exploration_bonus_c0.5,360,30,1.0643914696069568e-05,8.592592322242014e-06,4.07491169510869e-06,1.309811148484161e-05,17.0,0.5666666666666667,1.4699309764618238,0.9412804860024173,0.5985203740351271,1.9434595887082395,Stoch bonus c=0.5,4
stochastic_exploration_bonus_c0.5,405,30,8.97242390904045e-06,6.892942154605819e-06,4.687346442254741e-06,1.1104856604097817e-05,16.0,0.5333333333333333,1.334864228421948,0.9749068795622269,0.6892701390582665,1.63613372911242,Stoch bonus c=0.5,4
stochastic_exploration_bonus_c0.5,450,30,7.554544516227485e-06,7.167541213886372e-06,3.7885267692831346e-06,1.0437090197079186e-05,18.0,0.6,1.2960151033559013,0.92304902361352,0.7587303420031157,1.4762232838993155,Stoch bonus c=0.5,4
stochastic_exploration_bonus_c0.5,495,30,7.359586834321819e-06,6.132712581471048e-06,3.9489323867953385e-06,9.672260475716403e-06,13.0,0.43333333333333335,1.33265919236738,1.0693715727477806,0.789351343559864,1.5934464180261037,Stoch bonus c=0.5,4
stochastic_exploration_bonus_c0.5,540,30,7.2491245236316595e-06,5.393042823532578e-06,3.2335165619043494e-06,9.733223223065984e-06,14.0,0.4666666666666667,1.6374554428831891,1.1672938516252722,0.7387481749570434,2.1944152855436787,Stoch bonus c=0.5,4
stochastic_exploration_bonus_c0.5,585,30,6.621860941150021e-06,6.1605908023748945e-06,3.287213736414816e-06,8.331183980542612e-06,12.0,0.4,1.3988484162027417,1.1835290903571938,0.7306146534251399,1.5288682092488444,Stoch bonus c=0.5,4
stochastic_exploration_bonus_c0.5,630,30,5.21548906725364e-06,4.219603491415314e-06,2.959762021218307e-06,5.8623997763353175e-06,16.0,0.5333333333333333,1.2334385016220584,0.8792494092807296,0.5603868646679414,1.4862819776783684,Stoch bonus c=0.5,4
stochastic_exploration_bonus_c0.5,675,30,5.940749161406702e-06,3.8017209358763972e-06,3.2311053208197272e-06,7.629847275371824e-06,15.0,0.5,1.406357445652719,1.009841186302,0.7539551820208672,1.514487293566081,Stoch bonus c=0.5,4
stochastic_exploration_bonus_c0.5,720,30,5.864394486698376e-06,5.39587319426045e-06,3.130746978978812e-06,6.631794559865466e-06,14.0,0.4666666666666667,1.2745985498679033,1.1500104138688725,0.6805539458960088,1.563463875554742,Stoch bonus c=0.5,4
stochastic_exploration_bonus_c0.5,765,30,5.2796583522500985e-06,4.36001075887729e-06,1.969476457030635e-06,7.024634986990948e-06,14.0,0.4666666666666667,1.4032747032043322,1.0863293171795863,0.6358937871167154,1.8763166661621433,Stoch bonus c=0.5,4
stochastic_exploration_bonus_c0.5,810,30,4.880525485365852e-06,4.216901012904038e-06,2.8259079834995798e-06,7.260315143687627e-06,13.0,0.43333333333333335,1.9040620765572223,1.1529227591454279,0.7788059810844334,1.5220528572871812,Stoch bonus c=0.5,4
stochastic_exploration_bonus_c0.5,855,30,4.845430473605663e-06,3.971585760942342e-06,2.9244293736715515e-06,5.8909883584124774e-06,12.0,0.4,1.1719473450302025,1.0649837653873555,0.765472289063736,1.4973000420808735,Stoch bonus c=0.5,4
stochastic_exploration_bonus_c0.5,900,30,4.045931334623094e-06,3.5633872873087e-06,1.9802673835651923e-06,5.49622088917924e-06,19.0,0.6333333333333333,0.9427155228834257,0.9287082690895978,0.5295977407382556,1.084483310596716,Stoch bonus c=0.5,4
stochastic_exploration_bonus_c0.5,945,30,4.29633453715665e-06,3.1546036346498103e-06,2.4069064975996527e-06,5.282363461793382e-06,12.0,0.4,1.7343209474556438,1.3883505659586755,0.6587166751885238,2.212620417507028,Stoch bonus c=0.5,4
stochastic_exploration_bonus_c0.5,990,30,4.185315118276839e-06,4.191723401385216e-06,2.61006624096612e-06,5.4537829931937256e-06,11.0,0.36666666666666664,1.3371060929885927,1.2039792142881836,0.7972808695122877,1.6277071588967384,Stoch bonus c=0.5,4
stochastic_exploration_bonus_c0.5,1035,30,3.3953879662241866e-06,2.6436041583233536e-06,1.9604800354379484e-06,3.918476119349165e-06,20.0,0.6666666666666666,0.9578560007191723,0.71369967427971,0.5320577826788155,1.3876531388589304,Stoch bonus c=0.5,4
stochastic_exploration_bonus_c0.5,1080,30,3.760582666983715e-06,2.756857181145486e-06,1.8617744283112987e-06,5.186234836083842e-06,13.0,0.43333333333333335,1.932746635732506,1.0749157730449495,0.6134607035290616,1.845876623374997,Stoch bonus c=0.5,4
stochastic_exploration_bonus_c0.5,1125,30,4.183133809274048e-06,2.9487257232515396e-06,1.762572780764121e-06,5.285854033754325e-06,15.0,0.5,1.3991101173215874,0.993212688066186,0.628177963568582,1.4643730995737767,Stoch bonus c=0.5,4
stochastic_exploration_bonus_c0.5,1170,30,3.4874523560051847e-06,2.448662071359998e-06,1.700897159279833e-06,3.894779551770262e-06,15.0,0.5,1.2193282906764666,1.003902191139291,0.5879514693651553,1.6315646567403943,Stoch bonus c=0.5,4
stochastic_exploration_bonus_c0.5,1215,30,3.535635695810921e-06,2.890957411974299e-06,1.993920193144344e-06,4.13266716065887e-06,14.0,0.4666666666666667,1.2524570947481903,1.1255717897001474,0.6553257659569972,1.5788973422945365,Stoch bonus c=0.5,4
stochastic_exploration_bonus_c0.5,1260,30,3.897342291404749e-06,3.3849237067659903e-06,2.7326842456337886e-06,4.300838696809974e-06,14.0,0.4666666666666667,1.7800528353633,1.0880866883185358,0.7745631942538129,1.5639129839134487,Stoch bonus c=0.5,4
stochastic_exploration_bonus_c0.5,1305,30,3.566310313777384e-06,3.117281469144904e-06,1.973499546051668e-06,4.3878535541709785e-06,15.0,0.5,1.6578522302504983,1.0473409099224718,0.6974211196664789,1.9147407538375214,Stoch bonus c=0.5,4
stochastic_exploration_bonus_c0.5,1350,30,3.2473625211339226e-06,2.9435229126853902e-06,2.151941383524685e-06,4.130013499870653e-06,13.0,0.43333333333333335,1.3484438245509212,1.1307337727790099,0.6943941309548463,1.42672192809583,Stoch bonus c=0.5,4
stochastic_exploration_bonus_c0.5,1395,30,2.930644660942549e-06,2.2696721904982385e-06,1.8152459327392569e-06,4.214419004058171e-06,19.0,0.6333333333333333,1.1471215502475305,0.8508121650314133,0.4224685813520792,1.2401930274287243,Stoch bonus c=0.5,4
stochastic_exploration_bonus_c0.5,1440,30,2.4167478229907348e-06,1.9913961911024643e-06,1.3140728492532128e-06,2.927353632241467e-06,21.0,0.7,1.0694543920443382,0.7334803976423528,0.43638717965890184,1.2387898484044277,Stoch bonus c=0.5,4
stochastic_exploration_bonus_c0.5,1485,30,2.999906927273811e-06,2.3005312431118145e-06,1.9454728006319627e-06,3.2874351627371075e-06,14.0,0.4666666666666667,1.2742251125298416,1.0740602967628292,0.6719887252185075,1.6022458437336853,Stoch bonus c=0.5,4
stochastic_exploration_bonus_c0.5,1530,30,2.7743220174561925e-06,2.410797875197949e-06,1.689330798844655e-06,3.369665605692633e-06,18.0,0.6,1.1561905309528675,0.819389611668459,0.5724188311652153,1.2452628281939526,Stoch bonus c=0.5,4
stochastic_exploration_bonus_c0.5,1575,30,3.401363990290812e-06,1.730551148562658e-06,1.2722907880110924e-06,3.71949137915441e-06,15.0,0.5,1.4118187787254806,0.9732621472555137,0.5767367855048644,1.6846412197041931,Stoch bonus c=0.5,4
stochastic_exploration_bonus_c0.5,1620,30,2.795822242918162e-06,2.6335574877080307e-06,1.594784284478722e-06,3.4331551024334263e-06,17.0,0.5666666666666667,1.2143576338929616,0.9564806073289549,0.5240087638973143,1.5624955242664058,Stoch bonus c=0.5,4
stochastic_exploration_bonus_c0.5,1665,30,2.8376225657178136e-06,2.5624027732167244e-06,1.8581879129009619e-06,3.3584623825208116e-06,17.0,0.5666666666666667,1.2592745112793182,0.7351792739096052,0.48101562157579025,1.6737796585095226,Stoch bonus c=0.5,4
stochastic_exploration_bonus_c0.5,1710,30,3.6845222957652004e-06,2.801539209319908e-06,1.563771583474593e-06,4.103967763757859e-06,12.0,0.4,2.313975082421708,1.2033600656060677,0.6090031264246245,1.939227802576789,Stoch bonus c=0.5,4
stochastic_exploration_bonus_c0.5,1755,30,2.7734452406271074e-06,1.937459838286909e-06,1.3715071062725304e-06,3.6111739661447165e-06,16.0,0.5333333333333333,1.4823859111613018,0.8850609080379996,0.49823152131722226,2.0284810348137325,Stoch bonus c=0.5,4
stochastic_exploration_bonus_c0.5,1798,30,0.0,0.0,0.0,0.0,0.0,0.0,,,,,Stoch bonus c=0.5,4
stochastic_exploration_bonus_c0.25,45,30,4.994846867156099e-05,4.6291629793680336e-05,2.4054123116245277e-05,7.234026798339375e-05,0.0,0.0,1.0,1.0,1.0,1.0,Stoch bonus c=0.25,5
stochastic_exploration_bonus_c0.25,90,30,3.683135410790379e-05,2.4521084842334633e-05,1.611801300397035e-05,5.768927640493538e-05,9.0,0.3,1.9876937716746303,1.8371373231096655,0.8343487532888612,2.549679078422376,Stoch bonus c=0.25,5
stochastic_exploration_bonus_c0.25,135,30,2.3223884708554678e-05,1.7765071564774475e-05,1.0574381366753626e-05,2.847723856054093e-05,9.0,0.3,2.076483768809025,1.4228232408801547,0.9191538219929336,2.0245965135736403,Stoch bonus c=0.25,5
stochastic_exploration_bonus_c0.25,180,30,2.118838609336934e-05,1.626394114511827e-05,6.285985619771311e-06,2.8168080377366284e-05,11.0,0.36666666666666664,1.63689648699846,1.237310396575878,0.7987721432170194,1.857386806635393,Stoch bonus c=0.25,5
stochastic_exploration_bonus_c0.25,225,30,1.560801992736766e-05,1.0465344594276242e-05,6.319036828820792e-06,1.7897574098154884e-05,12.0,0.4,1.2969364703094606,1.0650537463732692,0.6478597776976481,1.8350333349885433,Stoch bonus c=0.25,5
stochastic_exploration_bonus_c0.25,270,30,1.1572753605914394e-05,5.779503133650088e-06,3.966213540093963e-06,1.5373560176875088e-05,10.0,0.3333333333333333,1.351372206391073,1.2632308805730394,0.8025906308901315,1.7080297685361137,Stoch bonus c=0.25,5
stochastic_exploration_bonus_c0.25,315,30,1.0675761475001452e-05,7.63344005127229e-06,4.919072561951967e-06,1.416664667877552e-05,11.0,0.36666666666666664,1.4021294383164504,1.3806930274660778,0.7076632934997931,1.7807321825856433,Stoch bonus c=0.25,5
stochastic_exploration_bonus_c0.25,360,30,1.0334928300342552e-05,7.532508833314403e-06,4.665592933233632e-06,1.2138769160704063e-05,16.0,0.5333333333333333,1.3685695830195241,0.9943312662401904,0.7114154922752353,1.6837951309458394,Stoch bonus c=0.25,5
stochastic_exploration_bonus_c0.25,405,30,9.922700191288226e-06,9.51800102012728e-06,5.2647226168322595e-06,1.2158387818395727e-05,12.0,0.4,1.356862044155659,1.375045870214175,0.7969898853735462,1.7741979652003486,Stoch bonus c=0.25,5
stochastic_exploration_bonus_c0.25,450,30,8.61315345806413e-06,7.973544289518304e-06,3.967569446985372e-06,1.0893699290820324e-05,12.0,0.4,1.37580459670316,1.2519192287196894,0.8120227357934557,1.6611727519654693,Stoch bonus c=0.25,5
stochastic_exploration_bonus_c0.25,495,30,7.681102808825014e-06,6.430038289479608e-06,3.788129114526662e-06,1.0509245660012256e-05,12.0,0.4,1.464977074379809,1.130441129314094,0.8132703803879757,1.7301588701450856,Stoch bonus c=0.25,5
stochastic_exploration_bonus_c0.25,540,30,7.538494694362893e-06,6.454115731079368e-06,3.9091735542675965e-06,1.0072967603349388e-05,9.0,0.3,1.7312208448830797,1.5414097277846863,0.9329076741174152,1.9488216256548505,Stoch bonus c=0.25,5
stochastic_exploration_bonus_c0.25,585,30,5.896248951053837e-06,5.337962607593009e-06,3.1439359626704125e-06,7.648334215309931e-06,12.0,0.4,1.2549243932706227,1.0513117461195969,0.9014802752324644,1.3698715716188201,Stoch bonus c=0.25,5
stochastic_exploration_bonus_c0.25,630,30,4.960793902614742e-06,4.1518353402344304e-06,2.939711858541522e-06,5.503184256956478e-06,18.0,0.6,1.1849845249957056,0.8320436346225685,0.5840510443678366,1.18544910301584,Stoch bonus c=0.25,5
stochastic_exploration_bonus_c0.25,675,30,5.155566386008094e-06,4.460077319643719e-06,2.990400449615061e-06,5.937387328106842e-06,18.0,0.6,1.30353216127796,0.8597846022395921,0.6655460010835974,1.2695390132362459,Stoch bonus c=0.25,5
stochastic_exploration_bonus_c0.25,720,30,5.519188166007522e-06,5.35728450678976e-06,3.1024662988228204e-06,6.636890804892816e-06,16.0,0.5333333333333333,1.194364027895682,0.938637863379836,0.5904433478056343,1.7334391913904679,Stoch bonus c=0.25,5
stochastic_exploration_bonus_c0.25,765,30,5.041881768765256e-06,4.872720858548501e-06,3.2013900146672163e-06,5.975695689137674e-06,13.0,0.43333333333333335,1.3728419688656028,1.108101550224891,0.8000910456279746,1.5874925690691515,Stoch bonus c=0.25,5
stochastic_exploration_bonus_c0.25,810,30,4.990068658636545e-06,4.2774445137399315e-06,2.7371086960646403e-06,7.43776767770902e-06,10.0,0.3333333333333333,1.5069622874446473,1.2149424099054542,0.5887682536621157,1.8881820322096337,Stoch bonus c=0.25,5
stochastic_exploration_bonus_c0.25,855,30,4.919558288696824e-06,4.4294992430542165e-06,1.9005965104347972e-06,7.375090133295807e-06,18.0,0.6,1.3190734954311794,0.9284336394451034,0.4311198837002648,1.449684968547606,Stoch bonus c=0.25,5
stochastic_exploration_bonus_c0.25,900,30,4.070729459764604e-06,3.0285407093275613e-06,1.798382745456822e-06,4.850920068201031e-06,21.0,0.7,0.9102489165194909,0.7406554676460675,0.39737997004648407,1.294652981641315,Stoch bonus c=0.25,5
stochastic_exploration_bonus_c0.25,945,30,4.424755411400349e-06,3.7227009923345994e-06,2.265538515513005e-06,4.938041732606422e-06,16.0,0.5333333333333333,1.5546969564903401,0.9562324068844767,0.6570504501319854,2.143078225267022,Stoch bonus c=0.25,5
stochastic_exploration_bonus_c0.25,990,30,4.216296378937534e-06,3.6020895323092656e-06,2.10338386223162e-06,6.115311836983343e-06,14.0,0.4666666666666667,1.4759723309243455,1.0590506293598518,0.6940535132983593,1.7106418518081186,Stoch bonus c=0.25,5
stochastic_exploration_bonus_c0.25,1035,30,4.316242633033316e-06,2.9661377422819165e-06,2.216262841036378e-06,4.592968900015118e-06,19.0,0.6333333333333333,1.2503088490137604,0.8816543906013294,0.621902837767355,1.375036116076252,Stoch bonus c=0.25,5
stochastic_exploration_bonus_c0.25,1080,30,3.273264068187928e-06,2.7087283071231394e-06,1.6317866589652225e-06,4.24293770329235e-06,15.0,0.5,1.6355330957115854,1.0502078760096383,0.5664894252441257,1.5491191266184468,Stoch bonus c=0.25,5
stochastic_exploration_bonus_c0.25,1125,30,3.6971322842533136e-06,2.7011396169662444e-06,1.684740804033542e-06,5.203469943470718e-06,14.0,0.4666666666666667,1.3007630217847768,1.0624647197237063,0.592570804242371,2.101804515899734,Stoch bonus c=0.25,5
stochastic_exploration_bonus_c0.25,1170,30,3.0725391279898317e-06,2.672986528542712e-06,1.896721579821575e-06,3.959409950359196e-06,21.0,0.7,1.1026945434855724,0.8291916850136982,0.5509609890404813,1.2782184498370117,Stoch bonus c=0.25,5
stochastic_exploration_bonus_c0.25,1215,30,3.4389260051383633e-06,2.596625319360621e-06,1.8253138256203383e-06,3.632120094848079e-06,16.0,0.5333333333333333,1.034358025710101,0.8921547199802369,0.4906307633050504,1.536605417615754,Stoch bonus c=0.25,5
stochastic_exploration_bonus_c0.25,1260,30,3.870016126493497e-06,3.475314753063707e-06,2.1626757668617383e-06,4.788314615556356e-06,10.0,0.3333333333333333,1.4575447545881002,1.1979292934477765,0.8541089460257049,1.7929455870585516,Stoch bonus c=0.25,5
stochastic_exploration_bonus_c0.25,1305,30,2.813884082778553e-06,2.398234271807172e-06,1.70057211023682e-06,3.448790798819346e-06,19.0,0.6333333333333333,1.3919053322373705,0.8859789627591523,0.4934991151304845,1.5935097823484559,Stoch bonus c=0.25,5
stochastic_exploration_bonus_c0.25,1350,30,3.31387464285353e-06,2.7798384982315065e-06,1.5556960445452855e-06,4.346297531239813e-06,13.0,0.43333333333333335,1.3215634127570899,1.0946012772927292,0.5729016391140087,1.9243889725613559,Stoch bonus c=0.25,5
stochastic_exploration_bonus_c0.25,1395,30,3.3683199802705737e-06,2.5446117071978266e-06,1.2686356078257168e-06,4.847323888774385e-06,17.0,0.5666666666666667,1.239031713922809,0.9489501553584112,0.40771107607368934,1.5748969965624704,Stoch bonus c=0.25,5
stochastic_exploration_bonus_c0.25,1440,30,4.321113711082287e-06,3.5920779232516276e-06,2.1794997055154045e-06,5.35010476799093e-06,12.0,0.4,2.1265199343729564,1.4362707734364175,0.7056504359673684,2.5327652429546728,Stoch bonus c=0.25,5
stochastic_exploration_bonus_c0.25,1485,30,2.781427365356066e-06,2.29948618810465e-06,1.331609197022526e-06,3.927613926424294e-06,19.0,0.6333333333333333,1.213841306421559,0.8272975581716168,0.6076198027942707,1.3669743728164612,Stoch bonus c=0.25,5
stochastic_exploration_bonus_c0.25,1530,30,2.998564996165004e-06,2.8700117940761845e-06,1.6558124774988534e-06,3.8065000871235134e-06,18.0,0.6,1.1966153155314594,0.8777232600014706,0.5459552899657028,1.328037053544448,Stoch bonus c=0.25,5
stochastic_exploration_bonus_c0.25,1575,30,3.1617272060976302e-06,1.8943631202975748e-06,1.3885682792641516e-06,3.7369705319427052e-06,16.0,0.5333333333333333,1.5344420124215823,0.9826888554024793,0.5540028539405155,1.7683329952915314,Stoch bonus c=0.25,5
stochastic_exploration_bonus_c0.25,1620,30,2.892405681426541e-06,2.2339677545253623e-06,1.3341599560251125e-06,3.834104024198658e-06,17.0,0.5666666666666667,1.047284296155783,0.8495646487695165,0.509153159069692,1.2672949460551002,Stoch bonus c=0.25,5
stochastic_exploration_bonus_c0.25,1665,30,2.9578086356583982e-06,2.250959082238831e-06,1.532974456209348e-06,3.571551338531222e-06,16.0,0.5333333333333333,1.4510171579337354,0.866906478502457,0.3772467551876912,1.5749752779048138,Stoch bonus c=0.25,5
stochastic_exploration_bonus_c0.25,1710,30,2.6365407090715724e-06,2.0613626292489465e-06,1.126075268765271e-06,3.5570373559840266e-06,17.0,0.5666666666666667,1.4660380532994455,0.8549744399615362,0.4854160515384068,2.002944440266256,Stoch bonus c=0.25,5
stochastic_exploration_bonus_c0.25,1755,30,3.044806105967683e-06,2.3422938538586628e-06,1.3199862534867181e-06,3.3190359577387506e-06,14.0,0.4666666666666667,1.937355116053577,1.0483719634231226,0.48384061386546434,1.745264399822876,Stoch bonus c=0.25,5
stochastic_exploration_bonus_c0.25,1798,30,0.0,0.0,0.0,0.0,0.0,0.0,,,,,Stoch bonus c=0.25,5
stochastic_normalized_fragility,45,30,4.994846867156099e-05,4.6291629793680336e-05,2.4054123116245277e-05,7.234026798339375e-05,0.0,0.0,1.0,1.0,1.0,1.0,Stoch proportional,6
stochastic_normalized_fragility,90,30,3.8420973028413134e-05,3.1079713684168734e-05,1.8432724096976622e-05,5.5381235896886935e-05,10.0,0.3333333333333333,2.137664588763319,1.8856708351836213,0.807543925855262,2.6049304216476363,Stoch proportional,6
stochastic_normalized_fragility,135,30,2.6330195847837473e-05,1.816413250851959e-05,1.2304610009887407e-05,3.292930029173133e-05,10.0,0.3333333333333333,2.487839211749614,1.4228232408801547,0.7935508221480665,2.5206761811699803,Stoch proportional,6
stochastic_normalized_fragility,180,30,2.3153466223167525e-05,1.8362000201180108e-05,7.205883802190598e-06,2.640543744224628e-05,10.0,0.3333333333333333,2.2846217573610508,1.247984657005214,0.8272077944432416,2.559810930195643,Stoch proportional,6
stochastic_normalized_fragility,225,30,1.4615421569536172e-05,9.414120577894239e-06,4.764176891960156e-06,1.9034499486177345e-05,14.0,0.4666666666666667,1.313703053361291,1.0264351665052591,0.6671737072614414,1.4655603032814086,Stoch proportional,6
stochastic_normalized_fragility,270,30,1.1066475068145457e-05,7.261263931754888e-06,3.888524487640995e-06,1.5922209208133105e-05,12.0,0.4,1.3268832356053806,1.2269576779280733,0.6759656458876532,1.638035491806662,Stoch proportional,6
stochastic_normalized_fragility,315,30,9.644853212768628e-06,7.5934106911797e-06,5.209453625555806e-06,1.3220016954089737e-05,12.0,0.4,1.4071139800070627,1.173512979366411,0.5766289429062713,1.6179297401006956,Stoch proportional,6
stochastic_normalized_fragility,360,30,9.105866401868708e-06,6.813699788378662e-06,4.940593004683583e-06,1.0000166211437689e-05,20.0,0.6666666666666666,1.1930869292856694,0.8472903525430687,0.6477445184333271,1.3952838387636506,Stoch proportional,6
stochastic_normalized_fragility,405,30,9.387314802013418e-06,6.769072673247083e-06,4.542943533120792e-06,1.3195893299259767e-05,14.0,0.4666666666666667,1.265686428711239,1.0692492893505576,0.6841454397563127,1.4284039623153493,Stoch proportional,6
stochastic_normalized_fragility,450,30,8.541747265174788e-06,6.1261953327090525e-06,3.995762217048636e-06,1.1424542796860103e-05,13.0,0.43333333333333335,1.3407774217140107,1.1427418795795963,0.8460036878661776,1.3691576648673283,Stoch proportional,6
stochastic_normalized_fragility,495,30,7.532154231414001e-06,6.499617148209711e-06,3.8066617410386268e-06,1.0466738290205268e-05,13.0,0.43333333333333335,1.3935496308420465,1.155437954291724,0.7771515808227341,1.6265021039972951,Stoch proportional,6
stochastic_normalized_fragility,540,30,7.298537504020688e-06,5.980062255043169e-06,4.254794343752143e-06,1.1275348567031463e-05,10.0,0.3333333333333333,1.6168964763911233,1.6119875695480697,0.9136253752689619,2.2072280945235763,Stoch proportional,6
stochastic_normalized_fragility,585,30,6.1767483216058275e-06,5.838193121576159e-06,3.455476792723384e-06,7.987655611605537e-06,11.0,0.36666666666666664,1.280246385203802,1.1351977520909502,0.8865682603802465,1.4870000662452962,Stoch proportional,6
stochastic_normalized_fragility,630,30,6.026097985566057e-06,5.056688530254004e-06,4.134222023090501e-06,7.825742509719542e-06,11.0,0.36666666666666664,1.2619292501789625,1.2277055798828522,0.7631806858678161,1.5601965375364673,Stoch proportional,6
stochastic_normalized_fragility,675,30,5.091110907941381e-06,3.882515495293857e-06,2.9741895250714716e-06,6.137477652993808e-06,17.0,0.5666666666666667,1.1080575873739167,0.9080530950195393,0.6559993829136044,1.2677610717826178,Stoch proportional,6
stochastic_normalized_fragility,720,30,5.337224396448304e-06,4.824314405335778e-06,2.8917404163229926e-06,7.016152956227784e-06,15.0,0.5,1.1759439246152354,0.9904750664423438,0.8003649080418351,1.5736768085755177,Stoch proportional,6
stochastic_normalized_fragility,765,30,4.645237714927941e-06,3.5659871190904515e-06,2.626552543604379e-06,5.741890437323623e-06,16.0,0.5333333333333333,1.326497686099663,0.9539954952403183,0.5834030060776603,1.6840716617204632,Stoch proportional,6
stochastic_normalized_fragility,810,30,5.827075015450785e-06,4.852776529836433e-06,3.558196533726767e-06,6.673630728849983e-06,9.0,0.3,1.8388954239228843,1.2960164396340934,0.8603074550574723,1.9246210651971063,Stoch proportional,6
stochastic_normalized_fragility,855,30,4.698474125207905e-06,4.727314630500161e-06,2.4361539762983347e-06,7.022001126698079e-06,16.0,0.5333333333333333,1.1456354367121142,0.9723157862521755,0.7682676930636687,1.480345986125607,Stoch proportional,6
stochastic_normalized_fragility,900,30,4.7037957650117445e-06,3.6501710499368037e-06,2.0601443314763298e-06,6.686183729120528e-06,16.0,0.5333333333333333,1.044916490376305,0.9288368660742065,0.5215578644024084,1.3069263263819453,Stoch proportional,6
stochastic_normalized_fragility,945,30,3.3951657241257195e-06,3.080613166788781e-06,1.5370789346407297e-06,5.190317370621114e-06,15.0,0.5,1.295497058277594,0.9678446219092784,0.5588734664520334,1.5586773833318157,Stoch proportional,6
stochastic_normalized_fragility,990,30,3.293187517350898e-06,3.251447147850893e-06,1.7597056412710845e-06,4.492173253313884e-06,19.0,0.6333333333333333,1.0898476693899006,0.7344213206058725,0.5638484949083306,1.3748485422298322,Stoch proportional,6
stochastic_normalized_fragility,1035,30,4.272272953541022e-06,2.609527115487457e-06,1.7848185599874508e-06,5.580221433039611e-06,15.0,0.5,1.0916500170705379,0.9511780590200656,0.5410597118244895,1.4522367928193995,Stoch proportional,6
stochastic_normalized_fragility,1080,30,3.3344302264315992e-06,2.716427705767743e-06,1.5738424263317746e-06,4.530747188321758e-06,16.0,0.5333333333333333,1.409655458453741,0.885376455279981,0.5809348708055697,1.5717471608525924,Stoch proportional,6
stochastic_normalized_fragility,1125,30,3.8101871070676287e-06,2.9282179738692507e-06,2.122843186734838e-06,4.980399393752769e-06,17.0,0.5666666666666667,1.5337530493873133,0.8424419529781564,0.6050713042582302,1.326616233845392,Stoch proportional,6
stochastic_normalized_fragility,1170,30,3.912372023439519e-06,2.768766523060426e-06,1.8310152785399717e-06,4.670899780358995e-06,13.0,0.43333333333333335,1.3767108693908028,1.0535287791775196,0.6609382841054932,1.6651334958388528,Stoch proportional,6
stochastic_normalized_fragility,1215,30,4.771423043328373e-06,3.3407686672144452e-06,1.6211713100986863e-06,6.095109549599324e-06,15.0,0.5,2.000014625857007,0.9570467431541787,0.5977195699325797,2.145775554403638,Stoch proportional,6
stochastic_normalized_fragility,1260,30,4.174643752918568e-06,2.555075888180041e-06,1.4296825578194156e-06,5.797373206077513e-06,13.0,0.43333333333333335,1.93334837168617,1.237312706506434,0.45087414259030467,1.9150526514471218,Stoch proportional,6
stochastic_normalized_fragility,1305,30,3.6735849017282582e-06,2.727705042477616e-06,1.7244455054630388e-06,3.676610713382493e-06,16.0,0.5333333333333333,1.620705973392867,0.9277220245082725,0.5581139091225403,2.1572535393667542,Stoch proportional,6
stochastic_normalized_fragility,1350,30,2.9919098737501496e-06,2.36531190891463e-06,1.457647470016849e-06,4.236619475624649e-06,14.0,0.4666666666666667,1.1998196650603374,1.0480559436565566,0.45497741581410334,1.661239523590909,Stoch proportional,6
stochastic_normalized_fragility,1395,30,3.1699632806956397e-06,2.3763039568689977e-06,1.8663143400818172e-06,4.468210825115168e-06,19.0,0.6333333333333333,1.202387496095735,0.7339117542001525,0.40450008703890916,1.8101539565207538,Stoch proportional,6
stochastic_normalized_fragility,1440,30,3.4177873549211888e-06,2.912102020221693e-06,2.0460579629415575e-06,4.472113341274611e-06,12.0,0.4,1.5426921340065227,1.1767008615226233,0.6613253543533498,2.1416312402705295,Stoch proportional,6
stochastic_normalized_fragility,1485,30,3.2341532721579735e-06,2.6508764387476317e-06,1.4524361330613937e-06,4.450988419994901e-06,15.0,0.5,1.2377540029763705,1.0099259911354452,0.5939050954614207,1.5741934531107413,Stoch proportional,6
stochastic_normalized_fragility,1530,30,3.022358625806781e-06,2.3750619018006673e-06,1.7355463809034155e-06,3.548797245269788e-06,17.0,0.5666666666666667,1.2150803195989286,0.8453887786108241,0.40888018149148536,1.3561279513723004,Stoch proportional,6
stochastic_normalized_fragility,1575,30,3.2113492218413254e-06,2.4107607179601254e-06,1.5167639568904181e-06,3.5728595299336338e-06,14.0,0.4666666666666667,1.3127329162109695,1.0079912990079731,0.7402955841478257,1.5316105378756273,Stoch proportional,6
stochastic_normalized_fragility,1620,30,3.1776076376268784e-06,2.089189006490984e-06,1.2472488114768861e-06,3.4518718093269933e-06,17.0,0.5666666666666667,1.1046678554608016,0.8534072577115213,0.4738643836575105,1.6463617874750915,Stoch proportional,6
stochastic_normalized_fragility,1665,30,2.989737422113801e-06,2.2784280056139573e-06,1.4115144409779686e-06,4.018065174136481e-06,16.0,0.5333333333333333,1.2232680621384955,0.88235362436696,0.5116678156534218,1.6507917511951768,Stoch proportional,6
stochastic_normalized_fragility,1710,30,2.3731858878216607e-06,1.9060068335485328e-06,1.2427175379646244e-06,3.1687132299489423e-06,18.0,0.6,1.3344102923590324,0.9230498368041066,0.5544690691290396,1.215536126567569,Stoch proportional,6
stochastic_normalized_fragility,1755,30,2.3307359188269244e-06,1.8618426284392573e-06,1.175737409232052e-06,3.187896454181102e-06,15.0,0.5,1.2505442427481885,0.9785222445186232,0.5704695136762864,1.4869828200331014,Stoch proportional,6
stochastic_normalized_fragility,1798,30,0.0,0.0,0.0,0.0,0.0,0.0,,,,,Stoch proportional,6
