policy_name,baseline_policy,reveal_seed,n_budgets,policy_wins,policy_win_fraction,policy_auc,baseline_auc,policy_minus_baseline_auc
softmax_normalized_fragility_temp0.25,uniform_step_balanced,101,40,16,0.4,0.008831548500394103,0.0072585246865587635,0.0015730238138353392
softmax_normalized_fragility_temp0.25,uniform_step_balanced,202,40,10,0.25,0.0162546644354115,0.009725198389519404,0.006529466045892097
softmax_normalized_fragility_temp0.25,uniform_step_balanced,303,40,18,0.45,0.01240914287708363,0.009167683679002113,0.003241459198081517
softmax_normalized_fragility_temp0.25,uniform_step_balanced,404,40,15,0.375,0.011705518531513566,0.008905758217899767,0.0027997603136137982
softmax_normalized_fragility_temp0.25,uniform_step_balanced,505,40,10,0.25,0.02738744486084732,0.01986043025305692,0.0075270146077904
softmax_normalized_fragility_temp0.25,uniform_step_balanced,606,40,15,0.375,0.023233322701817744,0.00975122162312338,0.013482101078694363
softmax_normalized_fragility_temp0.25,uniform_step_balanced,707,40,14,0.35,0.013875022094217256,0.011934479562188054,0.001940542532029202
softmax_normalized_fragility_temp0.25,uniform_step_balanced,808,40,11,0.275,0.020836026629122886,0.008822605734030368,0.012013420895092518
softmax_normalized_fragility_temp0.25,uniform_step_balanced,909,40,22,0.55,0.012152862089511838,0.01317380157585426,-0.0010209394863424232
softmax_normalized_fragility_temp0.25,uniform_step_balanced,1010,40,17,0.425,0.013832119060111567,0.008861721009250959,0.004970398050860608
softmax_normalized_fragility_temp0.25,uniform_step_balanced,1111,40,14,0.35,0.010199360231834447,0.008153327534253412,0.0020460326975810343
softmax_normalized_fragility_temp0.25,uniform_step_balanced,1212,40,19,0.475,0.013454805384476262,0.012170175408716932,0.00128462997575933
softmax_normalized_fragility_temp0.25,uniform_step_balanced,1313,40,12,0.3,0.0392901361314701,0.02203571344991379,0.017254422681556313
softmax_normalized_fragility_temp0.25,uniform_step_balanced,1414,40,16,0.4,0.0193307256316098,0.01767052757319083,0.0016601980584189692
softmax_normalized_fragility_temp0.25,uniform_step_balanced,1515,40,20,0.5,0.011557499222753086,0.010691821308532284,0.000865677914220802
softmax_normalized_fragility_temp0.25,uniform_step_balanced,1616,40,17,0.425,0.013042568485451505,0.010540329070659347,0.002502239414792157
softmax_normalized_fragility_temp0.25,uniform_step_balanced,1717,40,15,0.375,0.011274765550902906,0.00691201190455868,0.004362753646344226
softmax_normalized_fragility_temp0.25,uniform_step_balanced,1818,40,16,0.4,0.014784641615377023,0.010894898835503635,0.003889742779873388
softmax_normalized_fragility_temp0.25,uniform_step_balanced,1919,40,7,0.175,0.032264459517454186,0.013937003274894614,0.018327456242559572
softmax_normalized_fragility_temp0.25,uniform_step_balanced,2020,40,19,0.475,0.007935131731915651,0.00804688140667155,-0.00011174967475589825
softmax_normalized_fragility_temp0.25,uniform_step_balanced,2121,40,12,0.3,0.02242293633747664,0.01560085882924854,0.006822077508228101
softmax_normalized_fragility_temp0.25,uniform_step_balanced,2222,40,15,0.375,0.011797261468706,0.006607220202321865,0.005190041266384135
softmax_normalized_fragility_temp0.25,uniform_step_balanced,2323,40,14,0.35,0.0133597437223431,0.00989988464243342,0.0034598590799096805
softmax_normalized_fragility_temp0.25,uniform_step_balanced,2424,40,6,0.15,0.028522271635745146,0.018722927713536796,0.00979934392220835
softmax_normalized_fragility_temp0.25,uniform_step_balanced,2525,40,13,0.325,0.011464883090631383,0.00701650290330034,0.004448380187331043
softmax_normalized_fragility_temp0.25,uniform_step_balanced,2626,40,8,0.2,0.01960434814779595,0.008736596031496619,0.010867752116299331
softmax_normalized_fragility_temp0.25,uniform_step_balanced,2727,40,16,0.4,0.014832828140867551,0.014102489738240045,0.0007303384026275065
softmax_normalized_fragility_temp0.25,uniform_step_balanced,2828,40,19,0.475,0.011309700072945078,0.0115669965384981,-0.0002572964655530221
softmax_normalized_fragility_temp0.25,uniform_step_balanced,2929,40,17,0.425,0.01845896012016331,0.018056342578459145,0.0004026175417041651
softmax_normalized_fragility_temp0.25,uniform_step_balanced,3030,40,13,0.325,0.022077584587877976,0.015620413024879149,0.0064571715629988275
softmax_normalized_fragility_temp0.5,uniform_step_balanced,101,40,15,0.375,0.009200775120749771,0.0072585246865587635,0.0019422504341910073
softmax_normalized_fragility_temp0.5,uniform_step_balanced,202,40,19,0.475,0.011857463310421014,0.009725198389519404,0.00213226492090161
softmax_normalized_fragility_temp0.5,uniform_step_balanced,303,40,18,0.45,0.009629401375814075,0.009167683679002113,0.0004617176968119627
softmax_normalized_fragility_temp0.5,uniform_step_balanced,404,40,16,0.4,0.010637977046378548,0.008905758217899767,0.001732218828478781
softmax_normalized_fragility_temp0.5,uniform_step_balanced,505,40,15,0.375,0.02822472390863572,0.01986043025305692,0.008364293655578798
softmax_normalized_fragility_temp0.5,uniform_step_balanced,606,40,26,0.65,0.010405444239186705,0.00975122162312338,0.0006542226160633248
softmax_normalized_fragility_temp0.5,uniform_step_balanced,707,40,18,0.45,0.014222170327940608,0.011934479562188054,0.0022876907657525536
softmax_normalized_fragility_temp0.5,uniform_step_balanced,808,40,17,0.425,0.01246178515195889,0.008822605734030368,0.003639179417928521
softmax_normalized_fragility_temp0.5,uniform_step_balanced,909,40,20,0.5,0.01526504237156812,0.01317380157585426,0.002091240795713859
softmax_normalized_fragility_temp0.5,uniform_step_balanced,1010,40,21,0.525,0.010324934627954571,0.008861721009250959,0.0014632136187036123
softmax_normalized_fragility_temp0.5,uniform_step_balanced,1111,40,22,0.55,0.007682100049726101,0.008153327534253412,-0.0004712274845273118
softmax_normalized_fragility_temp0.5,uniform_step_balanced,1212,40,17,0.425,0.012671085051240635,0.012170175408716932,0.0005009096425237034
softmax_normalized_fragility_temp0.5,uniform_step_balanced,1313,40,13,0.325,0.027058617173718123,0.02203571344991379,0.005022903723804335
softmax_normalized_fragility_temp0.5,uniform_step_balanced,1414,40,24,0.6,0.01527450405896921,0.01767052757319083,-0.0023960235142216207
softmax_normalized_fragility_temp0.5,uniform_step_balanced,1515,40,15,0.375,0.012186158703879428,0.010691821308532284,0.001494337395347144
softmax_normalized_fragility_temp0.5,uniform_step_balanced,1616,40,18,0.45,0.01226063012557403,0.010540329070659347,0.0017203010549146826
softmax_normalized_fragility_temp0.5,uniform_step_balanced,1717,40,21,0.525,0.007794530090500978,0.00691201190455868,0.0008825181859422986
softmax_normalized_fragility_temp0.5,uniform_step_balanced,1818,40,21,0.525,0.011559442688969848,0.010894898835503635,0.0006645438534662127
softmax_normalized_fragility_temp0.5,uniform_step_balanced,1919,40,12,0.3,0.021561609286585025,0.013937003274894614,0.007624606011690412
softmax_normalized_fragility_temp0.5,uniform_step_balanced,2020,40,19,0.475,0.007452652733528686,0.00804688140667155,-0.0005942286731428631
softmax_normalized_fragility_temp0.5,uniform_step_balanced,2121,40,16,0.4,0.020059120284069375,0.01560085882924854,0.004458261454820835
softmax_normalized_fragility_temp0.5,uniform_step_balanced,2222,40,17,0.425,0.009266587731259043,0.006607220202321865,0.002659367528937178
softmax_normalized_fragility_temp0.5,uniform_step_balanced,2323,40,20,0.5,0.009702198307986326,0.00989988464243342,-0.00019768633444709402
softmax_normalized_fragility_temp0.5,uniform_step_balanced,2424,40,14,0.35,0.01922665963959157,0.018722927713536796,0.0005037319260547748
softmax_normalized_fragility_temp0.5,uniform_step_balanced,2525,40,14,0.35,0.010511198727690844,0.00701650290330034,0.0034946958243905046
softmax_normalized_fragility_temp0.5,uniform_step_balanced,2626,40,9,0.225,0.017781735461477714,0.008736596031496619,0.009045139429981095
softmax_normalized_fragility_temp0.5,uniform_step_balanced,2727,40,20,0.5,0.012589255755038645,0.014102489738240045,-0.0015132339832013997
softmax_normalized_fragility_temp0.5,uniform_step_balanced,2828,40,16,0.4,0.016273521688383304,0.0115669965384981,0.0047065251498852045
softmax_normalized_fragility_temp0.5,uniform_step_balanced,2929,40,19,0.475,0.018736271028558755,0.018056342578459145,0.0006799284500996101
softmax_normalized_fragility_temp0.5,uniform_step_balanced,3030,40,11,0.275,0.02224040812997385,0.015620413024879149,0.006619995105094702
softmax_normalized_fragility_temp1.0,uniform_step_balanced,101,40,13,0.325,0.007785659339749262,0.0072585246865587635,0.0005271346531904985
softmax_normalized_fragility_temp1.0,uniform_step_balanced,202,40,13,0.325,0.012673534806335995,0.009725198389519404,0.002948336416816591
softmax_normalized_fragility_temp1.0,uniform_step_balanced,303,40,22,0.55,0.009290980265867995,0.009167683679002113,0.00012329658686588245
softmax_normalized_fragility_temp1.0,uniform_step_balanced,404,40,21,0.525,0.010269410055677615,0.008905758217899767,0.0013636518377778475
softmax_normalized_fragility_temp1.0,uniform_step_balanced,505,40,15,0.375,0.01844238371116769,0.01986043025305692,-0.0014180465418892306
softmax_normalized_fragility_temp1.0,uniform_step_balanced,606,40,21,0.525,0.014899510959133742,0.00975122162312338,0.005148289336010362
softmax_normalized_fragility_temp1.0,uniform_step_balanced,707,40,19,0.475,0.013080741248174323,0.011934479562188054,0.0011462616859862686
softmax_normalized_fragility_temp1.0,uniform_step_balanced,808,40,14,0.35,0.014328633993754331,0.008822605734030368,0.0055060282597239624
softmax_normalized_fragility_temp1.0,uniform_step_balanced,909,40,19,0.475,0.01261404813801913,0.01317380157585426,-0.0005597534378351306
softmax_normalized_fragility_temp1.0,uniform_step_balanced,1010,40,16,0.4,0.012945122406832066,0.008861721009250959,0.004083401397581107
softmax_normalized_fragility_temp1.0,uniform_step_balanced,1111,40,21,0.525,0.007265879192190072,0.008153327534253412,-0.0008874483420633402
softmax_normalized_fragility_temp1.0,uniform_step_balanced,1212,40,18,0.45,0.013324334820006802,0.012170175408716932,0.0011541594112898703
softmax_normalized_fragility_temp1.0,uniform_step_balanced,1313,40,18,0.45,0.023883610889136694,0.02203571344991379,0.0018478974392229057
softmax_normalized_fragility_temp1.0,uniform_step_balanced,1414,40,18,0.45,0.018825162233433085,0.01767052757319083,0.0011546346602422548
softmax_normalized_fragility_temp1.0,uniform_step_balanced,1515,40,17,0.425,0.01309493219093811,0.010691821308532284,0.0024031108824058255
softmax_normalized_fragility_temp1.0,uniform_step_balanced,1616,40,20,0.5,0.014904685201593193,0.010540329070659347,0.004364356130933845
softmax_normalized_fragility_temp1.0,uniform_step_balanced,1717,40,23,0.575,0.006425634210927053,0.00691201190455868,-0.0004863776936316266
softmax_normalized_fragility_temp1.0,uniform_step_balanced,1818,40,14,0.35,0.014322885804798728,0.010894898835503635,0.003427986969295093
softmax_normalized_fragility_temp1.0,uniform_step_balanced,1919,40,14,0.35,0.020240063699764065,0.013937003274894614,0.006303060424869451
softmax_normalized_fragility_temp1.0,uniform_step_balanced,2020,40,19,0.475,0.00893708002338117,0.00804688140667155,0.0008901986167096209
softmax_normalized_fragility_temp1.0,uniform_step_balanced,2121,40,17,0.425,0.017242212893793452,0.01560085882924854,0.0016413540645449122
softmax_normalized_fragility_temp1.0,uniform_step_balanced,2222,40,22,0.55,0.0067056933644645145,0.006607220202321865,9.847316214264996e-05
softmax_normalized_fragility_temp1.0,uniform_step_balanced,2323,40,20,0.5,0.009349654226844173,0.00989988464243342,-0.0005502304155892476
softmax_normalized_fragility_temp1.0,uniform_step_balanced,2424,40,20,0.5,0.019037550456029634,0.018722927713536796,0.00031462274249283856
softmax_normalized_fragility_temp1.0,uniform_step_balanced,2525,40,19,0.475,0.009364887943239376,0.00701650290330034,0.002348385039939036
softmax_normalized_fragility_temp1.0,uniform_step_balanced,2626,40,16,0.4,0.013735333423975291,0.008736596031496619,0.0049987373924786725
softmax_normalized_fragility_temp1.0,uniform_step_balanced,2727,40,17,0.425,0.014844208804353456,0.014102489738240045,0.0007417190661134117
softmax_normalized_fragility_temp1.0,uniform_step_balanced,2828,40,17,0.425,0.013420975402510773,0.0115669965384981,0.001853978864012673
softmax_normalized_fragility_temp1.0,uniform_step_balanced,2929,40,22,0.55,0.019325363278866293,0.018056342578459145,0.0012690207004071481
softmax_normalized_fragility_temp1.0,uniform_step_balanced,3030,40,20,0.5,0.01441693330065349,0.015620413024879149,-0.001203479724225659
softmax_normalized_fragility_temp2.0,uniform_step_balanced,101,40,23,0.575,0.007368781911809974,0.0072585246865587635,0.0001102572252512108
softmax_normalized_fragility_temp2.0,uniform_step_balanced,202,40,13,0.325,0.012174059974161471,0.009725198389519404,0.0024488615846420675
softmax_normalized_fragility_temp2.0,uniform_step_balanced,303,40,19,0.475,0.010592973252747596,0.009167683679002113,0.0014252895737454831
softmax_normalized_fragility_temp2.0,uniform_step_balanced,404,40,21,0.525,0.009484172895807176,0.008905758217899767,0.0005784146779074083
softmax_normalized_fragility_temp2.0,uniform_step_balanced,505,40,18,0.45,0.020885722579608048,0.01986043025305692,0.001025292326551127
softmax_normalized_fragility_temp2.0,uniform_step_balanced,606,40,21,0.525,0.01087907520676326,0.00975122162312338,0.0011278535836398793
softmax_normalized_fragility_temp2.0,uniform_step_balanced,707,40,17,0.425,0.01608797872028966,0.011934479562188054,0.004153499158101606
softmax_normalized_fragility_temp2.0,uniform_step_balanced,808,40,17,0.425,0.011890375391363388,0.008822605734030368,0.0030677696573330193
softmax_normalized_fragility_temp2.0,uniform_step_balanced,909,40,24,0.6,0.01268996511310261,0.01317380157585426,-0.0004838364627516509
softmax_normalized_fragility_temp2.0,uniform_step_balanced,1010,40,17,0.425,0.010325768401132931,0.008861721009250959,0.0014640473918819726
softmax_normalized_fragility_temp2.0,uniform_step_balanced,1111,40,21,0.525,0.007243953121206516,0.008153327534253412,-0.0009093744130468963
softmax_normalized_fragility_temp2.0,uniform_step_balanced,1212,40,11,0.275,0.015151166386639367,0.012170175408716932,0.002980990977922435
softmax_normalized_fragility_temp2.0,uniform_step_balanced,1313,40,19,0.475,0.022912473171199634,0.02203571344991379,0.0008767597212858448
softmax_normalized_fragility_temp2.0,uniform_step_balanced,1414,40,22,0.55,0.016027399525066394,0.01767052757319083,-0.0016431280481244356
softmax_normalized_fragility_temp2.0,uniform_step_balanced,1515,40,21,0.525,0.01154992746862995,0.010691821308532284,0.0008581061600976669
softmax_normalized_fragility_temp2.0,uniform_step_balanced,1616,40,22,0.55,0.013011839198189403,0.010540329070659347,0.0024715101275300556
softmax_normalized_fragility_temp2.0,uniform_step_balanced,1717,40,18,0.45,0.006357305363584991,0.00691201190455868,-0.0005547065409736889
softmax_normalized_fragility_temp2.0,uniform_step_balanced,1818,40,22,0.55,0.009952787574928694,0.010894898835503635,-0.0009421112605749408
softmax_normalized_fragility_temp2.0,uniform_step_balanced,1919,40,13,0.325,0.018154005127755987,0.013937003274894614,0.004217001852861373
softmax_normalized_fragility_temp2.0,uniform_step_balanced,2020,40,19,0.475,0.007621262895789656,0.00804688140667155,-0.0004256185108818932
softmax_normalized_fragility_temp2.0,uniform_step_balanced,2121,40,18,0.45,0.016831675468307227,0.01560085882924854,0.001230816639058687
softmax_normalized_fragility_temp2.0,uniform_step_balanced,2222,40,21,0.525,0.00678003381975641,0.006607220202321865,0.0001728136174345453
softmax_normalized_fragility_temp2.0,uniform_step_balanced,2323,40,21,0.525,0.010695903247741508,0.00989988464243342,0.0007960186053080874
softmax_normalized_fragility_temp2.0,uniform_step_balanced,2424,40,19,0.475,0.01766939079538628,0.018722927713536796,-0.0010535369181505147
softmax_normalized_fragility_temp2.0,uniform_step_balanced,2525,40,17,0.425,0.007710288626467656,0.00701650290330034,0.0006937857231673157
softmax_normalized_fragility_temp2.0,uniform_step_balanced,2626,40,14,0.35,0.01579589297839734,0.008736596031496619,0.007059296946900722
softmax_normalized_fragility_temp2.0,uniform_step_balanced,2727,40,18,0.45,0.013114813756437653,0.014102489738240045,-0.0009876759818023915
softmax_normalized_fragility_temp2.0,uniform_step_balanced,2828,40,22,0.55,0.012648290616630016,0.0115669965384981,0.0010812940781319159
softmax_normalized_fragility_temp2.0,uniform_step_balanced,2929,40,19,0.475,0.01987765650356701,0.018056342578459145,0.0018213139251078668
softmax_normalized_fragility_temp2.0,uniform_step_balanced,3030,40,19,0.475,0.014261078917021424,0.015620413024879149,-0.0013593341078577247
softmax_normalized_fragility_temp4.0,uniform_step_balanced,101,40,21,0.525,0.006726749747369029,0.0072585246865587635,-0.0005317749391897343
softmax_normalized_fragility_temp4.0,uniform_step_balanced,202,40,16,0.4,0.011860063645119559,0.009725198389519404,0.0021348652556001553
softmax_normalized_fragility_temp4.0,uniform_step_balanced,303,40,21,0.525,0.009295494712859377,0.009167683679002113,0.00012781103385726446
softmax_normalized_fragility_temp4.0,uniform_step_balanced,404,40,21,0.525,0.009545385948916012,0.008905758217899767,0.0006396277310162443
softmax_normalized_fragility_temp4.0,uniform_step_balanced,505,40,19,0.475,0.019534299273229437,0.01986043025305692,-0.0003261309798274839
softmax_normalized_fragility_temp4.0,uniform_step_balanced,606,40,14,0.35,0.012445733395999935,0.00975122162312338,0.0026945117728765546
softmax_normalized_fragility_temp4.0,uniform_step_balanced,707,40,19,0.475,0.014515159619473427,0.011934479562188054,0.0025806800572853728
softmax_normalized_fragility_temp4.0,uniform_step_balanced,808,40,18,0.45,0.01014148276680161,0.008822605734030368,0.0013188770327712419
softmax_normalized_fragility_temp4.0,uniform_step_balanced,909,40,20,0.5,0.012563828006526973,0.01317380157585426,-0.0006099735693272882
softmax_normalized_fragility_temp4.0,uniform_step_balanced,1010,40,17,0.425,0.009877006378400801,0.008861721009250959,0.001015285369149842
softmax_normalized_fragility_temp4.0,uniform_step_balanced,1111,40,18,0.45,0.007282250628070064,0.008153327534253412,-0.0008710769061833481
softmax_normalized_fragility_temp4.0,uniform_step_balanced,1212,40,20,0.5,0.011293017740706441,0.012170175408716932,-0.0008771576680104906
softmax_normalized_fragility_temp4.0,uniform_step_balanced,1313,40,18,0.45,0.02245913593102558,0.02203571344991379,0.00042342248111179245
softmax_normalized_fragility_temp4.0,uniform_step_balanced,1414,40,27,0.675,0.017098060829841194,0.01767052757319083,-0.000572466743349636
softmax_normalized_fragility_temp4.0,uniform_step_balanced,1515,40,16,0.4,0.011806681397338894,0.010691821308532284,0.0011148600888066101
softmax_normalized_fragility_temp4.0,uniform_step_balanced,1616,40,24,0.6,0.01233531571664686,0.010540329070659347,0.001794986645987512
softmax_normalized_fragility_temp4.0,uniform_step_balanced,1717,40,20,0.5,0.006291880826716116,0.00691201190455868,-0.0006201310778425635
softmax_normalized_fragility_temp4.0,uniform_step_balanced,1818,40,23,0.575,0.0098164217716485,0.010894898835503635,-0.0010784770638551343
softmax_normalized_fragility_temp4.0,uniform_step_balanced,1919,40,15,0.375,0.01938111170516899,0.013937003274894614,0.005444108430274375
softmax_normalized_fragility_temp4.0,uniform_step_balanced,2020,40,22,0.55,0.00618918940734779,0.00804688140667155,-0.001857691999323759
softmax_normalized_fragility_temp4.0,uniform_step_balanced,2121,40,17,0.425,0.017080209696663767,0.01560085882924854,0.0014793508674152273
softmax_normalized_fragility_temp4.0,uniform_step_balanced,2222,40,15,0.375,0.007575703603241798,0.006607220202321865,0.0009684834009199336
softmax_normalized_fragility_temp4.0,uniform_step_balanced,2323,40,22,0.55,0.01071335129580166,0.00989988464243342,0.0008134666533682403
softmax_normalized_fragility_temp4.0,uniform_step_balanced,2424,40,20,0.5,0.0175551590039561,0.018722927713536796,-0.0011677687095806959
softmax_normalized_fragility_temp4.0,uniform_step_balanced,2525,40,16,0.4,0.007434645659875675,0.00701650290330034,0.0004181427565753352
softmax_normalized_fragility_temp4.0,uniform_step_balanced,2626,40,9,0.225,0.015542730115547035,0.008736596031496619,0.006806134084050416
softmax_normalized_fragility_temp4.0,uniform_step_balanced,2727,40,23,0.575,0.013049373276129293,0.014102489738240045,-0.0010531164621107522
softmax_normalized_fragility_temp4.0,uniform_step_balanced,2828,40,21,0.525,0.012760172263003152,0.0115669965384981,0.0011931757245050526
softmax_normalized_fragility_temp4.0,uniform_step_balanced,2929,40,15,0.375,0.02104623211611822,0.018056342578459145,0.002989889537659076
softmax_normalized_fragility_temp4.0,uniform_step_balanced,3030,40,20,0.5,0.014320175377464594,0.015620413024879149,-0.0013002376474145552
stochastic_normalized_fragility,uniform_step_balanced,101,40,15,0.375,0.007313754971213709,0.0072585246865587635,5.523028465494531e-05
stochastic_normalized_fragility,uniform_step_balanced,202,40,16,0.4,0.012841302674869645,0.009725198389519404,0.0031161042853502414
stochastic_normalized_fragility,uniform_step_balanced,303,40,17,0.425,0.010725362454702217,0.009167683679002113,0.0015576787757001047
stochastic_normalized_fragility,uniform_step_balanced,404,40,21,0.525,0.009194486954707782,0.008905758217899767,0.00028872873680801416
stochastic_normalized_fragility,uniform_step_balanced,505,40,18,0.45,0.02048189903134279,0.01986043025305692,0.0006214687782858698
stochastic_normalized_fragility,uniform_step_balanced,606,40,22,0.55,0.009985751238676208,0.00975122162312338,0.00023452961555282814
stochastic_normalized_fragility,uniform_step_balanced,707,40,17,0.425,0.014207577799725075,0.011934479562188054,0.0022730982375370207
stochastic_normalized_fragility,uniform_step_balanced,808,40,22,0.55,0.011430677115673134,0.008822605734030368,0.002608071381642766
stochastic_normalized_fragility,uniform_step_balanced,909,40,22,0.55,0.010900560475102431,0.01317380157585426,-0.0022732411007518293
stochastic_normalized_fragility,uniform_step_balanced,1010,40,13,0.325,0.012888529258791031,0.008861721009250959,0.004026808249540072
stochastic_normalized_fragility,uniform_step_balanced,1111,40,18,0.45,0.007859649519311234,0.008153327534253412,-0.00029367801494217805
stochastic_normalized_fragility,uniform_step_balanced,1212,40,16,0.4,0.013782840030512177,0.012170175408716932,0.0016126646217952453
stochastic_normalized_fragility,uniform_step_balanced,1313,40,15,0.375,0.024565710752308536,0.02203571344991379,0.0025299973023947472
stochastic_normalized_fragility,uniform_step_balanced,1414,40,23,0.575,0.01659983905093491,0.01767052757319083,-0.0010706885222559193
stochastic_normalized_fragility,uniform_step_balanced,1515,40,21,0.525,0.01233536086078441,0.010691821308532284,0.0016435395522521271
stochastic_normalized_fragility,uniform_step_balanced,1616,40,21,0.525,0.012814629126158848,0.010540329070659347,0.0022743000554995008
stochastic_normalized_fragility,uniform_step_balanced,1717,40,17,0.425,0.00977263761218003,0.00691201190455868,0.00286062570762135
stochastic_normalized_fragility,uniform_step_balanced,1818,40,20,0.5,0.012805161844328752,0.010894898835503635,0.0019102630088251166
stochastic_normalized_fragility,uniform_step_balanced,1919,40,14,0.35,0.019924280156001065,0.013937003274894614,0.005987276881106451
stochastic_normalized_fragility,uniform_step_balanced,2020,40,14,0.35,0.014109832495311466,0.00804688140667155,0.006062951088639917
stochastic_normalized_fragility,uniform_step_balanced,2121,40,20,0.5,0.01811574825747208,0.01560085882924854,0.0025148894282235393
stochastic_normalized_fragility,uniform_step_balanced,2222,40,21,0.525,0.00630112835296589,0.006607220202321865,-0.00030609184935597496
stochastic_normalized_fragility,uniform_step_balanced,2323,40,21,0.525,0.010154017164804926,0.00989988464243342,0.0002541325223715061
stochastic_normalized_fragility,uniform_step_balanced,2424,40,19,0.475,0.017078258063852058,0.018722927713536796,-0.001644669649684738
stochastic_normalized_fragility,uniform_step_balanced,2525,40,16,0.4,0.008746700657031922,0.00701650290330034,0.0017301977537315816
stochastic_normalized_fragility,uniform_step_balanced,2626,40,10,0.25,0.015275080092897787,0.008736596031496619,0.006538484061401168
stochastic_normalized_fragility,uniform_step_balanced,2727,40,18,0.45,0.013032198228725825,0.014102489738240045,-0.00107029150951422
stochastic_normalized_fragility,uniform_step_balanced,2828,40,22,0.55,0.013301083154858756,0.0115669965384981,0.0017340866163606562
stochastic_normalized_fragility,uniform_step_balanced,2929,40,17,0.425,0.019130719627088448,0.018056342578459145,0.0010743770486293033
stochastic_normalized_fragility,uniform_step_balanced,3030,40,19,0.475,0.01538493118162948,0.015620413024879149,-0.00023548184324966893
uniform_positive_fragility,uniform_step_balanced,101,40,19,0.475,0.006804372500185853,0.0072585246865587635,-0.00045415218637291036
uniform_positive_fragility,uniform_step_balanced,202,40,12,0.3,0.011879822371691972,0.009725198389519404,0.0021546239821725686
uniform_positive_fragility,uniform_step_balanced,303,40,21,0.525,0.009582092046915796,0.009167683679002113,0.0004144083679136837
uniform_positive_fragility,uniform_step_balanced,404,40,20,0.5,0.008695329068607094,0.008905758217899767,-0.00021042914929267353
uniform_positive_fragility,uniform_step_balanced,505,40,19,0.475,0.019475942970421968,0.01986043025305692,-0.00038448728263495296
uniform_positive_fragility,uniform_step_balanced,606,40,21,0.525,0.011527900151902491,0.00975122162312338,0.001776678528779111
uniform_positive_fragility,uniform_step_balanced,707,40,24,0.6,0.010585679390679116,0.011934479562188054,-0.001348800171508938
uniform_positive_fragility,uniform_step_balanced,808,40,20,0.5,0.013758482995994208,0.008822605734030368,0.0049358772619638395
uniform_positive_fragility,uniform_step_balanced,909,40,20,0.5,0.011671937495299522,0.01317380157585426,-0.0015018640805547386
uniform_positive_fragility,uniform_step_balanced,1010,40,23,0.575,0.010673056664805992,0.008861721009250959,0.0018113356555550329
uniform_positive_fragility,uniform_step_balanced,1111,40,20,0.5,0.009829510893875796,0.008153327534253412,0.0016761833596223834
uniform_positive_fragility,uniform_step_balanced,1212,40,18,0.45,0.014121387106129106,0.012170175408716932,0.0019512116974121745
uniform_positive_fragility,uniform_step_balanced,1313,40,15,0.375,0.021677271166750865,0.02203571344991379,-0.00035844228316292415
uniform_positive_fragility,uniform_step_balanced,1414,40,26,0.65,0.01761906715367818,0.01767052757319083,-5.146041951265001e-05
uniform_positive_fragility,uniform_step_balanced,1515,40,23,0.575,0.010416105652996463,0.010691821308532284,-0.0002757156555358211
uniform_positive_fragility,uniform_step_balanced,1616,40,24,0.6,0.010712531601283144,0.010540329070659347,0.0001722025306237964
uniform_positive_fragility,uniform_step_balanced,1717,40,18,0.45,0.00676210841204233,0.00691201190455868,-0.0001499034925163496
uniform_positive_fragility,uniform_step_balanced,1818,40,18,0.45,0.011418972443730233,0.010894898835503635,0.0005240736082265975
uniform_positive_fragility,uniform_step_balanced,1919,40,18,0.45,0.019597249330980376,0.013937003274894614,0.005660246056085762
uniform_positive_fragility,uniform_step_balanced,2020,40,20,0.5,0.007334242094699679,0.00804688140667155,-0.0007126393119718704
uniform_positive_fragility,uniform_step_balanced,2121,40,25,0.625,0.013937494964920112,0.01560085882924854,-0.0016633638643284276
uniform_positive_fragility,uniform_step_balanced,2222,40,14,0.35,0.014553298471044382,0.006607220202321865,0.007946078268722517
uniform_positive_fragility,uniform_step_balanced,2323,40,16,0.4,0.011311255554385747,0.00989988464243342,0.0014113709119523265
uniform_positive_fragility,uniform_step_balanced,2424,40,21,0.525,0.01984502112651325,0.018722927713536796,0.0011220934129764527
uniform_positive_fragility,uniform_step_balanced,2525,40,16,0.4,0.008223487048443449,0.00701650290330034,0.0012069841451431088
uniform_positive_fragility,uniform_step_balanced,2626,40,11,0.275,0.013759807836099482,0.008736596031496619,0.005023211804602863
uniform_positive_fragility,uniform_step_balanced,2727,40,24,0.6,0.01161159836346626,0.014102489738240045,-0.002490891374773785
uniform_positive_fragility,uniform_step_balanced,2828,40,15,0.375,0.01569345286714309,0.0115669965384981,0.00412645632864499
uniform_positive_fragility,uniform_step_balanced,2929,40,20,0.5,0.017018258681046627,0.018056342578459145,-0.001038083897412518
uniform_positive_fragility,uniform_step_balanced,3030,40,21,0.525,0.0202971871757375,0.015620413024879149,0.00467677415085835
