policy_name,base_policy_name,policy_kwargs,reveal_seed,decision_type,step_name,selected_count_after_initial_seed
stochastic_normalized_fragility,stochastic_normalized_loo_fragility,{},101,all,T1036 - Defense Evasion: Masquerading,195
stochastic_normalized_fragility,stochastic_normalized_loo_fragility,{},101,stochastic_fragility,T1036 - Defense Evasion: Masquerading,195
stochastic_normalized_fragility,stochastic_normalized_loo_fragility,{},101,all,T1498.001 - Impact: Direct Network Flood,195
stochastic_normalized_fragility,stochastic_normalized_loo_fragility,{},101,stochastic_fragility,T1498.001 - Impact: Direct Network Flood,195
stochastic_normalized_fragility,stochastic_normalized_loo_fragility,{},101,all,T1498.002 - Impact: Reflection/Amplification Attack,195
stochastic_normalized_fragility,stochastic_normalized_loo_fragility,{},101,stochastic_fragility,T1498.002 - Impact: Reflection/Amplification Attack,195
stochastic_normalized_fragility,stochastic_normalized_loo_fragility,{},101,all,T1571 - Defense Evasion: Non-Standard Port,195
stochastic_normalized_fragility,stochastic_normalized_loo_fragility,{},101,stochastic_fragility,T1571 - Defense Evasion: Non-Standard Port,195
stochastic_normalized_fragility,stochastic_normalized_loo_fragility,{},101,all,T1583.005 - Resource Development: Acquire Botnet,195
stochastic_normalized_fragility,stochastic_normalized_loo_fragility,{},101,stochastic_fragility,T1583.005 - Resource Development: Acquire Botnet,195
stochastic_normalized_fragility,stochastic_normalized_loo_fragility,{},101,all,T1584.005 - Resource Development: Build/Compromise Botnet,194
stochastic_normalized_fragility,stochastic_normalized_loo_fragility,{},101,stochastic_fragility,T1584.005 - Resource Development: Build/Compromise Botnet,194
stochastic_normalized_fragility,stochastic_normalized_loo_fragility,{},101,all,T1590 - Reconnaissance: Gather Victim Network Information,194
stochastic_normalized_fragility,stochastic_normalized_loo_fragility,{},101,stochastic_fragility,T1590 - Reconnaissance: Gather Victim Network Information,194
stochastic_normalized_fragility,stochastic_normalized_loo_fragility,{},101,all,T1595 - Reconnaissance: Active Scanning,195
stochastic_normalized_fragility,stochastic_normalized_loo_fragility,{},101,stochastic_fragility,T1595 - Reconnaissance: Active Scanning,195
stochastic_normalized_fragility,stochastic_normalized_loo_fragility,{},101,all,TA0011 - Command-and-Control,195
stochastic_normalized_fragility,stochastic_normalized_loo_fragility,{},101,stochastic_fragility,TA0011 - Command-and-Control,195
stochastic_normalized_fragility,stochastic_normalized_loo_fragility,{},202,all,T1036 - Defense Evasion: Masquerading,195
stochastic_normalized_fragility,stochastic_normalized_loo_fragility,{},202,stochastic_fragility,T1036 - Defense Evasion: Masquerading,195
stochastic_normalized_fragility,stochastic_normalized_loo_fragility,{},202,all,T1498.001 - Impact: Direct Network Flood,195
stochastic_normalized_fragility,stochastic_normalized_loo_fragility,{},202,stochastic_fragility,T1498.001 - Impact: Direct Network Flood,195
stochastic_normalized_fragility,stochastic_normalized_loo_fragility,{},202,all,T1498.002 - Impact: Reflection/Amplification Attack,195
stochastic_normalized_fragility,stochastic_normalized_loo_fragility,{},202,stochastic_fragility,T1498.002 - Impact: Reflection/Amplification Attack,195
stochastic_normalized_fragility,stochastic_normalized_loo_fragility,{},202,all,T1571 - Defense Evasion: Non-Standard Port,195
stochastic_normalized_fragility,stochastic_normalized_loo_fragility,{},202,stochastic_fragility,T1571 - Defense Evasion: Non-Standard Port,195
stochastic_normalized_fragility,stochastic_normalized_loo_fragility,{},202,all,T1583.005 - Resource Development: Acquire Botnet,195
stochastic_normalized_fragility,stochastic_normalized_loo_fragility,{},202,stochastic_fragility,T1583.005 - Resource Development: Acquire Botnet,195
stochastic_normalized_fragility,stochastic_normalized_loo_fragility,{},202,all,T1584.005 - Resource Development: Build/Compromise Botnet,194
stochastic_normalized_fragility,stochastic_normalized_loo_fragility,{},202,stochastic_fragility,T1584.005 - Resource Development: Build/Compromise Botnet,194
stochastic_normalized_fragility,stochastic_normalized_loo_fragility,{},202,all,T1590 - Reconnaissance: Gather Victim Network Information,194
stochastic_normalized_fragility,stochastic_normalized_loo_fragility,{},202,stochastic_fragility,T1590 - Reconnaissance: Gather Victim Network Information,194
stochastic_normalized_fragility,stochastic_normalized_loo_fragility,{},202,all,T1595 - Reconnaissance: Active Scanning,195
stochastic_normalized_fragility,stochastic_normalized_loo_fragility,{},202,stochastic_fragility,T1595 - Reconnaissance: Active Scanning,195
stochastic_normalized_fragility,stochastic_normalized_loo_fragility,{},202,all,TA0011 - Command-and-Control,195
stochastic_normalized_fragility,stochastic_normalized_loo_fragility,{},202,stochastic_fragility,TA0011 - Command-and-Control,195
stochastic_normalized_fragility,stochastic_normalized_loo_fragility,{},303,all,T1036 - Defense Evasion: Masquerading,195
stochastic_normalized_fragility,stochastic_normalized_loo_fragility,{},303,stochastic_fragility,T1036 - Defense Evasion: Masquerading,195
stochastic_normalized_fragility,stochastic_normalized_loo_fragility,{},303,all,T1498.001 - Impact: Direct Network Flood,195
stochastic_normalized_fragility,stochastic_normalized_loo_fragility,{},303,stochastic_fragility,T1498.001 - Impact: Direct Network Flood,195
stochastic_normalized_fragility,stochastic_normalized_loo_fragility,{},303,all,T1498.002 - Impact: Reflection/Amplification Attack,195
stochastic_normalized_fragility,stochastic_normalized_loo_fragility,{},303,stochastic_fragility,T1498.002 - Impact: Reflection/Amplification Attack,195
stochastic_normalized_fragility,stochastic_normalized_loo_fragility,{},303,all,T1571 - Defense Evasion: Non-Standard Port,195
stochastic_normalized_fragility,stochastic_normalized_loo_fragility,{},303,stochastic_fragility,T1571 - Defense Evasion: Non-Standard Port,195
stochastic_normalized_fragility,stochastic_normalized_loo_fragility,{},303,all,T1583.005 - Resource Development: Acquire Botnet,195
stochastic_normalized_fragility,stochastic_normalized_loo_fragility,{},303,stochastic_fragility,T1583.005 - Resource Development: Acquire Botnet,195
stochastic_normalized_fragility,stochastic_normalized_loo_fragility,{},303,all,T1584.005 - Resource Development: Build/Compromise Botnet,194
stochastic_normalized_fragility,stochastic_normalized_loo_fragility,{},303,stochastic_fragility,T1584.005 - Resource Development: Build/Compromise Botnet,194
stochastic_normalized_fragility,stochastic_normalized_loo_fragility,{},303,all,T1590 - Reconnaissance: Gather Victim Network Information,194
stochastic_normalized_fragility,stochastic_normalized_loo_fragility,{},303,stochastic_fragility,T1590 - Reconnaissance: Gather Victim Network Information,194
stochastic_normalized_fragility,stochastic_normalized_loo_fragility,{},303,all,T1595 - Reconnaissance: Active Scanning,195
stochastic_normalized_fragility,stochastic_normalized_loo_fragility,{},303,stochastic_fragility,T1595 - Reconnaissance: Active Scanning,195
stochastic_normalized_fragility,stochastic_normalized_loo_fragility,{},303,all,TA0011 - Command-and-Control,195
stochastic_normalized_fragility,stochastic_normalized_loo_fragility,{},303,stochastic_fragility,TA0011 - Command-and-Control,195
stochastic_normalized_fragility,stochastic_normalized_loo_fragility,{},404,all,T1036 - Defense Evasion: Masquerading,195
stochastic_normalized_fragility,stochastic_normalized_loo_fragility,{},404,stochastic_fragility,T1036 - Defense Evasion: Masquerading,195
stochastic_normalized_fragility,stochastic_normalized_loo_fragility,{},404,all,T1498.001 - Impact: Direct Network Flood,195
stochastic_normalized_fragility,stochastic_normalized_loo_fragility,{},404,stochastic_fragility,T1498.001 - Impact: Direct Network Flood,195
stochastic_normalized_fragility,stochastic_normalized_loo_fragility,{},404,all,T1498.002 - Impact: Reflection/Amplification Attack,195
stochastic_normalized_fragility,stochastic_normalized_loo_fragility,{},404,stochastic_fragility,T1498.002 - Impact: Reflection/Amplification Attack,195
stochastic_normalized_fragility,stochastic_normalized_loo_fragility,{},404,all,T1571 - Defense Evasion: Non-Standard Port,195
stochastic_normalized_fragility,stochastic_normalized_loo_fragility,{},404,stochastic_fragility,T1571 - Defense Evasion: Non-Standard Port,195
stochastic_normalized_fragility,stochastic_normalized_loo_fragility,{},404,all,T1583.005 - Resource Development: Acquire Botnet,195
stochastic_normalized_fragility,stochastic_normalized_loo_fragility,{},404,stochastic_fragility,T1583.005 - Resource Development: Acquire Botnet,195
stochastic_normalized_fragility,stochastic_normalized_loo_fragility,{},404,all,T1584.005 - Resource Development: Build/Compromise Botnet,194
stochastic_normalized_fragility,stochastic_normalized_loo_fragility,{},404,stochastic_fragility,T1584.005 - Resource Development: Build/Compromise Botnet,194
stochastic_normalized_fragility,stochastic_normalized_loo_fragility,{},404,all,T1590 - Reconnaissance: Gather Victim Network Information,194
stochastic_normalized_fragility,stochastic_normalized_loo_fragility,{},404,stochastic_fragility,T1590 - Reconnaissance: Gather Victim Network Information,194
stochastic_normalized_fragility,stochastic_normalized_loo_fragility,{},404,all,T1595 - Reconnaissance: Active Scanning,195
stochastic_normalized_fragility,stochastic_normalized_loo_fragility,{},404,stochastic_fragility,T1595 - Reconnaissance: Active Scanning,195
stochastic_normalized_fragility,stochastic_normalized_loo_fragility,{},404,all,TA0011 - Command-and-Control,195
stochastic_normalized_fragility,stochastic_normalized_loo_fragility,{},404,stochastic_fragility,TA0011 - Command-and-Control,195
stochastic_normalized_fragility,stochastic_normalized_loo_fragility,{},505,all,T1036 - Defense Evasion: Masquerading,195
stochastic_normalized_fragility,stochastic_normalized_loo_fragility,{},505,stochastic_fragility,T1036 - Defense Evasion: Masquerading,195
stochastic_normalized_fragility,stochastic_normalized_loo_fragility,{},505,all,T1498.001 - Impact: Direct Network Flood,195
stochastic_normalized_fragility,stochastic_normalized_loo_fragility,{},505,stochastic_fragility,T1498.001 - Impact: Direct Network Flood,195
stochastic_normalized_fragility,stochastic_normalized_loo_fragility,{},505,all,T1498.002 - Impact: Reflection/Amplification Attack,195
stochastic_normalized_fragility,stochastic_normalized_loo_fragility,{},505,stochastic_fragility,T1498.002 - Impact: Reflection/Amplification Attack,195
stochastic_normalized_fragility,stochastic_normalized_loo_fragility,{},505,all,T1571 - Defense Evasion: Non-Standard Port,195
stochastic_normalized_fragility,stochastic_normalized_loo_fragility,{},505,stochastic_fragility,T1571 - Defense Evasion: Non-Standard Port,195
stochastic_normalized_fragility,stochastic_normalized_loo_fragility,{},505,all,T1583.005 - Resource Development: Acquire Botnet,195
stochastic_normalized_fragility,stochastic_normalized_loo_fragility,{},505,stochastic_fragility,T1583.005 - Resource Development: Acquire Botnet,195
stochastic_normalized_fragility,stochastic_normalized_loo_fragility,{},505,all,T1584.005 - Resource Development: Build/Compromise Botnet,194
stochastic_normalized_fragility,stochastic_normalized_loo_fragility,{},505,stochastic_fragility,T1584.005 - Resource Development: Build/Compromise Botnet,194
stochastic_normalized_fragility,stochastic_normalized_loo_fragility,{},505,all,T1590 - Reconnaissance: Gather Victim Network Information,194
stochastic_normalized_fragility,stochastic_normalized_loo_fragility,{},505,stochastic_fragility,T1590 - Reconnaissance: Gather Victim Network Information,194
stochastic_normalized_fragility,stochastic_normalized_loo_fragility,{},505,all,T1595 - Reconnaissance: Active Scanning,195
stochastic_normalized_fragility,stochastic_normalized_loo_fragility,{},505,stochastic_fragility,T1595 - Reconnaissance: Active Scanning,195
stochastic_normalized_fragility,stochastic_normalized_loo_fragility,{},505,all,TA0011 - Command-and-Control,195
stochastic_normalized_fragility,stochastic_normalized_loo_fragility,{},505,stochastic_fragility,TA0011 - Command-and-Control,195
stochastic_normalized_fragility,stochastic_normalized_loo_fragility,{},606,all,T1036 - Defense Evasion: Masquerading,195
stochastic_normalized_fragility,stochastic_normalized_loo_fragility,{},606,stochastic_fragility,T1036 - Defense Evasion: Masquerading,195
stochastic_normalized_fragility,stochastic_normalized_loo_fragility,{},606,all,T1498.001 - Impact: Direct Network Flood,195
stochastic_normalized_fragility,stochastic_normalized_loo_fragility,{},606,stochastic_fragility,T1498.001 - Impact: Direct Network Flood,195
stochastic_normalized_fragility,stochastic_normalized_loo_fragility,{},606,all,T1498.002 - Impact: Reflection/Amplification Attack,195
stochastic_normalized_fragility,stochastic_normalized_loo_fragility,{},606,stochastic_fragility,T1498.002 - Impact: Reflection/Amplification Attack,195
stochastic_normalized_fragility,stochastic_normalized_loo_fragility,{},606,all,T1571 - Defense Evasion: Non-Standard Port,195
stochastic_normalized_fragility,stochastic_normalized_loo_fragility,{},606,stochastic_fragility,T1571 - Defense Evasion: Non-Standard Port,195
stochastic_normalized_fragility,stochastic_normalized_loo_fragility,{},606,all,T1583.005 - Resource Development: Acquire Botnet,195
stochastic_normalized_fragility,stochastic_normalized_loo_fragility,{},606,stochastic_fragility,T1583.005 - Resource Development: Acquire Botnet,195
stochastic_normalized_fragility,stochastic_normalized_loo_fragility,{},606,all,T1584.005 - Resource Development: Build/Compromise Botnet,194
stochastic_normalized_fragility,stochastic_normalized_loo_fragility,{},606,stochastic_fragility,T1584.005 - Resource Development: Build/Compromise Botnet,194
stochastic_normalized_fragility,stochastic_normalized_loo_fragility,{},606,all,T1590 - Reconnaissance: Gather Victim Network Information,194
stochastic_normalized_fragility,stochastic_normalized_loo_fragility,{},606,stochastic_fragility,T1590 - Reconnaissance: Gather Victim Network Information,194
stochastic_normalized_fragility,stochastic_normalized_loo_fragility,{},606,all,T1595 - Reconnaissance: Active Scanning,195
stochastic_normalized_fragility,stochastic_normalized_loo_fragility,{},606,stochastic_fragility,T1595 - Reconnaissance: Active Scanning,195
stochastic_normalized_fragility,stochastic_normalized_loo_fragility,{},606,all,TA0011 - Command-and-Control,195
stochastic_normalized_fragility,stochastic_normalized_loo_fragility,{},606,stochastic_fragility,TA0011 - Command-and-Control,195
stochastic_normalized_fragility,stochastic_normalized_loo_fragility,{},707,all,T1036 - Defense Evasion: Masquerading,195
stochastic_normalized_fragility,stochastic_normalized_loo_fragility,{},707,stochastic_fragility,T1036 - Defense Evasion: Masquerading,195
stochastic_normalized_fragility,stochastic_normalized_loo_fragility,{},707,all,T1498.001 - Impact: Direct Network Flood,195
stochastic_normalized_fragility,stochastic_normalized_loo_fragility,{},707,stochastic_fragility,T1498.001 - Impact: Direct Network Flood,195
stochastic_normalized_fragility,stochastic_normalized_loo_fragility,{},707,all,T1498.002 - Impact: Reflection/Amplification Attack,195
stochastic_normalized_fragility,stochastic_normalized_loo_fragility,{},707,stochastic_fragility,T1498.002 - Impact: Reflection/Amplification Attack,195
stochastic_normalized_fragility,stochastic_normalized_loo_fragility,{},707,all,T1571 - Defense Evasion: Non-Standard Port,195
stochastic_normalized_fragility,stochastic_normalized_loo_fragility,{},707,stochastic_fragility,T1571 - Defense Evasion: Non-Standard Port,195
stochastic_normalized_fragility,stochastic_normalized_loo_fragility,{},707,all,T1583.005 - Resource Development: Acquire Botnet,195
stochastic_normalized_fragility,stochastic_normalized_loo_fragility,{},707,stochastic_fragility,T1583.005 - Resource Development: Acquire Botnet,195
stochastic_normalized_fragility,stochastic_normalized_loo_fragility,{},707,all,T1584.005 - Resource Development: Build/Compromise Botnet,194
stochastic_normalized_fragility,stochastic_normalized_loo_fragility,{},707,stochastic_fragility,T1584.005 - Resource Development: Build/Compromise Botnet,194
stochastic_normalized_fragility,stochastic_normalized_loo_fragility,{},707,all,T1590 - Reconnaissance: Gather Victim Network Information,194
stochastic_normalized_fragility,stochastic_normalized_loo_fragility,{},707,stochastic_fragility,T1590 - Reconnaissance: Gather Victim Network Information,194
stochastic_normalized_fragility,stochastic_normalized_loo_fragility,{},707,all,T1595 - Reconnaissance: Active Scanning,195
stochastic_normalized_fragility,stochastic_normalized_loo_fragility,{},707,stochastic_fragility,T1595 - Reconnaissance: Active Scanning,195
stochastic_normalized_fragility,stochastic_normalized_loo_fragility,{},707,all,TA0011 - Command-and-Control,195
stochastic_normalized_fragility,stochastic_normalized_loo_fragility,{},707,stochastic_fragility,TA0011 - Command-and-Control,195
stochastic_normalized_fragility,stochastic_normalized_loo_fragility,{},808,all,T1036 - Defense Evasion: Masquerading,195
stochastic_normalized_fragility,stochastic_normalized_loo_fragility,{},808,stochastic_fragility,T1036 - Defense Evasion: Masquerading,195
stochastic_normalized_fragility,stochastic_normalized_loo_fragility,{},808,all,T1498.001 - Impact: Direct Network Flood,195
stochastic_normalized_fragility,stochastic_normalized_loo_fragility,{},808,stochastic_fragility,T1498.001 - Impact: Direct Network Flood,195
stochastic_normalized_fragility,stochastic_normalized_loo_fragility,{},808,all,T1498.002 - Impact: Reflection/Amplification Attack,195
stochastic_normalized_fragility,stochastic_normalized_loo_fragility,{},808,stochastic_fragility,T1498.002 - Impact: Reflection/Amplification Attack,195
stochastic_normalized_fragility,stochastic_normalized_loo_fragility,{},808,all,T1571 - Defense Evasion: Non-Standard Port,195
stochastic_normalized_fragility,stochastic_normalized_loo_fragility,{},808,stochastic_fragility,T1571 - Defense Evasion: Non-Standard Port,195
stochastic_normalized_fragility,stochastic_normalized_loo_fragility,{},808,all,T1583.005 - Resource Development: Acquire Botnet,195
stochastic_normalized_fragility,stochastic_normalized_loo_fragility,{},808,stochastic_fragility,T1583.005 - Resource Development: Acquire Botnet,195
stochastic_normalized_fragility,stochastic_normalized_loo_fragility,{},808,all,T1584.005 - Resource Development: Build/Compromise Botnet,194
stochastic_normalized_fragility,stochastic_normalized_loo_fragility,{},808,stochastic_fragility,T1584.005 - Resource Development: Build/Compromise Botnet,194
stochastic_normalized_fragility,stochastic_normalized_loo_fragility,{},808,all,T1590 - Reconnaissance: Gather Victim Network Information,194
stochastic_normalized_fragility,stochastic_normalized_loo_fragility,{},808,stochastic_fragility,T1590 - Reconnaissance: Gather Victim Network Information,194
stochastic_normalized_fragility,stochastic_normalized_loo_fragility,{},808,all,T1595 - Reconnaissance: Active Scanning,195
stochastic_normalized_fragility,stochastic_normalized_loo_fragility,{},808,stochastic_fragility,T1595 - Reconnaissance: Active Scanning,195
stochastic_normalized_fragility,stochastic_normalized_loo_fragility,{},808,all,TA0011 - Command-and-Control,195
stochastic_normalized_fragility,stochastic_normalized_loo_fragility,{},808,stochastic_fragility,TA0011 - Command-and-Control,195
stochastic_normalized_fragility,stochastic_normalized_loo_fragility,{},909,all,T1036 - Defense Evasion: Masquerading,195
stochastic_normalized_fragility,stochastic_normalized_loo_fragility,{},909,stochastic_fragility,T1036 - Defense Evasion: Masquerading,195
stochastic_normalized_fragility,stochastic_normalized_loo_fragility,{},909,all,T1498.001 - Impact: Direct Network Flood,195
stochastic_normalized_fragility,stochastic_normalized_loo_fragility,{},909,stochastic_fragility,T1498.001 - Impact: Direct Network Flood,195
stochastic_normalized_fragility,stochastic_normalized_loo_fragility,{},909,all,T1498.002 - Impact: Reflection/Amplification Attack,195
stochastic_normalized_fragility,stochastic_normalized_loo_fragility,{},909,stochastic_fragility,T1498.002 - Impact: Reflection/Amplification Attack,195
stochastic_normalized_fragility,stochastic_normalized_loo_fragility,{},909,all,T1571 - Defense Evasion: Non-Standard Port,195
stochastic_normalized_fragility,stochastic_normalized_loo_fragility,{},909,stochastic_fragility,T1571 - Defense Evasion: Non-Standard Port,195
stochastic_normalized_fragility,stochastic_normalized_loo_fragility,{},909,all,T1583.005 - Resource Development: Acquire Botnet,195
stochastic_normalized_fragility,stochastic_normalized_loo_fragility,{},909,stochastic_fragility,T1583.005 - Resource Development: Acquire Botnet,195
stochastic_normalized_fragility,stochastic_normalized_loo_fragility,{},909,all,T1584.005 - Resource Development: Build/Compromise Botnet,194
stochastic_normalized_fragility,stochastic_normalized_loo_fragility,{},909,stochastic_fragility,T1584.005 - Resource Development: Build/Compromise Botnet,194
stochastic_normalized_fragility,stochastic_normalized_loo_fragility,{},909,all,T1590 - Reconnaissance: Gather Victim Network Information,194
stochastic_normalized_fragility,stochastic_normalized_loo_fragility,{},909,stochastic_fragility,T1590 - Reconnaissance: Gather Victim Network Information,194
stochastic_normalized_fragility,stochastic_normalized_loo_fragility,{},909,all,T1595 - Reconnaissance: Active Scanning,195
stochastic_normalized_fragility,stochastic_normalized_loo_fragility,{},909,stochastic_fragility,T1595 - Reconnaissance: Active Scanning,195
stochastic_normalized_fragility,stochastic_normalized_loo_fragility,{},909,all,TA0011 - Command-and-Control,195
stochastic_normalized_fragility,stochastic_normalized_loo_fragility,{},909,stochastic_fragility,TA0011 - Command-and-Control,195
stochastic_normalized_fragility,stochastic_normalized_loo_fragility,{},1010,all,T1036 - Defense Evasion: Masquerading,195
stochastic_normalized_fragility,stochastic_normalized_loo_fragility,{},1010,stochastic_fragility,T1036 - Defense Evasion: Masquerading,195
stochastic_normalized_fragility,stochastic_normalized_loo_fragility,{},1010,all,T1498.001 - Impact: Direct Network Flood,195
stochastic_normalized_fragility,stochastic_normalized_loo_fragility,{},1010,stochastic_fragility,T1498.001 - Impact: Direct Network Flood,195
stochastic_normalized_fragility,stochastic_normalized_loo_fragility,{},1010,all,T1498.002 - Impact: Reflection/Amplification Attack,195
stochastic_normalized_fragility,stochastic_normalized_loo_fragility,{},1010,stochastic_fragility,T1498.002 - Impact: Reflection/Amplification Attack,195
stochastic_normalized_fragility,stochastic_normalized_loo_fragility,{},1010,all,T1571 - Defense Evasion: Non-Standard Port,195
stochastic_normalized_fragility,stochastic_normalized_loo_fragility,{},1010,stochastic_fragility,T1571 - Defense Evasion: Non-Standard Port,195
stochastic_normalized_fragility,stochastic_normalized_loo_fragility,{},1010,all,T1583.005 - Resource Development: Acquire Botnet,195
stochastic_normalized_fragility,stochastic_normalized_loo_fragility,{},1010,stochastic_fragility,T1583.005 - Resource Development: Acquire Botnet,195
stochastic_normalized_fragility,stochastic_normalized_loo_fragility,{},1010,all,T1584.005 - Resource Development: Build/Compromise Botnet,194
stochastic_normalized_fragility,stochastic_normalized_loo_fragility,{},1010,stochastic_fragility,T1584.005 - Resource Development: Build/Compromise Botnet,194
stochastic_normalized_fragility,stochastic_normalized_loo_fragility,{},1010,all,T1590 - Reconnaissance: Gather Victim Network Information,194
stochastic_normalized_fragility,stochastic_normalized_loo_fragility,{},1010,stochastic_fragility,T1590 - Reconnaissance: Gather Victim Network Information,194
stochastic_normalized_fragility,stochastic_normalized_loo_fragility,{},1010,all,T1595 - Reconnaissance: Active Scanning,195
stochastic_normalized_fragility,stochastic_normalized_loo_fragility,{},1010,stochastic_fragility,T1595 - Reconnaissance: Active Scanning,195
stochastic_normalized_fragility,stochastic_normalized_loo_fragility,{},1010,all,TA0011 - Command-and-Control,195
stochastic_normalized_fragility,stochastic_normalized_loo_fragility,{},1010,stochastic_fragility,TA0011 - Command-and-Control,195
