policy_name,base_policy_name,policy_kwargs,reveal_seed,budget,additional_rows_beyond_initial_seed,squared_wasserstein2_to_full_reference,p_success_mean,p_success_p05,p_success_p50,p_success_p95,min_revealed_rows_per_step,max_revealed_rows_per_step,max_min_revealed_rows_per_step_ratio,step_count_std,step_count_l1_from_perfect_balance,revealed_rows_by_step,sample_seed,decision_count
uniform_step_balanced,uniform_step_balanced,{},101,45,0,3.912812991994051e-06,0.22476634871052084,0.10246225212199522,0.22060004065277244,0.3600068710922945,5,5,1.0,0.0,0.0,"{""T1036 - Defense Evasion: Masquerading"": 5, ""T1498.001 - Impact: Direct Network Flood"": 5, ""T1498.002 - Impact: Reflection/Amplification Attack"": 5, ""T1571 - Defense Evasion: Non-Standard Port"": 5, ""T1583.005 - Resource Development: Acquire Botnet"": 5, ""T1584.005 - Resource Development: Build/Compromise Botnet"": 5, ""T1590 - Reconnaissance: Gather Victim Network Information"": 5, ""T1595 - Reconnaissance: Active Scanning"": 5, ""TA0011 - Command-and-Control"": 5}",2018045,0
uniform_step_balanced,uniform_step_balanced,{},101,90,45,4.1108917086020235e-06,0.2252801570820653,0.1030003081371552,0.21984561761922067,0.36385277220136164,10,10,1.0,0.0,0.0,"{""T1036 - Defense Evasion: Masquerading"": 10, ""T1498.001 - Impact: Direct Network Flood"": 10, ""T1498.002 - Impact: Reflection/Amplification Attack"": 10, ""T1571 - Defense Evasion: Non-Standard Port"": 10, ""T1583.005 - Resource Development: Acquire Botnet"": 10, ""T1584.005 - Resource Development: Build/Compromise Botnet"": 10, ""T1590 - Reconnaissance: Gather Victim Network Information"": 10, ""T1595 - Reconnaissance: Active Scanning"": 10, ""TA0011 - Command-and-Control"": 10}",2018090,45
uniform_step_balanced,uniform_step_balanced,{},101,180,135,6.333847635248736e-06,0.22530817783718568,0.10017559867603788,0.22064099910292775,0.3623146317533978,20,20,1.0,0.0,0.0,"{""T1036 - Defense Evasion: Masquerading"": 20, ""T1498.001 - Impact: Direct Network Flood"": 20, ""T1498.002 - Impact: Reflection/Amplification Attack"": 20, ""T1571 - Defense Evasion: Non-Standard Port"": 20, ""T1583.005 - Resource Development: Acquire Botnet"": 20, ""T1584.005 - Resource Development: Build/Compromise Botnet"": 20, ""T1590 - Reconnaissance: Gather Victim Network Information"": 20, ""T1595 - Reconnaissance: Active Scanning"": 20, ""TA0011 - Command-and-Control"": 20}",2018180,135
uniform_step_balanced,uniform_step_balanced,{},101,360,315,4.6234701779544244e-06,0.22618483917116863,0.10259456572880604,0.22144653223376787,0.36331029496992184,40,40,1.0,0.0,0.0,"{""T1036 - Defense Evasion: Masquerading"": 40, ""T1498.001 - Impact: Direct Network Flood"": 40, ""T1498.002 - Impact: Reflection/Amplification Attack"": 40, ""T1571 - Defense Evasion: Non-Standard Port"": 40, ""T1583.005 - Resource Development: Acquire Botnet"": 40, ""T1584.005 - Resource Development: Build/Compromise Botnet"": 40, ""T1590 - Reconnaissance: Gather Victim Network Information"": 40, ""T1595 - Reconnaissance: Active Scanning"": 40, ""TA0011 - Command-and-Control"": 40}",2018360,315
uniform_step_balanced,uniform_step_balanced,{},101,720,675,1.4278469613406005e-06,0.22527897731688953,0.1024725868963397,0.2203236515044345,0.36082493216357625,80,80,1.0,0.0,0.0,"{""T1036 - Defense Evasion: Masquerading"": 80, ""T1498.001 - Impact: Direct Network Flood"": 80, ""T1498.002 - Impact: Reflection/Amplification Attack"": 80, ""T1571 - Defense Evasion: Non-Standard Port"": 80, ""T1583.005 - Resource Development: Acquire Botnet"": 80, ""T1584.005 - Resource Development: Build/Compromise Botnet"": 80, ""T1590 - Reconnaissance: Gather Victim Network Information"": 80, ""T1595 - Reconnaissance: Active Scanning"": 80, ""TA0011 - Command-and-Control"": 80}",2018720,675
uniform_step_balanced,uniform_step_balanced,{},101,1200,1155,4.318871120098723e-06,0.2234995652652523,0.10038315561560923,0.219071874160939,0.35789738182155073,133,134,1.0075187969924813,0.4714045207910317,0.0,"{""T1036 - Defense Evasion: Masquerading"": 133, ""T1498.001 - Impact: Direct Network Flood"": 133, ""T1498.002 - Impact: Reflection/Amplification Attack"": 134, ""T1571 - Defense Evasion: Non-Standard Port"": 133, ""T1583.005 - Resource Development: Acquire Botnet"": 133, ""T1584.005 - Resource Development: Build/Compromise Botnet"": 134, ""T1590 - Reconnaissance: Gather Victim Network Information"": 133, ""T1595 - Reconnaissance: Active Scanning"": 133, ""TA0011 - Command-and-Control"": 134}",2019200,1155
uniform_step_balanced,uniform_step_balanced,{},101,1798,1753,0.0,0.22470484448919714,0.10282013170083151,0.21987138712593557,0.3602157968474639,199,200,1.0050251256281406,0.41573970964154905,0.0,"{""T1036 - Defense Evasion: Masquerading"": 200, ""T1498.001 - Impact: Direct Network Flood"": 200, ""T1498.002 - Impact: Reflection/Amplification Attack"": 200, ""T1571 - Defense Evasion: Non-Standard Port"": 200, ""T1583.005 - Resource Development: Acquire Botnet"": 200, ""T1584.005 - Resource Development: Build/Compromise Botnet"": 199, ""T1590 - Reconnaissance: Gather Victim Network Information"": 199, ""T1595 - Reconnaissance: Active Scanning"": 200, ""TA0011 - Command-and-Control"": 200}",2019798,1753
stochastic_normalized_fragility,stochastic_normalized_loo_fragility,{},101,45,0,3.912812991994051e-06,0.22476634871052084,0.10246225212199522,0.22060004065277244,0.3600068710922945,5,5,1.0,0.0,0.0,"{""T1036 - Defense Evasion: Masquerading"": 5, ""T1498.001 - Impact: Direct Network Flood"": 5, ""T1498.002 - Impact: Reflection/Amplification Attack"": 5, ""T1571 - Defense Evasion: Non-Standard Port"": 5, ""T1583.005 - Resource Development: Acquire Botnet"": 5, ""T1584.005 - Resource Development: Build/Compromise Botnet"": 5, ""T1590 - Reconnaissance: Gather Victim Network Information"": 5, ""T1595 - Reconnaissance: Active Scanning"": 5, ""TA0011 - Command-and-Control"": 5}",2018045,0
stochastic_normalized_fragility,stochastic_normalized_loo_fragility,{},101,90,45,4.161543398494031e-06,0.22375309998487977,0.10338920058551644,0.21884530095580704,0.35975475095102794,5,13,2.6,2.581988897471611,20.0,"{""T1036 - Defense Evasion: Masquerading"": 9, ""T1498.001 - Impact: Direct Network Flood"": 5, ""T1498.002 - Impact: Reflection/Amplification Attack"": 12, ""T1571 - Defense Evasion: Non-Standard Port"": 11, ""T1583.005 - Resource Development: Acquire Botnet"": 13, ""T1584.005 - Resource Development: Build/Compromise Botnet"": 9, ""T1590 - Reconnaissance: Gather Victim Network Information"": 7, ""T1595 - Reconnaissance: Active Scanning"": 11, ""TA0011 - Command-and-Control"": 13}",2018090,45
stochastic_normalized_fragility,stochastic_normalized_loo_fragility,{},101,180,135,1.168918008837763e-05,0.22624687115792808,0.10071585111647595,0.22089510055695688,0.3668386059639848,15,25,1.6666666666666667,3.5901098714230026,30.0,"{""T1036 - Defense Evasion: Masquerading"": 21, ""T1498.001 - Impact: Direct Network Flood"": 15, ""T1498.002 - Impact: Reflection/Amplification Attack"": 18, ""T1571 - Defense Evasion: Non-Standard Port"": 25, ""T1583.005 - Resource Development: Acquire Botnet"": 22, ""T1584.005 - Resource Development: Build/Compromise Botnet"": 23, ""T1590 - Reconnaissance: Gather Victim Network Information"": 16, ""T1595 - Reconnaissance: Active Scanning"": 16, ""TA0011 - Command-and-Control"": 24}",2018180,135
stochastic_normalized_fragility,stochastic_normalized_loo_fragility,{},101,360,315,3.7905798415259585e-06,0.2244363765095743,0.10280537406405829,0.21978554211360904,0.3580636178929097,29,49,1.6896551724137931,6.863753427324667,54.0,"{""T1036 - Defense Evasion: Masquerading"": 49, ""T1498.001 - Impact: Direct Network Flood"": 29, ""T1498.002 - Impact: Reflection/Amplification Attack"": 43, ""T1571 - Defense Evasion: Non-Standard Port"": 45, ""T1583.005 - Resource Development: Acquire Botnet"": 43, ""T1584.005 - Resource Development: Build/Compromise Botnet"": 33, ""T1590 - Reconnaissance: Gather Victim Network Information"": 40, ""T1595 - Reconnaissance: Active Scanning"": 31, ""TA0011 - Command-and-Control"": 47}",2018360,315
stochastic_normalized_fragility,stochastic_normalized_loo_fragility,{},101,720,675,1.608168777413781e-06,0.2257372447760572,0.10551761014975262,0.22062152836262847,0.361803088094739,62,99,1.596774193548387,12.701705922171767,98.0,"{""T1036 - Defense Evasion: Masquerading"": 99, ""T1498.001 - Impact: Direct Network Flood"": 64, ""T1498.002 - Impact: Reflection/Amplification Attack"": 83, ""T1571 - Defense Evasion: Non-Standard Port"": 76, ""T1583.005 - Resource Development: Acquire Botnet"": 93, ""T1584.005 - Resource Development: Build/Compromise Botnet"": 69, ""T1590 - Reconnaissance: Gather Victim Network Information"": 80, ""T1595 - Reconnaissance: Active Scanning"": 62, ""TA0011 - Command-and-Control"": 94}",2018720,675
stochastic_normalized_fragility,stochastic_normalized_loo_fragility,{},101,1200,1155,3.265460311428015e-06,0.22423465604990891,0.10159376329421078,0.21951024186870666,0.359933140654716,109,158,1.4495412844036697,15.398412616601464,118.0,"{""T1036 - Defense Evasion: Masquerading"": 158, ""T1498.001 - Impact: Direct Network Flood"": 126, ""T1498.002 - Impact: Reflection/Amplification Attack"": 137, ""T1571 - Defense Evasion: Non-Standard Port"": 123, ""T1583.005 - Resource Development: Acquire Botnet"": 152, ""T1584.005 - Resource Development: Build/Compromise Botnet"": 109, ""T1590 - Reconnaissance: Gather Victim Network Information"": 129, ""T1595 - Reconnaissance: Active Scanning"": 119, ""TA0011 - Command-and-Control"": 147}",2019200,1155
stochastic_normalized_fragility,stochastic_normalized_loo_fragility,{},101,1798,1753,0.0,0.22470484448919714,0.10282013170083151,0.21987138712593557,0.3602157968474639,199,200,1.0050251256281406,0.41573970964154905,0.0,"{""T1036 - Defense Evasion: Masquerading"": 200, ""T1498.001 - Impact: Direct Network Flood"": 200, ""T1498.002 - Impact: Reflection/Amplification Attack"": 200, ""T1571 - Defense Evasion: Non-Standard Port"": 200, ""T1583.005 - Resource Development: Acquire Botnet"": 200, ""T1584.005 - Resource Development: Build/Compromise Botnet"": 199, ""T1590 - Reconnaissance: Gather Victim Network Information"": 199, ""T1595 - Reconnaissance: Active Scanning"": 200, ""TA0011 - Command-and-Control"": 200}",2019798,1753
uniform_step_balanced,uniform_step_balanced,{},202,45,0,2.361828347314425e-05,0.22262040217385273,0.1079688442544984,0.21836814489835626,0.3493972375173301,5,5,1.0,0.0,0.0,"{""T1036 - Defense Evasion: Masquerading"": 5, ""T1498.001 - Impact: Direct Network Flood"": 5, ""T1498.002 - Impact: Reflection/Amplification Attack"": 5, ""T1571 - Defense Evasion: Non-Standard Port"": 5, ""T1583.005 - Resource Development: Acquire Botnet"": 5, ""T1584.005 - Resource Development: Build/Compromise Botnet"": 5, ""T1590 - Reconnaissance: Gather Victim Network Information"": 5, ""T1595 - Reconnaissance: Active Scanning"": 5, ""TA0011 - Command-and-Control"": 5}",3028045,0
uniform_step_balanced,uniform_step_balanced,{},202,90,45,2.4160102406734272e-05,0.2283725837914285,0.11495028756149589,0.22187888330328281,0.3629685779404841,10,10,1.0,0.0,0.0,"{""T1036 - Defense Evasion: Masquerading"": 10, ""T1498.001 - Impact: Direct Network Flood"": 10, ""T1498.002 - Impact: Reflection/Amplification Attack"": 10, ""T1571 - Defense Evasion: Non-Standard Port"": 10, ""T1583.005 - Resource Development: Acquire Botnet"": 10, ""T1584.005 - Resource Development: Build/Compromise Botnet"": 10, ""T1590 - Reconnaissance: Gather Victim Network Information"": 10, ""T1595 - Reconnaissance: Active Scanning"": 10, ""TA0011 - Command-and-Control"": 10}",3028090,45
uniform_step_balanced,uniform_step_balanced,{},202,180,135,1.0565559472077152e-05,0.2265825994258744,0.11248142871619744,0.22029700895989773,0.3631337648280963,20,20,1.0,0.0,0.0,"{""T1036 - Defense Evasion: Masquerading"": 20, ""T1498.001 - Impact: Direct Network Flood"": 20, ""T1498.002 - Impact: Reflection/Amplification Attack"": 20, ""T1571 - Defense Evasion: Non-Standard Port"": 20, ""T1583.005 - Resource Development: Acquire Botnet"": 20, ""T1584.005 - Resource Development: Build/Compromise Botnet"": 20, ""T1590 - Reconnaissance: Gather Victim Network Information"": 20, ""T1595 - Reconnaissance: Active Scanning"": 20, ""TA0011 - Command-and-Control"": 20}",3028180,135
uniform_step_balanced,uniform_step_balanced,{},202,360,315,2.968381204316551e-06,0.2253378362061171,0.10556580617950638,0.22008354685848863,0.3593781832232536,40,40,1.0,0.0,0.0,"{""T1036 - Defense Evasion: Masquerading"": 40, ""T1498.001 - Impact: Direct Network Flood"": 40, ""T1498.002 - Impact: Reflection/Amplification Attack"": 40, ""T1571 - Defense Evasion: Non-Standard Port"": 40, ""T1583.005 - Resource Development: Acquire Botnet"": 40, ""T1584.005 - Resource Development: Build/Compromise Botnet"": 40, ""T1590 - Reconnaissance: Gather Victim Network Information"": 40, ""T1595 - Reconnaissance: Active Scanning"": 40, ""TA0011 - Command-and-Control"": 40}",3028360,315
uniform_step_balanced,uniform_step_balanced,{},202,720,675,7.425411143035425e-06,0.22620968098636876,0.10580898378978423,0.22127824505754612,0.3614192024767913,80,80,1.0,0.0,0.0,"{""T1036 - Defense Evasion: Masquerading"": 80, ""T1498.001 - Impact: Direct Network Flood"": 80, ""T1498.002 - Impact: Reflection/Amplification Attack"": 80, ""T1571 - Defense Evasion: Non-Standard Port"": 80, ""T1583.005 - Resource Development: Acquire Botnet"": 80, ""T1584.005 - Resource Development: Build/Compromise Botnet"": 80, ""T1590 - Reconnaissance: Gather Victim Network Information"": 80, ""T1595 - Reconnaissance: Active Scanning"": 80, ""TA0011 - Command-and-Control"": 80}",3028720,675
uniform_step_balanced,uniform_step_balanced,{},202,1200,1155,9.519297172429744e-06,0.22426675036909874,0.10237291083673158,0.2198067673820832,0.35881611984368245,133,134,1.0075187969924813,0.4714045207910317,0.0,"{""T1036 - Defense Evasion: Masquerading"": 133, ""T1498.001 - Impact: Direct Network Flood"": 134, ""T1498.002 - Impact: Reflection/Amplification Attack"": 133, ""T1571 - Defense Evasion: Non-Standard Port"": 134, ""T1583.005 - Resource Development: Acquire Botnet"": 133, ""T1584.005 - Resource Development: Build/Compromise Botnet"": 134, ""T1590 - Reconnaissance: Gather Victim Network Information"": 133, ""T1595 - Reconnaissance: Active Scanning"": 133, ""TA0011 - Command-and-Control"": 133}",3029200,1155
uniform_step_balanced,uniform_step_balanced,{},202,1798,1753,0.0,0.22470484448919714,0.10282013170083151,0.21987138712593557,0.3602157968474639,199,200,1.0050251256281406,0.41573970964154905,0.0,"{""T1036 - Defense Evasion: Masquerading"": 200, ""T1498.001 - Impact: Direct Network Flood"": 200, ""T1498.002 - Impact: Reflection/Amplification Attack"": 200, ""T1571 - Defense Evasion: Non-Standard Port"": 200, ""T1583.005 - Resource Development: Acquire Botnet"": 200, ""T1584.005 - Resource Development: Build/Compromise Botnet"": 199, ""T1590 - Reconnaissance: Gather Victim Network Information"": 199, ""T1595 - Reconnaissance: Active Scanning"": 200, ""TA0011 - Command-and-Control"": 200}",3029798,1753
stochastic_normalized_fragility,stochastic_normalized_loo_fragility,{},202,45,0,2.361828347314425e-05,0.22262040217385273,0.1079688442544984,0.21836814489835626,0.3493972375173301,5,5,1.0,0.0,0.0,"{""T1036 - Defense Evasion: Masquerading"": 5, ""T1498.001 - Impact: Direct Network Flood"": 5, ""T1498.002 - Impact: Reflection/Amplification Attack"": 5, ""T1571 - Defense Evasion: Non-Standard Port"": 5, ""T1583.005 - Resource Development: Acquire Botnet"": 5, ""T1584.005 - Resource Development: Build/Compromise Botnet"": 5, ""T1590 - Reconnaissance: Gather Victim Network Information"": 5, ""T1595 - Reconnaissance: Active Scanning"": 5, ""TA0011 - Command-and-Control"": 5}",3028045,0
stochastic_normalized_fragility,stochastic_normalized_loo_fragility,{},202,90,45,1.4799325319826253e-05,0.22718701921185205,0.1120951200107855,0.22098323835365047,0.363494735647042,7,12,1.7142857142857142,1.7638342073763937,12.0,"{""T1036 - Defense Evasion: Masquerading"": 12, ""T1498.001 - Impact: Direct Network Flood"": 7, ""T1498.002 - Impact: Reflection/Amplification Attack"": 11, ""T1571 - Defense Evasion: Non-Standard Port"": 10, ""T1583.005 - Resource Development: Acquire Botnet"": 12, ""T1584.005 - Resource Development: Build/Compromise Botnet"": 11, ""T1590 - Reconnaissance: Gather Victim Network Information"": 10, ""T1595 - Reconnaissance: Active Scanning"": 7, ""TA0011 - Command-and-Control"": 10}",3028090,45
stochastic_normalized_fragility,stochastic_normalized_loo_fragility,{},202,180,135,1.1859875281357125e-05,0.2252163919298962,0.1115247480982989,0.21939112848864184,0.3574670424971998,16,30,1.875,4.242640687119285,28.0,"{""T1036 - Defense Evasion: Masquerading"": 17, ""T1498.001 - Impact: Direct Network Flood"": 24, ""T1498.002 - Impact: Reflection/Amplification Attack"": 20, ""T1571 - Defense Evasion: Non-Standard Port"": 16, ""T1583.005 - Resource Development: Acquire Botnet"": 30, ""T1584.005 - Resource Development: Build/Compromise Botnet"": 20, ""T1590 - Reconnaissance: Gather Victim Network Information"": 19, ""T1595 - Reconnaissance: Active Scanning"": 16, ""TA0011 - Command-and-Control"": 18}",3028180,135
stochastic_normalized_fragility,stochastic_normalized_loo_fragility,{},202,360,315,1.3251253019159288e-05,0.2279997162823954,0.11055248015862533,0.22218463509569253,0.36158089605009236,29,54,1.8620689655172413,6.782329983125268,50.0,"{""T1036 - Defense Evasion: Masquerading"": 35, ""T1498.001 - Impact: Direct Network Flood"": 45, ""T1498.002 - Impact: Reflection/Amplification Attack"": 37, ""T1571 - Defense Evasion: Non-Standard Port"": 29, ""T1583.005 - Resource Development: Acquire Botnet"": 54, ""T1584.005 - Resource Development: Build/Compromise Botnet"": 43, ""T1590 - Reconnaissance: Gather Victim Network Information"": 38, ""T1595 - Reconnaissance: Active Scanning"": 36, ""TA0011 - Command-and-Control"": 43}",3028360,315
stochastic_normalized_fragility,stochastic_normalized_loo_fragility,{},202,720,675,4.738616496478527e-06,0.22639075685477428,0.10736623002893551,0.2207758675058829,0.3610821897497869,65,92,1.4153846153846155,8.0,58.0,"{""T1036 - Defense Evasion: Masquerading"": 79, ""T1498.001 - Impact: Direct Network Flood"": 87, ""T1498.002 - Impact: Reflection/Amplification Attack"": 78, ""T1571 - Defense Evasion: Non-Standard Port"": 65, ""T1583.005 - Resource Development: Acquire Botnet"": 92, ""T1584.005 - Resource Development: Build/Compromise Botnet"": 88, ""T1590 - Reconnaissance: Gather Victim Network Information"": 82, ""T1595 - Reconnaissance: Active Scanning"": 71, ""TA0011 - Command-and-Control"": 78}",3028720,675
stochastic_normalized_fragility,stochastic_normalized_loo_fragility,{},202,1200,1155,1.5898587387373563e-05,0.22454795260452087,0.10572719018498285,0.21970825443007205,0.35858529109207143,111,164,1.4774774774774775,14.959203781544584,92.0,"{""T1036 - Defense Evasion: Masquerading"": 134, ""T1498.001 - Impact: Direct Network Flood"": 135, ""T1498.002 - Impact: Reflection/Amplification Attack"": 135, ""T1571 - Defense Evasion: Non-Standard Port"": 113, ""T1583.005 - Resource Development: Acquire Botnet"": 164, ""T1584.005 - Resource Development: Build/Compromise Botnet"": 145, ""T1590 - Reconnaissance: Gather Victim Network Information"": 134, ""T1595 - Reconnaissance: Active Scanning"": 111, ""TA0011 - Command-and-Control"": 129}",3029200,1155
stochastic_normalized_fragility,stochastic_normalized_loo_fragility,{},202,1798,1753,0.0,0.22470484448919714,0.10282013170083151,0.21987138712593557,0.3602157968474639,199,200,1.0050251256281406,0.41573970964154905,0.0,"{""T1036 - Defense Evasion: Masquerading"": 200, ""T1498.001 - Impact: Direct Network Flood"": 200, ""T1498.002 - Impact: Reflection/Amplification Attack"": 200, ""T1571 - Defense Evasion: Non-Standard Port"": 200, ""T1583.005 - Resource Development: Acquire Botnet"": 200, ""T1584.005 - Resource Development: Build/Compromise Botnet"": 199, ""T1590 - Reconnaissance: Gather Victim Network Information"": 199, ""T1595 - Reconnaissance: Active Scanning"": 200, ""TA0011 - Command-and-Control"": 200}",3029798,1753
uniform_step_balanced,uniform_step_balanced,{},303,45,0,3.4534796817123485e-05,0.22700229933473165,0.09749372545757935,0.22151568975597724,0.37060437495439974,5,5,1.0,0.0,0.0,"{""T1036 - Defense Evasion: Masquerading"": 5, ""T1498.001 - Impact: Direct Network Flood"": 5, ""T1498.002 - Impact: Reflection/Amplification Attack"": 5, ""T1571 - Defense Evasion: Non-Standard Port"": 5, ""T1583.005 - Resource Development: Acquire Botnet"": 5, ""T1584.005 - Resource Development: Build/Compromise Botnet"": 5, ""T1590 - Reconnaissance: Gather Victim Network Information"": 5, ""T1595 - Reconnaissance: Active Scanning"": 5, ""TA0011 - Command-and-Control"": 5}",4038045,0
uniform_step_balanced,uniform_step_balanced,{},303,90,45,5.77471568692702e-06,0.22336740640871086,0.10098712580992823,0.21834605949453417,0.36249528090716215,10,10,1.0,0.0,0.0,"{""T1036 - Defense Evasion: Masquerading"": 10, ""T1498.001 - Impact: Direct Network Flood"": 10, ""T1498.002 - Impact: Reflection/Amplification Attack"": 10, ""T1571 - Defense Evasion: Non-Standard Port"": 10, ""T1583.005 - Resource Development: Acquire Botnet"": 10, ""T1584.005 - Resource Development: Build/Compromise Botnet"": 10, ""T1590 - Reconnaissance: Gather Victim Network Information"": 10, ""T1595 - Reconnaissance: Active Scanning"": 10, ""TA0011 - Command-and-Control"": 10}",4038090,45
uniform_step_balanced,uniform_step_balanced,{},303,180,135,1.594311687543048e-05,0.22804953970892744,0.1022133426691818,0.22371007522070013,0.3649064241832174,20,20,1.0,0.0,0.0,"{""T1036 - Defense Evasion: Masquerading"": 20, ""T1498.001 - Impact: Direct Network Flood"": 20, ""T1498.002 - Impact: Reflection/Amplification Attack"": 20, ""T1571 - Defense Evasion: Non-Standard Port"": 20, ""T1583.005 - Resource Development: Acquire Botnet"": 20, ""T1584.005 - Resource Development: Build/Compromise Botnet"": 20, ""T1590 - Reconnaissance: Gather Victim Network Information"": 20, ""T1595 - Reconnaissance: Active Scanning"": 20, ""TA0011 - Command-and-Control"": 20}",4038180,135
uniform_step_balanced,uniform_step_balanced,{},303,360,315,3.855806607827436e-06,0.22604288468500963,0.1010863926638369,0.22213351364168005,0.36174859682659016,40,40,1.0,0.0,0.0,"{""T1036 - Defense Evasion: Masquerading"": 40, ""T1498.001 - Impact: Direct Network Flood"": 40, ""T1498.002 - Impact: Reflection/Amplification Attack"": 40, ""T1571 - Defense Evasion: Non-Standard Port"": 40, ""T1583.005 - Resource Development: Acquire Botnet"": 40, ""T1584.005 - Resource Development: Build/Compromise Botnet"": 40, ""T1590 - Reconnaissance: Gather Victim Network Information"": 40, ""T1595 - Reconnaissance: Active Scanning"": 40, ""TA0011 - Command-and-Control"": 40}",4038360,315
uniform_step_balanced,uniform_step_balanced,{},303,720,675,3.856034750968391e-06,0.22615505954867104,0.10335835639946753,0.22189025937073828,0.3623398589472401,80,80,1.0,0.0,0.0,"{""T1036 - Defense Evasion: Masquerading"": 80, ""T1498.001 - Impact: Direct Network Flood"": 80, ""T1498.002 - Impact: Reflection/Amplification Attack"": 80, ""T1571 - Defense Evasion: Non-Standard Port"": 80, ""T1583.005 - Resource Development: Acquire Botnet"": 80, ""T1584.005 - Resource Development: Build/Compromise Botnet"": 80, ""T1590 - Reconnaissance: Gather Victim Network Information"": 80, ""T1595 - Reconnaissance: Active Scanning"": 80, ""TA0011 - Command-and-Control"": 80}",4038720,675
uniform_step_balanced,uniform_step_balanced,{},303,1200,1155,5.751304601422713e-06,0.2258524526671716,0.10551882032375867,0.22136766974995536,0.35904984407136187,133,134,1.0075187969924813,0.4714045207910317,0.0,"{""T1036 - Defense Evasion: Masquerading"": 134, ""T1498.001 - Impact: Direct Network Flood"": 133, ""T1498.002 - Impact: Reflection/Amplification Attack"": 133, ""T1571 - Defense Evasion: Non-Standard Port"": 133, ""T1583.005 - Resource Development: Acquire Botnet"": 133, ""T1584.005 - Resource Development: Build/Compromise Botnet"": 133, ""T1590 - Reconnaissance: Gather Victim Network Information"": 134, ""T1595 - Reconnaissance: Active Scanning"": 134, ""TA0011 - Command-and-Control"": 133}",4039200,1155
uniform_step_balanced,uniform_step_balanced,{},303,1798,1753,0.0,0.22470484448919714,0.10282013170083151,0.21987138712593557,0.3602157968474639,199,200,1.0050251256281406,0.41573970964154905,0.0,"{""T1036 - Defense Evasion: Masquerading"": 200, ""T1498.001 - Impact: Direct Network Flood"": 200, ""T1498.002 - Impact: Reflection/Amplification Attack"": 200, ""T1571 - Defense Evasion: Non-Standard Port"": 200, ""T1583.005 - Resource Development: Acquire Botnet"": 200, ""T1584.005 - Resource Development: Build/Compromise Botnet"": 199, ""T1590 - Reconnaissance: Gather Victim Network Information"": 199, ""T1595 - Reconnaissance: Active Scanning"": 200, ""TA0011 - Command-and-Control"": 200}",4039798,1753
stochastic_normalized_fragility,stochastic_normalized_loo_fragility,{},303,45,0,3.4534796817123485e-05,0.22700229933473165,0.09749372545757935,0.22151568975597724,0.37060437495439974,5,5,1.0,0.0,0.0,"{""T1036 - Defense Evasion: Masquerading"": 5, ""T1498.001 - Impact: Direct Network Flood"": 5, ""T1498.002 - Impact: Reflection/Amplification Attack"": 5, ""T1571 - Defense Evasion: Non-Standard Port"": 5, ""T1583.005 - Resource Development: Acquire Botnet"": 5, ""T1584.005 - Resource Development: Build/Compromise Botnet"": 5, ""T1590 - Reconnaissance: Gather Victim Network Information"": 5, ""T1595 - Reconnaissance: Active Scanning"": 5, ""TA0011 - Command-and-Control"": 5}",4038045,0
stochastic_normalized_fragility,stochastic_normalized_loo_fragility,{},303,90,45,1.7854732804729528e-05,0.22764550851077667,0.10086690933671058,0.2231435179291058,0.3677494905918347,8,13,1.625,1.8856180831641267,16.0,"{""T1036 - Defense Evasion: Masquerading"": 8, ""T1498.001 - Impact: Direct Network Flood"": 12, ""T1498.002 - Impact: Reflection/Amplification Attack"": 11, ""T1571 - Defense Evasion: Non-Standard Port"": 9, ""T1583.005 - Resource Development: Acquire Botnet"": 8, ""T1584.005 - Resource Development: Build/Compromise Botnet"": 13, ""T1590 - Reconnaissance: Gather Victim Network Information"": 9, ""T1595 - Reconnaissance: Active Scanning"": 12, ""TA0011 - Command-and-Control"": 8}",4038090,45
stochastic_normalized_fragility,stochastic_normalized_loo_fragility,{},303,180,135,4.4774940540769706e-05,0.2272517221361905,0.09153413841149881,0.22326221251359868,0.37147435838640397,15,25,1.6666666666666667,3.2998316455372216,26.0,"{""T1036 - Defense Evasion: Masquerading"": 16, ""T1498.001 - Impact: Direct Network Flood"": 21, ""T1498.002 - Impact: Reflection/Amplification Attack"": 22, ""T1571 - Defense Evasion: Non-Standard Port"": 21, ""T1583.005 - Resource Development: Acquire Botnet"": 25, ""T1584.005 - Resource Development: Build/Compromise Botnet"": 19, ""T1590 - Reconnaissance: Gather Victim Network Information"": 15, ""T1595 - Reconnaissance: Active Scanning"": 24, ""TA0011 - Command-and-Control"": 17}",4038180,135
stochastic_normalized_fragility,stochastic_normalized_loo_fragility,{},303,360,315,8.34896685208442e-06,0.22644807235696834,0.09949119201851461,0.22236700983321547,0.3649997073402561,32,61,1.90625,7.930251502246879,48.0,"{""T1036 - Defense Evasion: Masquerading"": 36, ""T1498.001 - Impact: Direct Network Flood"": 42, ""T1498.002 - Impact: Reflection/Amplification Attack"": 36, ""T1571 - Defense Evasion: Non-Standard Port"": 38, ""T1583.005 - Resource Development: Acquire Botnet"": 61, ""T1584.005 - Resource Development: Build/Compromise Botnet"": 38, ""T1590 - Reconnaissance: Gather Victim Network Information"": 36, ""T1595 - Reconnaissance: Active Scanning"": 41, ""TA0011 - Command-and-Control"": 32}",4038360,315
stochastic_normalized_fragility,stochastic_normalized_loo_fragility,{},303,720,675,1.7443554006949426e-06,0.22551996965123827,0.10158441923969834,0.22173158036340018,0.36048587451768116,69,103,1.4927536231884058,9.297550453987569,58.0,"{""T1036 - Defense Evasion: Masquerading"": 75, ""T1498.001 - Impact: Direct Network Flood"": 86, ""T1498.002 - Impact: Reflection/Amplification Attack"": 79, ""T1571 - Defense Evasion: Non-Standard Port"": 73, ""T1583.005 - Resource Development: Acquire Botnet"": 103, ""T1584.005 - Resource Development: Build/Compromise Botnet"": 80, ""T1590 - Reconnaissance: Gather Victim Network Information"": 69, ""T1595 - Reconnaissance: Active Scanning"": 79, ""TA0011 - Command-and-Control"": 76}",4038720,675
stochastic_normalized_fragility,stochastic_normalized_loo_fragility,{},303,1200,1155,2.015088699361376e-06,0.22469684850017396,0.10176028140686612,0.2207026003760847,0.3574697412497475,122,171,1.401639344262295,14.212670403551895,80.0,"{""T1036 - Defense Evasion: Masquerading"": 125, ""T1498.001 - Impact: Direct Network Flood"": 133, ""T1498.002 - Impact: Reflection/Amplification Attack"": 122, ""T1571 - Defense Evasion: Non-Standard Port"": 131, ""T1583.005 - Resource Development: Acquire Botnet"": 171, ""T1584.005 - Resource Development: Build/Compromise Botnet"": 137, ""T1590 - Reconnaissance: Gather Victim Network Information"": 133, ""T1595 - Reconnaissance: Active Scanning"": 122, ""TA0011 - Command-and-Control"": 126}",4039200,1155
stochastic_normalized_fragility,stochastic_normalized_loo_fragility,{},303,1798,1753,0.0,0.22470484448919714,0.10282013170083151,0.21987138712593557,0.3602157968474639,199,200,1.0050251256281406,0.41573970964154905,0.0,"{""T1036 - Defense Evasion: Masquerading"": 200, ""T1498.001 - Impact: Direct Network Flood"": 200, ""T1498.002 - Impact: Reflection/Amplification Attack"": 200, ""T1571 - Defense Evasion: Non-Standard Port"": 200, ""T1583.005 - Resource Development: Acquire Botnet"": 200, ""T1584.005 - Resource Development: Build/Compromise Botnet"": 199, ""T1590 - Reconnaissance: Gather Victim Network Information"": 199, ""T1595 - Reconnaissance: Active Scanning"": 200, ""TA0011 - Command-and-Control"": 200}",4039798,1753
uniform_step_balanced,uniform_step_balanced,{},404,45,0,8.720407783977221e-05,0.2336495447884703,0.11580063218555915,0.22723138164126633,0.37307057006623223,5,5,1.0,0.0,0.0,"{""T1036 - Defense Evasion: Masquerading"": 5, ""T1498.001 - Impact: Direct Network Flood"": 5, ""T1498.002 - Impact: Reflection/Amplification Attack"": 5, ""T1571 - Defense Evasion: Non-Standard Port"": 5, ""T1583.005 - Resource Development: Acquire Botnet"": 5, ""T1584.005 - Resource Development: Build/Compromise Botnet"": 5, ""T1590 - Reconnaissance: Gather Victim Network Information"": 5, ""T1595 - Reconnaissance: Active Scanning"": 5, ""TA0011 - Command-and-Control"": 5}",5048045,0
uniform_step_balanced,uniform_step_balanced,{},404,90,45,5.932589304590522e-06,0.22461330351540837,0.10579839833765475,0.2185179037669372,0.36422895719457665,10,10,1.0,0.0,0.0,"{""T1036 - Defense Evasion: Masquerading"": 10, ""T1498.001 - Impact: Direct Network Flood"": 10, ""T1498.002 - Impact: Reflection/Amplification Attack"": 10, ""T1571 - Defense Evasion: Non-Standard Port"": 10, ""T1583.005 - Resource Development: Acquire Botnet"": 10, ""T1584.005 - Resource Development: Build/Compromise Botnet"": 10, ""T1590 - Reconnaissance: Gather Victim Network Information"": 10, ""T1595 - Reconnaissance: Active Scanning"": 10, ""TA0011 - Command-and-Control"": 10}",5048090,45
uniform_step_balanced,uniform_step_balanced,{},404,180,135,7.419963333463755e-06,0.22589329981734735,0.10903337874217955,0.22035115621587995,0.36071993670254443,20,20,1.0,0.0,0.0,"{""T1036 - Defense Evasion: Masquerading"": 20, ""T1498.001 - Impact: Direct Network Flood"": 20, ""T1498.002 - Impact: Reflection/Amplification Attack"": 20, ""T1571 - Defense Evasion: Non-Standard Port"": 20, ""T1583.005 - Resource Development: Acquire Botnet"": 20, ""T1584.005 - Resource Development: Build/Compromise Botnet"": 20, ""T1590 - Reconnaissance: Gather Victim Network Information"": 20, ""T1595 - Reconnaissance: Active Scanning"": 20, ""TA0011 - Command-and-Control"": 20}",5048180,135
uniform_step_balanced,uniform_step_balanced,{},404,360,315,3.599302973239015e-06,0.2239039632990716,0.1017594082420281,0.21910704529919667,0.3612451359684546,40,40,1.0,0.0,0.0,"{""T1036 - Defense Evasion: Masquerading"": 40, ""T1498.001 - Impact: Direct Network Flood"": 40, ""T1498.002 - Impact: Reflection/Amplification Attack"": 40, ""T1571 - Defense Evasion: Non-Standard Port"": 40, ""T1583.005 - Resource Development: Acquire Botnet"": 40, ""T1584.005 - Resource Development: Build/Compromise Botnet"": 40, ""T1590 - Reconnaissance: Gather Victim Network Information"": 40, ""T1595 - Reconnaissance: Active Scanning"": 40, ""TA0011 - Command-and-Control"": 40}",5048360,315
uniform_step_balanced,uniform_step_balanced,{},404,720,675,4.499497212261051e-06,0.22586490466801615,0.10183353947606111,0.22050145260895596,0.36587640014217876,80,80,1.0,0.0,0.0,"{""T1036 - Defense Evasion: Masquerading"": 80, ""T1498.001 - Impact: Direct Network Flood"": 80, ""T1498.002 - Impact: Reflection/Amplification Attack"": 80, ""T1571 - Defense Evasion: Non-Standard Port"": 80, ""T1583.005 - Resource Development: Acquire Botnet"": 80, ""T1584.005 - Resource Development: Build/Compromise Botnet"": 80, ""T1590 - Reconnaissance: Gather Victim Network Information"": 80, ""T1595 - Reconnaissance: Active Scanning"": 80, ""TA0011 - Command-and-Control"": 80}",5048720,675
uniform_step_balanced,uniform_step_balanced,{},404,1200,1155,2.053038315694853e-06,0.2250334336426642,0.10423278879532186,0.22015526315524248,0.3606388379063433,133,134,1.0075187969924813,0.4714045207910317,0.0,"{""T1036 - Defense Evasion: Masquerading"": 133, ""T1498.001 - Impact: Direct Network Flood"": 134, ""T1498.002 - Impact: Reflection/Amplification Attack"": 134, ""T1571 - Defense Evasion: Non-Standard Port"": 133, ""T1583.005 - Resource Development: Acquire Botnet"": 133, ""T1584.005 - Resource Development: Build/Compromise Botnet"": 133, ""T1590 - Reconnaissance: Gather Victim Network Information"": 134, ""T1595 - Reconnaissance: Active Scanning"": 133, ""TA0011 - Command-and-Control"": 133}",5049200,1155
uniform_step_balanced,uniform_step_balanced,{},404,1798,1753,0.0,0.22470484448919714,0.10282013170083151,0.21987138712593557,0.3602157968474639,199,200,1.0050251256281406,0.41573970964154905,0.0,"{""T1036 - Defense Evasion: Masquerading"": 200, ""T1498.001 - Impact: Direct Network Flood"": 200, ""T1498.002 - Impact: Reflection/Amplification Attack"": 200, ""T1571 - Defense Evasion: Non-Standard Port"": 200, ""T1583.005 - Resource Development: Acquire Botnet"": 200, ""T1584.005 - Resource Development: Build/Compromise Botnet"": 199, ""T1590 - Reconnaissance: Gather Victim Network Information"": 199, ""T1595 - Reconnaissance: Active Scanning"": 200, ""TA0011 - Command-and-Control"": 200}",5049798,1753
stochastic_normalized_fragility,stochastic_normalized_loo_fragility,{},404,45,0,8.720407783977221e-05,0.2336495447884703,0.11580063218555915,0.22723138164126633,0.37307057006623223,5,5,1.0,0.0,0.0,"{""T1036 - Defense Evasion: Masquerading"": 5, ""T1498.001 - Impact: Direct Network Flood"": 5, ""T1498.002 - Impact: Reflection/Amplification Attack"": 5, ""T1571 - Defense Evasion: Non-Standard Port"": 5, ""T1583.005 - Resource Development: Acquire Botnet"": 5, ""T1584.005 - Resource Development: Build/Compromise Botnet"": 5, ""T1590 - Reconnaissance: Gather Victim Network Information"": 5, ""T1595 - Reconnaissance: Active Scanning"": 5, ""TA0011 - Command-and-Control"": 5}",5048045,0
stochastic_normalized_fragility,stochastic_normalized_loo_fragility,{},404,90,45,1.148217663852749e-05,0.22219985725349126,0.10242855546877232,0.21690382295197505,0.3580422502349877,6,13,2.1666666666666665,2.0,14.0,"{""T1036 - Defense Evasion: Masquerading"": 11, ""T1498.001 - Impact: Direct Network Flood"": 11, ""T1498.002 - Impact: Reflection/Amplification Attack"": 12, ""T1571 - Defense Evasion: Non-Standard Port"": 13, ""T1583.005 - Resource Development: Acquire Botnet"": 8, ""T1584.005 - Resource Development: Build/Compromise Botnet"": 10, ""T1590 - Reconnaissance: Gather Victim Network Information"": 10, ""T1595 - Reconnaissance: Active Scanning"": 6, ""TA0011 - Command-and-Control"": 9}",5048090,45
stochastic_normalized_fragility,stochastic_normalized_loo_fragility,{},404,180,135,8.032451089426014e-06,0.22625906882796318,0.10989905160649815,0.2199064210141482,0.362881633172977,12,26,2.1666666666666665,3.9440531887330774,24.0,"{""T1036 - Defense Evasion: Masquerading"": 26, ""T1498.001 - Impact: Direct Network Flood"": 19, ""T1498.002 - Impact: Reflection/Amplification Attack"": 19, ""T1571 - Defense Evasion: Non-Standard Port"": 19, ""T1583.005 - Resource Development: Acquire Botnet"": 20, ""T1584.005 - Resource Development: Build/Compromise Botnet"": 26, ""T1590 - Reconnaissance: Gather Victim Network Information"": 20, ""T1595 - Reconnaissance: Active Scanning"": 12, ""TA0011 - Command-and-Control"": 19}",5048180,135
stochastic_normalized_fragility,stochastic_normalized_loo_fragility,{},404,360,315,3.2997458767448786e-06,0.2240770264513545,0.10160348789808443,0.21931605119482322,0.3610602576684603,34,46,1.3529411764705883,3.3333333333333335,22.0,"{""T1036 - Defense Evasion: Masquerading"": 46, ""T1498.001 - Impact: Direct Network Flood"": 39, ""T1498.002 - Impact: Reflection/Amplification Attack"": 43, ""T1571 - Defense Evasion: Non-Standard Port"": 40, ""T1583.005 - Resource Development: Acquire Botnet"": 40, ""T1584.005 - Resource Development: Build/Compromise Botnet"": 36, ""T1590 - Reconnaissance: Gather Victim Network Information"": 41, ""T1595 - Reconnaissance: Active Scanning"": 34, ""TA0011 - Command-and-Control"": 41}",5048360,315
stochastic_normalized_fragility,stochastic_normalized_loo_fragility,{},404,720,675,4.3605115207302435e-06,0.22590514962476413,0.10193751413187706,0.22091245687757693,0.3637875918784173,67,96,1.4328358208955223,8.717797887081348,60.0,"{""T1036 - Defense Evasion: Masquerading"": 90, ""T1498.001 - Impact: Direct Network Flood"": 80, ""T1498.002 - Impact: Reflection/Amplification Attack"": 83, ""T1571 - Defense Evasion: Non-Standard Port"": 80, ""T1583.005 - Resource Development: Acquire Botnet"": 73, ""T1584.005 - Resource Development: Build/Compromise Botnet"": 67, ""T1590 - Reconnaissance: Gather Victim Network Information"": 81, ""T1595 - Reconnaissance: Active Scanning"": 70, ""TA0011 - Command-and-Control"": 96}",5048720,675
stochastic_normalized_fragility,stochastic_normalized_loo_fragility,{},404,1200,1155,5.1784158014344655e-06,0.22588571579259134,0.10409989913648954,0.22098121678953986,0.36340671846713235,111,154,1.3873873873873874,15.297058540778355,124.0,"{""T1036 - Defense Evasion: Masquerading"": 148, ""T1498.001 - Impact: Direct Network Flood"": 136, ""T1498.002 - Impact: Reflection/Amplification Attack"": 152, ""T1571 - Defense Evasion: Non-Standard Port"": 121, ""T1583.005 - Resource Development: Acquire Botnet"": 120, ""T1584.005 - Resource Development: Build/Compromise Botnet"": 111, ""T1590 - Reconnaissance: Gather Victim Network Information"": 140, ""T1595 - Reconnaissance: Active Scanning"": 118, ""TA0011 - Command-and-Control"": 154}",5049200,1155
stochastic_normalized_fragility,stochastic_normalized_loo_fragility,{},404,1798,1753,0.0,0.22470484448919714,0.10282013170083151,0.21987138712593557,0.3602157968474639,199,200,1.0050251256281406,0.41573970964154905,0.0,"{""T1036 - Defense Evasion: Masquerading"": 200, ""T1498.001 - Impact: Direct Network Flood"": 200, ""T1498.002 - Impact: Reflection/Amplification Attack"": 200, ""T1571 - Defense Evasion: Non-Standard Port"": 200, ""T1583.005 - Resource Development: Acquire Botnet"": 200, ""T1584.005 - Resource Development: Build/Compromise Botnet"": 199, ""T1590 - Reconnaissance: Gather Victim Network Information"": 199, ""T1595 - Reconnaissance: Active Scanning"": 200, ""TA0011 - Command-and-Control"": 200}",5049798,1753
uniform_step_balanced,uniform_step_balanced,{},505,45,0,9.350528494369941e-05,0.2265751054975568,0.11802459024112986,0.2229548668351816,0.346832262995049,5,5,1.0,0.0,0.0,"{""T1036 - Defense Evasion: Masquerading"": 5, ""T1498.001 - Impact: Direct Network Flood"": 5, ""T1498.002 - Impact: Reflection/Amplification Attack"": 5, ""T1571 - Defense Evasion: Non-Standard Port"": 5, ""T1583.005 - Resource Development: Acquire Botnet"": 5, ""T1584.005 - Resource Development: Build/Compromise Botnet"": 5, ""T1590 - Reconnaissance: Gather Victim Network Information"": 5, ""T1595 - Reconnaissance: Active Scanning"": 5, ""TA0011 - Command-and-Control"": 5}",6058045,0
uniform_step_balanced,uniform_step_balanced,{},505,90,45,2.834565532689422e-05,0.22806196313193255,0.1163882181371926,0.2223840290352876,0.3587113643669209,10,10,1.0,0.0,0.0,"{""T1036 - Defense Evasion: Masquerading"": 10, ""T1498.001 - Impact: Direct Network Flood"": 10, ""T1498.002 - Impact: Reflection/Amplification Attack"": 10, ""T1571 - Defense Evasion: Non-Standard Port"": 10, ""T1583.005 - Resource Development: Acquire Botnet"": 10, ""T1584.005 - Resource Development: Build/Compromise Botnet"": 10, ""T1590 - Reconnaissance: Gather Victim Network Information"": 10, ""T1595 - Reconnaissance: Active Scanning"": 10, ""TA0011 - Command-and-Control"": 10}",6058090,45
uniform_step_balanced,uniform_step_balanced,{},505,180,135,5.629412814258921e-05,0.2317064569476943,0.10566445492873648,0.22666940410386877,0.3708949018371397,20,20,1.0,0.0,0.0,"{""T1036 - Defense Evasion: Masquerading"": 20, ""T1498.001 - Impact: Direct Network Flood"": 20, ""T1498.002 - Impact: Reflection/Amplification Attack"": 20, ""T1571 - Defense Evasion: Non-Standard Port"": 20, ""T1583.005 - Resource Development: Acquire Botnet"": 20, ""T1584.005 - Resource Development: Build/Compromise Botnet"": 20, ""T1590 - Reconnaissance: Gather Victim Network Information"": 20, ""T1595 - Reconnaissance: Active Scanning"": 20, ""TA0011 - Command-and-Control"": 20}",6058180,135
uniform_step_balanced,uniform_step_balanced,{},505,360,315,3.1161455403017165e-05,0.22981466554184982,0.10851063388167637,0.2239978699039832,0.36898107911338063,40,40,1.0,0.0,0.0,"{""T1036 - Defense Evasion: Masquerading"": 40, ""T1498.001 - Impact: Direct Network Flood"": 40, ""T1498.002 - Impact: Reflection/Amplification Attack"": 40, ""T1571 - Defense Evasion: Non-Standard Port"": 40, ""T1583.005 - Resource Development: Acquire Botnet"": 40, ""T1584.005 - Resource Development: Build/Compromise Botnet"": 40, ""T1590 - Reconnaissance: Gather Victim Network Information"": 40, ""T1595 - Reconnaissance: Active Scanning"": 40, ""TA0011 - Command-and-Control"": 40}",6058360,315
uniform_step_balanced,uniform_step_balanced,{},505,720,675,1.3435640284372217e-05,0.22729531641183554,0.10780802225218883,0.22165519877869866,0.3619982722440728,80,80,1.0,0.0,0.0,"{""T1036 - Defense Evasion: Masquerading"": 80, ""T1498.001 - Impact: Direct Network Flood"": 80, ""T1498.002 - Impact: Reflection/Amplification Attack"": 80, ""T1571 - Defense Evasion: Non-Standard Port"": 80, ""T1583.005 - Resource Development: Acquire Botnet"": 80, ""T1584.005 - Resource Development: Build/Compromise Botnet"": 80, ""T1590 - Reconnaissance: Gather Victim Network Information"": 80, ""T1595 - Reconnaissance: Active Scanning"": 80, ""TA0011 - Command-and-Control"": 80}",6058720,675
uniform_step_balanced,uniform_step_balanced,{},505,1200,1155,3.2103858742016167e-06,0.22576374616264766,0.10513173110351834,0.22155638368497,0.3597222918044941,133,134,1.0075187969924813,0.4714045207910317,0.0,"{""T1036 - Defense Evasion: Masquerading"": 133, ""T1498.001 - Impact: Direct Network Flood"": 134, ""T1498.002 - Impact: Reflection/Amplification Attack"": 134, ""T1571 - Defense Evasion: Non-Standard Port"": 133, ""T1583.005 - Resource Development: Acquire Botnet"": 133, ""T1584.005 - Resource Development: Build/Compromise Botnet"": 133, ""T1590 - Reconnaissance: Gather Victim Network Information"": 133, ""T1595 - Reconnaissance: Active Scanning"": 134, ""TA0011 - Command-and-Control"": 133}",6059200,1155
uniform_step_balanced,uniform_step_balanced,{},505,1798,1753,0.0,0.22470484448919714,0.10282013170083151,0.21987138712593557,0.3602157968474639,199,200,1.0050251256281406,0.41573970964154905,0.0,"{""T1036 - Defense Evasion: Masquerading"": 200, ""T1498.001 - Impact: Direct Network Flood"": 200, ""T1498.002 - Impact: Reflection/Amplification Attack"": 200, ""T1571 - Defense Evasion: Non-Standard Port"": 200, ""T1583.005 - Resource Development: Acquire Botnet"": 200, ""T1584.005 - Resource Development: Build/Compromise Botnet"": 199, ""T1590 - Reconnaissance: Gather Victim Network Information"": 199, ""T1595 - Reconnaissance: Active Scanning"": 200, ""TA0011 - Command-and-Control"": 200}",6059798,1753
stochastic_normalized_fragility,stochastic_normalized_loo_fragility,{},505,45,0,9.350528494369941e-05,0.2265751054975568,0.11802459024112986,0.2229548668351816,0.346832262995049,5,5,1.0,0.0,0.0,"{""T1036 - Defense Evasion: Masquerading"": 5, ""T1498.001 - Impact: Direct Network Flood"": 5, ""T1498.002 - Impact: Reflection/Amplification Attack"": 5, ""T1571 - Defense Evasion: Non-Standard Port"": 5, ""T1583.005 - Resource Development: Acquire Botnet"": 5, ""T1584.005 - Resource Development: Build/Compromise Botnet"": 5, ""T1590 - Reconnaissance: Gather Victim Network Information"": 5, ""T1595 - Reconnaissance: Active Scanning"": 5, ""TA0011 - Command-and-Control"": 5}",6058045,0
stochastic_normalized_fragility,stochastic_normalized_loo_fragility,{},505,90,45,1.7953455646322897e-05,0.22730703201877595,0.1139638805029267,0.22155909649275773,0.35831709346589713,6,12,2.0,2.0548046676563256,16.0,"{""T1036 - Defense Evasion: Masquerading"": 10, ""T1498.001 - Impact: Direct Network Flood"": 6, ""T1498.002 - Impact: Reflection/Amplification Attack"": 8, ""T1571 - Defense Evasion: Non-Standard Port"": 9, ""T1583.005 - Resource Development: Acquire Botnet"": 12, ""T1584.005 - Resource Development: Build/Compromise Botnet"": 9, ""T1590 - Reconnaissance: Gather Victim Network Information"": 12, ""T1595 - Reconnaissance: Active Scanning"": 12, ""TA0011 - Command-and-Control"": 12}",6058090,45
stochastic_normalized_fragility,stochastic_normalized_loo_fragility,{},505,180,135,4.8159199852400204e-05,0.23135174019760765,0.10790043484086037,0.22642620063670132,0.36971911432077187,11,30,2.727272727272727,4.784233364802441,30.0,"{""T1036 - Defense Evasion: Masquerading"": 19, ""T1498.001 - Impact: Direct Network Flood"": 20, ""T1498.002 - Impact: Reflection/Amplification Attack"": 11, ""T1571 - Defense Evasion: Non-Standard Port"": 23, ""T1583.005 - Resource Development: Acquire Botnet"": 18, ""T1584.005 - Resource Development: Build/Compromise Botnet"": 17, ""T1590 - Reconnaissance: Gather Victim Network Information"": 21, ""T1595 - Reconnaissance: Active Scanning"": 30, ""TA0011 - Command-and-Control"": 21}",6058180,135
stochastic_normalized_fragility,stochastic_normalized_loo_fragility,{},505,360,315,1.4625380247681896e-05,0.22805630104597877,0.10858254175320325,0.2228210775599263,0.3634548811904389,33,51,1.5454545454545454,4.9216076867444665,32.0,"{""T1036 - Defense Evasion: Masquerading"": 40, ""T1498.001 - Impact: Direct Network Flood"": 41, ""T1498.002 - Impact: Reflection/Amplification Attack"": 35, ""T1571 - Defense Evasion: Non-Standard Port"": 38, ""T1583.005 - Resource Development: Acquire Botnet"": 44, ""T1584.005 - Resource Development: Build/Compromise Botnet"": 33, ""T1590 - Reconnaissance: Gather Victim Network Information"": 39, ""T1595 - Reconnaissance: Active Scanning"": 51, ""TA0011 - Command-and-Control"": 39}",6058360,315
stochastic_normalized_fragility,stochastic_normalized_loo_fragility,{},505,720,675,6.0361059800078314e-06,0.22645945334585113,0.10456301365457475,0.22200736616570232,0.35944898226176214,68,99,1.4558823529411764,9.944289260117532,74.0,"{""T1036 - Defense Evasion: Masquerading"": 99, ""T1498.001 - Impact: Direct Network Flood"": 68, ""T1498.002 - Impact: Reflection/Amplification Attack"": 68, ""T1571 - Defense Evasion: Non-Standard Port"": 72, ""T1583.005 - Resource Development: Acquire Botnet"": 80, ""T1584.005 - Resource Development: Build/Compromise Botnet"": 77, ""T1590 - Reconnaissance: Gather Victim Network Information"": 88, ""T1595 - Reconnaissance: Active Scanning"": 90, ""TA0011 - Command-and-Control"": 78}",6058720,675
stochastic_normalized_fragility,stochastic_normalized_loo_fragility,{},505,1200,1155,4.912682509323588e-06,0.22677356936996856,0.10594497425573875,0.22212582445690304,0.3626185911160651,122,156,1.278688524590164,12.292725943057185,92.0,"{""T1036 - Defense Evasion: Masquerading"": 156, ""T1498.001 - Impact: Direct Network Flood"": 131, ""T1498.002 - Impact: Reflection/Amplification Attack"": 123, ""T1571 - Defense Evasion: Non-Standard Port"": 123, ""T1583.005 - Resource Development: Acquire Botnet"": 140, ""T1584.005 - Resource Development: Build/Compromise Botnet"": 124, ""T1590 - Reconnaissance: Gather Victim Network Information"": 152, ""T1595 - Reconnaissance: Active Scanning"": 129, ""TA0011 - Command-and-Control"": 122}",6059200,1155
stochastic_normalized_fragility,stochastic_normalized_loo_fragility,{},505,1798,1753,0.0,0.22470484448919714,0.10282013170083151,0.21987138712593557,0.3602157968474639,199,200,1.0050251256281406,0.41573970964154905,0.0,"{""T1036 - Defense Evasion: Masquerading"": 200, ""T1498.001 - Impact: Direct Network Flood"": 200, ""T1498.002 - Impact: Reflection/Amplification Attack"": 200, ""T1571 - Defense Evasion: Non-Standard Port"": 200, ""T1583.005 - Resource Development: Acquire Botnet"": 200, ""T1584.005 - Resource Development: Build/Compromise Botnet"": 199, ""T1590 - Reconnaissance: Gather Victim Network Information"": 199, ""T1595 - Reconnaissance: Active Scanning"": 200, ""TA0011 - Command-and-Control"": 200}",6059798,1753
uniform_step_balanced,uniform_step_balanced,{},606,45,0,7.269065187851542e-05,0.22924167391110215,0.09833660738493055,0.22363370959171283,0.3760870842778797,5,5,1.0,0.0,0.0,"{""T1036 - Defense Evasion: Masquerading"": 5, ""T1498.001 - Impact: Direct Network Flood"": 5, ""T1498.002 - Impact: Reflection/Amplification Attack"": 5, ""T1571 - Defense Evasion: Non-Standard Port"": 5, ""T1583.005 - Resource Development: Acquire Botnet"": 5, ""T1584.005 - Resource Development: Build/Compromise Botnet"": 5, ""T1590 - Reconnaissance: Gather Victim Network Information"": 5, ""T1595 - Reconnaissance: Active Scanning"": 5, ""TA0011 - Command-and-Control"": 5}",7068045,0
uniform_step_balanced,uniform_step_balanced,{},606,90,45,1.2308445358072259e-05,0.2239464812456673,0.09892232630097612,0.21812200756892547,0.3664937991179412,10,10,1.0,0.0,0.0,"{""T1036 - Defense Evasion: Masquerading"": 10, ""T1498.001 - Impact: Direct Network Flood"": 10, ""T1498.002 - Impact: Reflection/Amplification Attack"": 10, ""T1571 - Defense Evasion: Non-Standard Port"": 10, ""T1583.005 - Resource Development: Acquire Botnet"": 10, ""T1584.005 - Resource Development: Build/Compromise Botnet"": 10, ""T1590 - Reconnaissance: Gather Victim Network Information"": 10, ""T1595 - Reconnaissance: Active Scanning"": 10, ""TA0011 - Command-and-Control"": 10}",7068090,45
uniform_step_balanced,uniform_step_balanced,{},606,180,135,1.3094246147183665e-05,0.2264059366453045,0.10378264482289322,0.22036130811991378,0.3689211912427129,20,20,1.0,0.0,0.0,"{""T1036 - Defense Evasion: Masquerading"": 20, ""T1498.001 - Impact: Direct Network Flood"": 20, ""T1498.002 - Impact: Reflection/Amplification Attack"": 20, ""T1571 - Defense Evasion: Non-Standard Port"": 20, ""T1583.005 - Resource Development: Acquire Botnet"": 20, ""T1584.005 - Resource Development: Build/Compromise Botnet"": 20, ""T1590 - Reconnaissance: Gather Victim Network Information"": 20, ""T1595 - Reconnaissance: Active Scanning"": 20, ""TA0011 - Command-and-Control"": 20}",7068180,135
uniform_step_balanced,uniform_step_balanced,{},606,360,315,4.47942518275464e-06,0.22445548828233278,0.10670687441199232,0.21892307554282514,0.36246759847489735,40,40,1.0,0.0,0.0,"{""T1036 - Defense Evasion: Masquerading"": 40, ""T1498.001 - Impact: Direct Network Flood"": 40, ""T1498.002 - Impact: Reflection/Amplification Attack"": 40, ""T1571 - Defense Evasion: Non-Standard Port"": 40, ""T1583.005 - Resource Development: Acquire Botnet"": 40, ""T1584.005 - Resource Development: Build/Compromise Botnet"": 40, ""T1590 - Reconnaissance: Gather Victim Network Information"": 40, ""T1595 - Reconnaissance: Active Scanning"": 40, ""TA0011 - Command-and-Control"": 40}",7068360,315
uniform_step_balanced,uniform_step_balanced,{},606,720,675,7.58653397887983e-06,0.2263476230270198,0.10460753978549267,0.22106704976094943,0.3647563377663821,80,80,1.0,0.0,0.0,"{""T1036 - Defense Evasion: Masquerading"": 80, ""T1498.001 - Impact: Direct Network Flood"": 80, ""T1498.002 - Impact: Reflection/Amplification Attack"": 80, ""T1571 - Defense Evasion: Non-Standard Port"": 80, ""T1583.005 - Resource Development: Acquire Botnet"": 80, ""T1584.005 - Resource Development: Build/Compromise Botnet"": 80, ""T1590 - Reconnaissance: Gather Victim Network Information"": 80, ""T1595 - Reconnaissance: Active Scanning"": 80, ""TA0011 - Command-and-Control"": 80}",7068720,675
uniform_step_balanced,uniform_step_balanced,{},606,1200,1155,2.1663199977529724e-06,0.22586065075147177,0.1027622109355238,0.22092923092704633,0.36098424613223223,133,134,1.0075187969924813,0.4714045207910317,0.0,"{""T1036 - Defense Evasion: Masquerading"": 133, ""T1498.001 - Impact: Direct Network Flood"": 133, ""T1498.002 - Impact: Reflection/Amplification Attack"": 134, ""T1571 - Defense Evasion: Non-Standard Port"": 133, ""T1583.005 - Resource Development: Acquire Botnet"": 133, ""T1584.005 - Resource Development: Build/Compromise Botnet"": 134, ""T1590 - Reconnaissance: Gather Victim Network Information"": 133, ""T1595 - Reconnaissance: Active Scanning"": 134, ""TA0011 - Command-and-Control"": 133}",7069200,1155
uniform_step_balanced,uniform_step_balanced,{},606,1798,1753,0.0,0.22470484448919714,0.10282013170083151,0.21987138712593557,0.3602157968474639,199,200,1.0050251256281406,0.41573970964154905,0.0,"{""T1036 - Defense Evasion: Masquerading"": 200, ""T1498.001 - Impact: Direct Network Flood"": 200, ""T1498.002 - Impact: Reflection/Amplification Attack"": 200, ""T1571 - Defense Evasion: Non-Standard Port"": 200, ""T1583.005 - Resource Development: Acquire Botnet"": 200, ""T1584.005 - Resource Development: Build/Compromise Botnet"": 199, ""T1590 - Reconnaissance: Gather Victim Network Information"": 199, ""T1595 - Reconnaissance: Active Scanning"": 200, ""TA0011 - Command-and-Control"": 200}",7069798,1753
stochastic_normalized_fragility,stochastic_normalized_loo_fragility,{},606,45,0,7.269065187851542e-05,0.22924167391110215,0.09833660738493055,0.22363370959171283,0.3760870842778797,5,5,1.0,0.0,0.0,"{""T1036 - Defense Evasion: Masquerading"": 5, ""T1498.001 - Impact: Direct Network Flood"": 5, ""T1498.002 - Impact: Reflection/Amplification Attack"": 5, ""T1571 - Defense Evasion: Non-Standard Port"": 5, ""T1583.005 - Resource Development: Acquire Botnet"": 5, ""T1584.005 - Resource Development: Build/Compromise Botnet"": 5, ""T1590 - Reconnaissance: Gather Victim Network Information"": 5, ""T1595 - Reconnaissance: Active Scanning"": 5, ""TA0011 - Command-and-Control"": 5}",7068045,0
stochastic_normalized_fragility,stochastic_normalized_loo_fragility,{},606,90,45,3.4760848711604575e-05,0.2250825027783056,0.09461774428528656,0.2196572258807958,0.37156726113095573,8,13,1.625,1.699673171197595,12.0,"{""T1036 - Defense Evasion: Masquerading"": 13, ""T1498.001 - Impact: Direct Network Flood"": 8, ""T1498.002 - Impact: Reflection/Amplification Attack"": 12, ""T1571 - Defense Evasion: Non-Standard Port"": 8, ""T1583.005 - Resource Development: Acquire Botnet"": 11, ""T1584.005 - Resource Development: Build/Compromise Botnet"": 10, ""T1590 - Reconnaissance: Gather Victim Network Information"": 10, ""T1595 - Reconnaissance: Active Scanning"": 8, ""TA0011 - Command-and-Control"": 10}",7068090,45
stochastic_normalized_fragility,stochastic_normalized_loo_fragility,{},606,180,135,1.5342889514968132e-05,0.22440948733476135,0.09908125307892095,0.21918409380556336,0.36849778004020595,15,24,1.6,3.4641016151377544,28.0,"{""T1036 - Defense Evasion: Masquerading"": 24, ""T1498.001 - Impact: Direct Network Flood"": 15, ""T1498.002 - Impact: Reflection/Amplification Attack"": 16, ""T1571 - Defense Evasion: Non-Standard Port"": 16, ""T1583.005 - Resource Development: Acquire Botnet"": 24, ""T1584.005 - Resource Development: Build/Compromise Botnet"": 24, ""T1590 - Reconnaissance: Gather Victim Network Information"": 19, ""T1595 - Reconnaissance: Active Scanning"": 21, ""TA0011 - Command-and-Control"": 21}",7068180,135
stochastic_normalized_fragility,stochastic_normalized_loo_fragility,{},606,360,315,7.669634926095802e-06,0.22314847330201293,0.10002806177667636,0.21773819640237763,0.36209925193854176,27,55,2.037037037037037,7.542472332656507,54.0,"{""T1036 - Defense Evasion: Masquerading"": 55, ""T1498.001 - Impact: Direct Network Flood"": 37, ""T1498.002 - Impact: Reflection/Amplification Attack"": 27, ""T1571 - Defense Evasion: Non-Standard Port"": 41, ""T1583.005 - Resource Development: Acquire Botnet"": 47, ""T1584.005 - Resource Development: Build/Compromise Botnet"": 37, ""T1590 - Reconnaissance: Gather Victim Network Information"": 37, ""T1595 - Reconnaissance: Active Scanning"": 35, ""TA0011 - Command-and-Control"": 44}",7068360,315
stochastic_normalized_fragility,stochastic_normalized_loo_fragility,{},606,720,675,4.353901049847054e-06,0.22573507676459775,0.10200270587912993,0.22127991497128455,0.36406758144016704,61,102,1.6721311475409837,13.182479955523458,88.0,"{""T1036 - Defense Evasion: Masquerading"": 102, ""T1498.001 - Impact: Direct Network Flood"": 82, ""T1498.002 - Impact: Reflection/Amplification Attack"": 61, ""T1571 - Defense Evasion: Non-Standard Port"": 76, ""T1583.005 - Resource Development: Acquire Botnet"": 100, ""T1584.005 - Resource Development: Build/Compromise Botnet"": 80, ""T1590 - Reconnaissance: Gather Victim Network Information"": 79, ""T1595 - Reconnaissance: Active Scanning"": 63, ""TA0011 - Command-and-Control"": 77}",7068720,675
stochastic_normalized_fragility,stochastic_normalized_loo_fragility,{},606,1200,1155,7.555241691363834e-06,0.22579709932318037,0.10200959182626933,0.22093147324697432,0.3619193912130746,111,166,1.4954954954954955,16.53279569018299,120.0,"{""T1036 - Defense Evasion: Masquerading"": 166, ""T1498.001 - Impact: Direct Network Flood"": 128, ""T1498.002 - Impact: Reflection/Amplification Attack"": 120, ""T1571 - Defense Evasion: Non-Standard Port"": 121, ""T1583.005 - Resource Development: Acquire Botnet"": 154, ""T1584.005 - Resource Development: Build/Compromise Botnet"": 139, ""T1590 - Reconnaissance: Gather Victim Network Information"": 125, ""T1595 - Reconnaissance: Active Scanning"": 111, ""TA0011 - Command-and-Control"": 136}",7069200,1155
stochastic_normalized_fragility,stochastic_normalized_loo_fragility,{},606,1798,1753,0.0,0.22470484448919714,0.10282013170083151,0.21987138712593557,0.3602157968474639,199,200,1.0050251256281406,0.41573970964154905,0.0,"{""T1036 - Defense Evasion: Masquerading"": 200, ""T1498.001 - Impact: Direct Network Flood"": 200, ""T1498.002 - Impact: Reflection/Amplification Attack"": 200, ""T1571 - Defense Evasion: Non-Standard Port"": 200, ""T1583.005 - Resource Development: Acquire Botnet"": 200, ""T1584.005 - Resource Development: Build/Compromise Botnet"": 199, ""T1590 - Reconnaissance: Gather Victim Network Information"": 199, ""T1595 - Reconnaissance: Active Scanning"": 200, ""TA0011 - Command-and-Control"": 200}",7069798,1753
uniform_step_balanced,uniform_step_balanced,{},707,45,0,5.4674219001275806e-05,0.22619738818562604,0.11555407151368915,0.2232357563567069,0.34630779435424336,5,5,1.0,0.0,0.0,"{""T1036 - Defense Evasion: Masquerading"": 5, ""T1498.001 - Impact: Direct Network Flood"": 5, ""T1498.002 - Impact: Reflection/Amplification Attack"": 5, ""T1571 - Defense Evasion: Non-Standard Port"": 5, ""T1583.005 - Resource Development: Acquire Botnet"": 5, ""T1584.005 - Resource Development: Build/Compromise Botnet"": 5, ""T1590 - Reconnaissance: Gather Victim Network Information"": 5, ""T1595 - Reconnaissance: Active Scanning"": 5, ""TA0011 - Command-and-Control"": 5}",8078045,0
uniform_step_balanced,uniform_step_balanced,{},707,90,45,2.3732790177755868e-05,0.22307814220245104,0.10808741440163168,0.21822576289396908,0.35148027720142555,10,10,1.0,0.0,0.0,"{""T1036 - Defense Evasion: Masquerading"": 10, ""T1498.001 - Impact: Direct Network Flood"": 10, ""T1498.002 - Impact: Reflection/Amplification Attack"": 10, ""T1571 - Defense Evasion: Non-Standard Port"": 10, ""T1583.005 - Resource Development: Acquire Botnet"": 10, ""T1584.005 - Resource Development: Build/Compromise Botnet"": 10, ""T1590 - Reconnaissance: Gather Victim Network Information"": 10, ""T1595 - Reconnaissance: Active Scanning"": 10, ""TA0011 - Command-and-Control"": 10}",8078090,45
uniform_step_balanced,uniform_step_balanced,{},707,180,135,1.667644503063523e-05,0.22395274166250473,0.11161581110717514,0.21914342983606486,0.3552722033929847,20,20,1.0,0.0,0.0,"{""T1036 - Defense Evasion: Masquerading"": 20, ""T1498.001 - Impact: Direct Network Flood"": 20, ""T1498.002 - Impact: Reflection/Amplification Attack"": 20, ""T1571 - Defense Evasion: Non-Standard Port"": 20, ""T1583.005 - Resource Development: Acquire Botnet"": 20, ""T1584.005 - Resource Development: Build/Compromise Botnet"": 20, ""T1590 - Reconnaissance: Gather Victim Network Information"": 20, ""T1595 - Reconnaissance: Active Scanning"": 20, ""TA0011 - Command-and-Control"": 20}",8078180,135
uniform_step_balanced,uniform_step_balanced,{},707,360,315,1.0246951630294914e-05,0.22327929046448744,0.10345772231103299,0.21903610065924434,0.3527419204667877,40,40,1.0,0.0,0.0,"{""T1036 - Defense Evasion: Masquerading"": 40, ""T1498.001 - Impact: Direct Network Flood"": 40, ""T1498.002 - Impact: Reflection/Amplification Attack"": 40, ""T1571 - Defense Evasion: Non-Standard Port"": 40, ""T1583.005 - Resource Development: Acquire Botnet"": 40, ""T1584.005 - Resource Development: Build/Compromise Botnet"": 40, ""T1590 - Reconnaissance: Gather Victim Network Information"": 40, ""T1595 - Reconnaissance: Active Scanning"": 40, ""TA0011 - Command-and-Control"": 40}",8078360,315
uniform_step_balanced,uniform_step_balanced,{},707,720,675,4.896445414141115e-06,0.22494981809133352,0.10745021911068978,0.2208422210008829,0.3569871969472359,80,80,1.0,0.0,0.0,"{""T1036 - Defense Evasion: Masquerading"": 80, ""T1498.001 - Impact: Direct Network Flood"": 80, ""T1498.002 - Impact: Reflection/Amplification Attack"": 80, ""T1571 - Defense Evasion: Non-Standard Port"": 80, ""T1583.005 - Resource Development: Acquire Botnet"": 80, ""T1584.005 - Resource Development: Build/Compromise Botnet"": 80, ""T1590 - Reconnaissance: Gather Victim Network Information"": 80, ""T1595 - Reconnaissance: Active Scanning"": 80, ""TA0011 - Command-and-Control"": 80}",8078720,675
uniform_step_balanced,uniform_step_balanced,{},707,1200,1155,9.966296391580267e-07,0.22492651980819095,0.10445214849663688,0.22040485537018512,0.35778790808775285,133,134,1.0075187969924813,0.4714045207910317,0.0,"{""T1036 - Defense Evasion: Masquerading"": 133, ""T1498.001 - Impact: Direct Network Flood"": 133, ""T1498.002 - Impact: Reflection/Amplification Attack"": 133, ""T1571 - Defense Evasion: Non-Standard Port"": 133, ""T1583.005 - Resource Development: Acquire Botnet"": 134, ""T1584.005 - Resource Development: Build/Compromise Botnet"": 133, ""T1590 - Reconnaissance: Gather Victim Network Information"": 133, ""T1595 - Reconnaissance: Active Scanning"": 134, ""TA0011 - Command-and-Control"": 134}",8079200,1155
uniform_step_balanced,uniform_step_balanced,{},707,1798,1753,0.0,0.22470484448919714,0.10282013170083151,0.21987138712593557,0.3602157968474639,199,200,1.0050251256281406,0.41573970964154905,0.0,"{""T1036 - Defense Evasion: Masquerading"": 200, ""T1498.001 - Impact: Direct Network Flood"": 200, ""T1498.002 - Impact: Reflection/Amplification Attack"": 200, ""T1571 - Defense Evasion: Non-Standard Port"": 200, ""T1583.005 - Resource Development: Acquire Botnet"": 200, ""T1584.005 - Resource Development: Build/Compromise Botnet"": 199, ""T1590 - Reconnaissance: Gather Victim Network Information"": 199, ""T1595 - Reconnaissance: Active Scanning"": 200, ""TA0011 - Command-and-Control"": 200}",8079798,1753
stochastic_normalized_fragility,stochastic_normalized_loo_fragility,{},707,45,0,5.4674219001275806e-05,0.22619738818562604,0.11555407151368915,0.2232357563567069,0.34630779435424336,5,5,1.0,0.0,0.0,"{""T1036 - Defense Evasion: Masquerading"": 5, ""T1498.001 - Impact: Direct Network Flood"": 5, ""T1498.002 - Impact: Reflection/Amplification Attack"": 5, ""T1571 - Defense Evasion: Non-Standard Port"": 5, ""T1583.005 - Resource Development: Acquire Botnet"": 5, ""T1584.005 - Resource Development: Build/Compromise Botnet"": 5, ""T1590 - Reconnaissance: Gather Victim Network Information"": 5, ""T1595 - Reconnaissance: Active Scanning"": 5, ""TA0011 - Command-and-Control"": 5}",8078045,0
stochastic_normalized_fragility,stochastic_normalized_loo_fragility,{},707,90,45,1.2569688450144387e-05,0.22388930485454683,0.10781747970627538,0.21971332925288928,0.35269169725959726,7,13,1.8571428571428572,2.160246899469287,18.0,"{""T1036 - Defense Evasion: Masquerading"": 9, ""T1498.001 - Impact: Direct Network Flood"": 8, ""T1498.002 - Impact: Reflection/Amplification Attack"": 12, ""T1571 - Defense Evasion: Non-Standard Port"": 13, ""T1583.005 - Resource Development: Acquire Botnet"": 11, ""T1584.005 - Resource Development: Build/Compromise Botnet"": 12, ""T1590 - Reconnaissance: Gather Victim Network Information"": 7, ""T1595 - Reconnaissance: Active Scanning"": 7, ""TA0011 - Command-and-Control"": 11}",8078090,45
stochastic_normalized_fragility,stochastic_normalized_loo_fragility,{},707,180,135,2.2128553011680742e-05,0.22260792679705163,0.10907100506544781,0.21804354698301046,0.3519975817109051,14,26,1.8571428571428572,3.2998316455372216,22.0,"{""T1036 - Defense Evasion: Masquerading"": 22, ""T1498.001 - Impact: Direct Network Flood"": 17, ""T1498.002 - Impact: Reflection/Amplification Attack"": 23, ""T1571 - Defense Evasion: Non-Standard Port"": 18, ""T1583.005 - Resource Development: Acquire Botnet"": 20, ""T1584.005 - Resource Development: Build/Compromise Botnet"": 26, ""T1590 - Reconnaissance: Gather Victim Network Information"": 20, ""T1595 - Reconnaissance: Active Scanning"": 14, ""TA0011 - Command-and-Control"": 20}",8078180,135
stochastic_normalized_fragility,stochastic_normalized_loo_fragility,{},707,360,315,9.306158583029397e-06,0.2237836878499308,0.107823952731614,0.21940484909594743,0.3539214689542944,35,47,1.3428571428571427,3.4318767136623336,26.0,"{""T1036 - Defense Evasion: Masquerading"": 42, ""T1498.001 - Impact: Direct Network Flood"": 47, ""T1498.002 - Impact: Reflection/Amplification Attack"": 42, ""T1571 - Defense Evasion: Non-Standard Port"": 35, ""T1583.005 - Resource Development: Acquire Botnet"": 41, ""T1584.005 - Resource Development: Build/Compromise Botnet"": 41, ""T1590 - Reconnaissance: Gather Victim Network Information"": 37, ""T1595 - Reconnaissance: Active Scanning"": 37, ""TA0011 - Command-and-Control"": 38}",8078360,315
stochastic_normalized_fragility,stochastic_normalized_loo_fragility,{},707,720,675,4.7575346438172345e-06,0.22469432615927845,0.10661254110177751,0.2202703779748482,0.3571134400813956,70,90,1.2857142857142858,6.831300510639732,56.0,"{""T1036 - Defense Evasion: Masquerading"": 83, ""T1498.001 - Impact: Direct Network Flood"": 74, ""T1498.002 - Impact: Reflection/Amplification Attack"": 75, ""T1571 - Defense Evasion: Non-Standard Port"": 70, ""T1583.005 - Resource Development: Acquire Botnet"": 90, ""T1584.005 - Resource Development: Build/Compromise Botnet"": 88, ""T1590 - Reconnaissance: Gather Victim Network Information"": 81, ""T1595 - Reconnaissance: Active Scanning"": 73, ""TA0011 - Command-and-Control"": 86}",8078720,675
stochastic_normalized_fragility,stochastic_normalized_loo_fragility,{},707,1200,1155,4.188736957208967e-06,0.2249142998583624,0.10509742719137265,0.22019014342971469,0.36034024246901525,119,154,1.2941176470588236,9.92191737742481,64.0,"{""T1036 - Defense Evasion: Masquerading"": 137, ""T1498.001 - Impact: Direct Network Flood"": 135, ""T1498.002 - Impact: Reflection/Amplification Attack"": 119, ""T1571 - Defense Evasion: Non-Standard Port"": 127, ""T1583.005 - Resource Development: Acquire Botnet"": 154, ""T1584.005 - Resource Development: Build/Compromise Botnet"": 133, ""T1590 - Reconnaissance: Gather Victim Network Information"": 134, ""T1595 - Reconnaissance: Active Scanning"": 121, ""TA0011 - Command-and-Control"": 140}",8079200,1155
stochastic_normalized_fragility,stochastic_normalized_loo_fragility,{},707,1798,1753,0.0,0.22470484448919714,0.10282013170083151,0.21987138712593557,0.3602157968474639,199,200,1.0050251256281406,0.41573970964154905,0.0,"{""T1036 - Defense Evasion: Masquerading"": 200, ""T1498.001 - Impact: Direct Network Flood"": 200, ""T1498.002 - Impact: Reflection/Amplification Attack"": 200, ""T1571 - Defense Evasion: Non-Standard Port"": 200, ""T1583.005 - Resource Development: Acquire Botnet"": 200, ""T1584.005 - Resource Development: Build/Compromise Botnet"": 199, ""T1590 - Reconnaissance: Gather Victim Network Information"": 199, ""T1595 - Reconnaissance: Active Scanning"": 200, ""TA0011 - Command-and-Control"": 200}",8079798,1753
uniform_step_balanced,uniform_step_balanced,{},808,45,0,1.6500642142373114e-05,0.22743198878202475,0.10895993253734539,0.22330272950390673,0.3585746003014424,5,5,1.0,0.0,0.0,"{""T1036 - Defense Evasion: Masquerading"": 5, ""T1498.001 - Impact: Direct Network Flood"": 5, ""T1498.002 - Impact: Reflection/Amplification Attack"": 5, ""T1571 - Defense Evasion: Non-Standard Port"": 5, ""T1583.005 - Resource Development: Acquire Botnet"": 5, ""T1584.005 - Resource Development: Build/Compromise Botnet"": 5, ""T1590 - Reconnaissance: Gather Victim Network Information"": 5, ""T1595 - Reconnaissance: Active Scanning"": 5, ""TA0011 - Command-and-Control"": 5}",9088045,0
uniform_step_balanced,uniform_step_balanced,{},808,90,45,1.4754483460421532e-05,0.22713731495807646,0.1006391230531662,0.22279944201249618,0.3662339263529915,10,10,1.0,0.0,0.0,"{""T1036 - Defense Evasion: Masquerading"": 10, ""T1498.001 - Impact: Direct Network Flood"": 10, ""T1498.002 - Impact: Reflection/Amplification Attack"": 10, ""T1571 - Defense Evasion: Non-Standard Port"": 10, ""T1583.005 - Resource Development: Acquire Botnet"": 10, ""T1584.005 - Resource Development: Build/Compromise Botnet"": 10, ""T1590 - Reconnaissance: Gather Victim Network Information"": 10, ""T1595 - Reconnaissance: Active Scanning"": 10, ""TA0011 - Command-and-Control"": 10}",9088090,45
uniform_step_balanced,uniform_step_balanced,{},808,180,135,9.117234552360576e-06,0.22645383792322654,0.1022239129103004,0.221634069690176,0.3637974104695616,20,20,1.0,0.0,0.0,"{""T1036 - Defense Evasion: Masquerading"": 20, ""T1498.001 - Impact: Direct Network Flood"": 20, ""T1498.002 - Impact: Reflection/Amplification Attack"": 20, ""T1571 - Defense Evasion: Non-Standard Port"": 20, ""T1583.005 - Resource Development: Acquire Botnet"": 20, ""T1584.005 - Resource Development: Build/Compromise Botnet"": 20, ""T1590 - Reconnaissance: Gather Victim Network Information"": 20, ""T1595 - Reconnaissance: Active Scanning"": 20, ""TA0011 - Command-and-Control"": 20}",9088180,135
uniform_step_balanced,uniform_step_balanced,{},808,360,315,1.8001339626116197e-05,0.22570663369855898,0.10046975167887046,0.22084181416945903,0.3646166895923172,40,40,1.0,0.0,0.0,"{""T1036 - Defense Evasion: Masquerading"": 40, ""T1498.001 - Impact: Direct Network Flood"": 40, ""T1498.002 - Impact: Reflection/Amplification Attack"": 40, ""T1571 - Defense Evasion: Non-Standard Port"": 40, ""T1583.005 - Resource Development: Acquire Botnet"": 40, ""T1584.005 - Resource Development: Build/Compromise Botnet"": 40, ""T1590 - Reconnaissance: Gather Victim Network Information"": 40, ""T1595 - Reconnaissance: Active Scanning"": 40, ""TA0011 - Command-and-Control"": 40}",9088360,315
uniform_step_balanced,uniform_step_balanced,{},808,720,675,7.611539338847182e-06,0.22583671513977382,0.10069210602975084,0.2212367288104662,0.362654677870154,80,80,1.0,0.0,0.0,"{""T1036 - Defense Evasion: Masquerading"": 80, ""T1498.001 - Impact: Direct Network Flood"": 80, ""T1498.002 - Impact: Reflection/Amplification Attack"": 80, ""T1571 - Defense Evasion: Non-Standard Port"": 80, ""T1583.005 - Resource Development: Acquire Botnet"": 80, ""T1584.005 - Resource Development: Build/Compromise Botnet"": 80, ""T1590 - Reconnaissance: Gather Victim Network Information"": 80, ""T1595 - Reconnaissance: Active Scanning"": 80, ""TA0011 - Command-and-Control"": 80}",9088720,675
uniform_step_balanced,uniform_step_balanced,{},808,1200,1155,3.590303670925098e-06,0.2261687515112615,0.1020438643443349,0.22173485421116956,0.3620300930105457,133,134,1.0075187969924813,0.4714045207910317,0.0,"{""T1036 - Defense Evasion: Masquerading"": 134, ""T1498.001 - Impact: Direct Network Flood"": 133, ""T1498.002 - Impact: Reflection/Amplification Attack"": 133, ""T1571 - Defense Evasion: Non-Standard Port"": 133, ""T1583.005 - Resource Development: Acquire Botnet"": 134, ""T1584.005 - Resource Development: Build/Compromise Botnet"": 133, ""T1590 - Reconnaissance: Gather Victim Network Information"": 133, ""T1595 - Reconnaissance: Active Scanning"": 133, ""TA0011 - Command-and-Control"": 134}",9089200,1155
uniform_step_balanced,uniform_step_balanced,{},808,1798,1753,0.0,0.22470484448919714,0.10282013170083151,0.21987138712593557,0.3602157968474639,199,200,1.0050251256281406,0.41573970964154905,0.0,"{""T1036 - Defense Evasion: Masquerading"": 200, ""T1498.001 - Impact: Direct Network Flood"": 200, ""T1498.002 - Impact: Reflection/Amplification Attack"": 200, ""T1571 - Defense Evasion: Non-Standard Port"": 200, ""T1583.005 - Resource Development: Acquire Botnet"": 200, ""T1584.005 - Resource Development: Build/Compromise Botnet"": 199, ""T1590 - Reconnaissance: Gather Victim Network Information"": 199, ""T1595 - Reconnaissance: Active Scanning"": 200, ""TA0011 - Command-and-Control"": 200}",9089798,1753
stochastic_normalized_fragility,stochastic_normalized_loo_fragility,{},808,45,0,1.6500642142373114e-05,0.22743198878202475,0.10895993253734539,0.22330272950390673,0.3585746003014424,5,5,1.0,0.0,0.0,"{""T1036 - Defense Evasion: Masquerading"": 5, ""T1498.001 - Impact: Direct Network Flood"": 5, ""T1498.002 - Impact: Reflection/Amplification Attack"": 5, ""T1571 - Defense Evasion: Non-Standard Port"": 5, ""T1583.005 - Resource Development: Acquire Botnet"": 5, ""T1584.005 - Resource Development: Build/Compromise Botnet"": 5, ""T1590 - Reconnaissance: Gather Victim Network Information"": 5, ""T1595 - Reconnaissance: Active Scanning"": 5, ""TA0011 - Command-and-Control"": 5}",9088045,0
stochastic_normalized_fragility,stochastic_normalized_loo_fragility,{},808,90,45,2.506176751476976e-05,0.22723851220566452,0.0990414952563898,0.22326205762518697,0.3702663236461202,7,15,2.142857142857143,2.309401076758503,14.0,"{""T1036 - Defense Evasion: Masquerading"": 12, ""T1498.001 - Impact: Direct Network Flood"": 15, ""T1498.002 - Impact: Reflection/Amplification Attack"": 10, ""T1571 - Defense Evasion: Non-Standard Port"": 10, ""T1583.005 - Resource Development: Acquire Botnet"": 9, ""T1584.005 - Resource Development: Build/Compromise Botnet"": 10, ""T1590 - Reconnaissance: Gather Victim Network Information"": 7, ""T1595 - Reconnaissance: Active Scanning"": 7, ""TA0011 - Command-and-Control"": 10}",9088090,45
stochastic_normalized_fragility,stochastic_normalized_loo_fragility,{},808,180,135,4.353384689282795e-06,0.22598639490720585,0.10310329872329313,0.22068748952537565,0.3633793354463582,13,25,1.9230769230769231,4.0276819911981905,32.0,"{""T1036 - Defense Evasion: Masquerading"": 18, ""T1498.001 - Impact: Direct Network Flood"": 25, ""T1498.002 - Impact: Reflection/Amplification Attack"": 18, ""T1571 - Defense Evasion: Non-Standard Port"": 25, ""T1583.005 - Resource Development: Acquire Botnet"": 15, ""T1584.005 - Resource Development: Build/Compromise Botnet"": 21, ""T1590 - Reconnaissance: Gather Victim Network Information"": 13, ""T1595 - Reconnaissance: Active Scanning"": 23, ""TA0011 - Command-and-Control"": 22}",9088180,135
stochastic_normalized_fragility,stochastic_normalized_loo_fragility,{},808,360,315,8.713433997454449e-06,0.22443407143208924,0.09782970606766014,0.21913053509643338,0.3657406164770753,33,48,1.4545454545454546,4.447221354708778,34.0,"{""T1036 - Defense Evasion: Masquerading"": 36, ""T1498.001 - Impact: Direct Network Flood"": 48, ""T1498.002 - Impact: Reflection/Amplification Attack"": 42, ""T1571 - Defense Evasion: Non-Standard Port"": 43, ""T1583.005 - Resource Development: Acquire Botnet"": 33, ""T1584.005 - Resource Development: Build/Compromise Botnet"": 41, ""T1590 - Reconnaissance: Gather Victim Network Information"": 39, ""T1595 - Reconnaissance: Active Scanning"": 35, ""TA0011 - Command-and-Control"": 43}",9088360,315
stochastic_normalized_fragility,stochastic_normalized_loo_fragility,{},808,720,675,3.210027271155846e-06,0.22554540399296738,0.1021535074859793,0.22104277409711032,0.363637676246919,70,87,1.2428571428571429,4.898979485566356,32.0,"{""T1036 - Defense Evasion: Masquerading"": 81, ""T1498.001 - Impact: Direct Network Flood"": 81, ""T1498.002 - Impact: Reflection/Amplification Attack"": 70, ""T1571 - Defense Evasion: Non-Standard Port"": 74, ""T1583.005 - Resource Development: Acquire Botnet"": 80, ""T1584.005 - Resource Development: Build/Compromise Botnet"": 82, ""T1590 - Reconnaissance: Gather Victim Network Information"": 85, ""T1595 - Reconnaissance: Active Scanning"": 80, ""TA0011 - Command-and-Control"": 87}",9088720,675
stochastic_normalized_fragility,stochastic_normalized_loo_fragility,{},808,1200,1155,3.730867830168915e-06,0.22616364173504266,0.10303545317135593,0.22140014131740376,0.3612479243295373,120,155,1.2916666666666667,8.96908269804914,50.0,"{""T1036 - Defense Evasion: Masquerading"": 155, ""T1498.001 - Impact: Direct Network Flood"": 132, ""T1498.002 - Impact: Reflection/Amplification Attack"": 120, ""T1571 - Defense Evasion: Non-Standard Port"": 128, ""T1583.005 - Resource Development: Acquire Botnet"": 134, ""T1584.005 - Resource Development: Build/Compromise Botnet"": 133, ""T1590 - Reconnaissance: Gather Victim Network Information"": 138, ""T1595 - Reconnaissance: Active Scanning"": 131, ""TA0011 - Command-and-Control"": 129}",9089200,1155
stochastic_normalized_fragility,stochastic_normalized_loo_fragility,{},808,1798,1753,0.0,0.22470484448919714,0.10282013170083151,0.21987138712593557,0.3602157968474639,199,200,1.0050251256281406,0.41573970964154905,0.0,"{""T1036 - Defense Evasion: Masquerading"": 200, ""T1498.001 - Impact: Direct Network Flood"": 200, ""T1498.002 - Impact: Reflection/Amplification Attack"": 200, ""T1571 - Defense Evasion: Non-Standard Port"": 200, ""T1583.005 - Resource Development: Acquire Botnet"": 200, ""T1584.005 - Resource Development: Build/Compromise Botnet"": 199, ""T1590 - Reconnaissance: Gather Victim Network Information"": 199, ""T1595 - Reconnaissance: Active Scanning"": 200, ""TA0011 - Command-and-Control"": 200}",9089798,1753
uniform_step_balanced,uniform_step_balanced,{},909,45,0,2.5361642045548363e-05,0.22813037244985934,0.11659910877905756,0.2217788828094046,0.36057187400650775,5,5,1.0,0.0,0.0,"{""T1036 - Defense Evasion: Masquerading"": 5, ""T1498.001 - Impact: Direct Network Flood"": 5, ""T1498.002 - Impact: Reflection/Amplification Attack"": 5, ""T1571 - Defense Evasion: Non-Standard Port"": 5, ""T1583.005 - Resource Development: Acquire Botnet"": 5, ""T1584.005 - Resource Development: Build/Compromise Botnet"": 5, ""T1590 - Reconnaissance: Gather Victim Network Information"": 5, ""T1595 - Reconnaissance: Active Scanning"": 5, ""TA0011 - Command-and-Control"": 5}",10098045,0
uniform_step_balanced,uniform_step_balanced,{},909,90,45,1.297541174885011e-05,0.2234504052411804,0.1078553887265576,0.2173191110330101,0.3569912882292247,10,10,1.0,0.0,0.0,"{""T1036 - Defense Evasion: Masquerading"": 10, ""T1498.001 - Impact: Direct Network Flood"": 10, ""T1498.002 - Impact: Reflection/Amplification Attack"": 10, ""T1571 - Defense Evasion: Non-Standard Port"": 10, ""T1583.005 - Resource Development: Acquire Botnet"": 10, ""T1584.005 - Resource Development: Build/Compromise Botnet"": 10, ""T1590 - Reconnaissance: Gather Victim Network Information"": 10, ""T1595 - Reconnaissance: Active Scanning"": 10, ""TA0011 - Command-and-Control"": 10}",10098090,45
uniform_step_balanced,uniform_step_balanced,{},909,180,135,1.8748235835216858e-05,0.22252912688200976,0.10126619267797003,0.21652992585992817,0.3678633159479301,20,20,1.0,0.0,0.0,"{""T1036 - Defense Evasion: Masquerading"": 20, ""T1498.001 - Impact: Direct Network Flood"": 20, ""T1498.002 - Impact: Reflection/Amplification Attack"": 20, ""T1571 - Defense Evasion: Non-Standard Port"": 20, ""T1583.005 - Resource Development: Acquire Botnet"": 20, ""T1584.005 - Resource Development: Build/Compromise Botnet"": 20, ""T1590 - Reconnaissance: Gather Victim Network Information"": 20, ""T1595 - Reconnaissance: Active Scanning"": 20, ""TA0011 - Command-and-Control"": 20}",10098180,135
uniform_step_balanced,uniform_step_balanced,{},909,360,315,3.99806415739245e-06,0.22363079541422348,0.10235757560150678,0.21873853620106587,0.3600694698621183,40,40,1.0,0.0,0.0,"{""T1036 - Defense Evasion: Masquerading"": 40, ""T1498.001 - Impact: Direct Network Flood"": 40, ""T1498.002 - Impact: Reflection/Amplification Attack"": 40, ""T1571 - Defense Evasion: Non-Standard Port"": 40, ""T1583.005 - Resource Development: Acquire Botnet"": 40, ""T1584.005 - Resource Development: Build/Compromise Botnet"": 40, ""T1590 - Reconnaissance: Gather Victim Network Information"": 40, ""T1595 - Reconnaissance: Active Scanning"": 40, ""TA0011 - Command-and-Control"": 40}",10098360,315
uniform_step_balanced,uniform_step_balanced,{},909,720,675,3.4720527939271414e-06,0.2233376384617517,0.10274771727894193,0.21786996377462753,0.3610875290626385,80,80,1.0,0.0,0.0,"{""T1036 - Defense Evasion: Masquerading"": 80, ""T1498.001 - Impact: Direct Network Flood"": 80, ""T1498.002 - Impact: Reflection/Amplification Attack"": 80, ""T1571 - Defense Evasion: Non-Standard Port"": 80, ""T1583.005 - Resource Development: Acquire Botnet"": 80, ""T1584.005 - Resource Development: Build/Compromise Botnet"": 80, ""T1590 - Reconnaissance: Gather Victim Network Information"": 80, ""T1595 - Reconnaissance: Active Scanning"": 80, ""TA0011 - Command-and-Control"": 80}",10098720,675
uniform_step_balanced,uniform_step_balanced,{},909,1200,1155,3.701029375974964e-06,0.22316872644865252,0.10207470902420843,0.21902687948694793,0.3570559058136008,133,134,1.0075187969924813,0.4714045207910317,0.0,"{""T1036 - Defense Evasion: Masquerading"": 133, ""T1498.001 - Impact: Direct Network Flood"": 133, ""T1498.002 - Impact: Reflection/Amplification Attack"": 134, ""T1571 - Defense Evasion: Non-Standard Port"": 133, ""T1583.005 - Resource Development: Acquire Botnet"": 133, ""T1584.005 - Resource Development: Build/Compromise Botnet"": 134, ""T1590 - Reconnaissance: Gather Victim Network Information"": 133, ""T1595 - Reconnaissance: Active Scanning"": 134, ""TA0011 - Command-and-Control"": 133}",10099200,1155
uniform_step_balanced,uniform_step_balanced,{},909,1798,1753,0.0,0.22470484448919714,0.10282013170083151,0.21987138712593557,0.3602157968474639,199,200,1.0050251256281406,0.41573970964154905,0.0,"{""T1036 - Defense Evasion: Masquerading"": 200, ""T1498.001 - Impact: Direct Network Flood"": 200, ""T1498.002 - Impact: Reflection/Amplification Attack"": 200, ""T1571 - Defense Evasion: Non-Standard Port"": 200, ""T1583.005 - Resource Development: Acquire Botnet"": 200, ""T1584.005 - Resource Development: Build/Compromise Botnet"": 199, ""T1590 - Reconnaissance: Gather Victim Network Information"": 199, ""T1595 - Reconnaissance: Active Scanning"": 200, ""TA0011 - Command-and-Control"": 200}",10099798,1753
stochastic_normalized_fragility,stochastic_normalized_loo_fragility,{},909,45,0,2.5361642045548363e-05,0.22813037244985934,0.11659910877905756,0.2217788828094046,0.36057187400650775,5,5,1.0,0.0,0.0,"{""T1036 - Defense Evasion: Masquerading"": 5, ""T1498.001 - Impact: Direct Network Flood"": 5, ""T1498.002 - Impact: Reflection/Amplification Attack"": 5, ""T1571 - Defense Evasion: Non-Standard Port"": 5, ""T1583.005 - Resource Development: Acquire Botnet"": 5, ""T1584.005 - Resource Development: Build/Compromise Botnet"": 5, ""T1590 - Reconnaissance: Gather Victim Network Information"": 5, ""T1595 - Reconnaissance: Active Scanning"": 5, ""TA0011 - Command-and-Control"": 5}",10098045,0
stochastic_normalized_fragility,stochastic_normalized_loo_fragility,{},909,90,45,9.207822097941893e-06,0.2254320632914494,0.1095038693319342,0.21925748593471803,0.35983995725269813,6,13,2.1666666666666665,2.211083193570267,16.0,"{""T1036 - Defense Evasion: Masquerading"": 13, ""T1498.001 - Impact: Direct Network Flood"": 8, ""T1498.002 - Impact: Reflection/Amplification Attack"": 13, ""T1571 - Defense Evasion: Non-Standard Port"": 10, ""T1583.005 - Resource Development: Acquire Botnet"": 8, ""T1584.005 - Resource Development: Build/Compromise Botnet"": 11, ""T1590 - Reconnaissance: Gather Victim Network Information"": 6, ""T1595 - Reconnaissance: Active Scanning"": 11, ""TA0011 - Command-and-Control"": 10}",10098090,45
stochastic_normalized_fragility,stochastic_normalized_loo_fragility,{},909,180,135,2.3044328408226278e-05,0.22075308006541117,0.09981721126320015,0.2153713992212879,0.3613783227839717,16,26,1.625,2.788866755113585,20.0,"{""T1036 - Defense Evasion: Masquerading"": 20, ""T1498.001 - Impact: Direct Network Flood"": 22, ""T1498.002 - Impact: Reflection/Amplification Attack"": 22, ""T1571 - Defense Evasion: Non-Standard Port"": 18, ""T1583.005 - Resource Development: Acquire Botnet"": 26, ""T1584.005 - Resource Development: Build/Compromise Botnet"": 19, ""T1590 - Reconnaissance: Gather Victim Network Information"": 16, ""T1595 - Reconnaissance: Active Scanning"": 18, ""TA0011 - Command-and-Control"": 19}",10098180,135
stochastic_normalized_fragility,stochastic_normalized_loo_fragility,{},909,360,315,2.1325037994069642e-05,0.2228757033834062,0.0970621017755118,0.2168999399688849,0.3670859410633054,28,48,1.7142857142857142,6.896053621859067,58.0,"{""T1036 - Defense Evasion: Masquerading"": 46, ""T1498.001 - Impact: Direct Network Flood"": 33, ""T1498.002 - Impact: Reflection/Amplification Attack"": 45, ""T1571 - Defense Evasion: Non-Standard Port"": 28, ""T1583.005 - Resource Development: Acquire Botnet"": 48, ""T1584.005 - Resource Development: Build/Compromise Botnet"": 37, ""T1590 - Reconnaissance: Gather Victim Network Information"": 33, ""T1595 - Reconnaissance: Active Scanning"": 44, ""TA0011 - Command-and-Control"": 46}",10098360,315
stochastic_normalized_fragility,stochastic_normalized_loo_fragility,{},909,720,675,2.9680002890754604e-06,0.2238201470954136,0.10439417080219085,0.21870136896573944,0.3604703131706924,55,104,1.8909090909090909,14.974051630144135,120.0,"{""T1036 - Defense Evasion: Masquerading"": 90, ""T1498.001 - Impact: Direct Network Flood"": 66, ""T1498.002 - Impact: Reflection/Amplification Attack"": 90, ""T1571 - Defense Evasion: Non-Standard Port"": 65, ""T1583.005 - Resource Development: Acquire Botnet"": 84, ""T1584.005 - Resource Development: Build/Compromise Botnet"": 74, ""T1590 - Reconnaissance: Gather Victim Network Information"": 55, ""T1595 - Reconnaissance: Active Scanning"": 92, ""TA0011 - Command-and-Control"": 104}",10098720,675
stochastic_normalized_fragility,stochastic_normalized_loo_fragility,{},909,1200,1155,3.1626152346027702e-06,0.2233564539078657,0.10275769691829369,0.21863372739482057,0.35893913843442654,100,156,1.56,18.55322673343433,142.0,"{""T1036 - Defense Evasion: Masquerading"": 146, ""T1498.001 - Impact: Direct Network Flood"": 108, ""T1498.002 - Impact: Reflection/Amplification Attack"": 145, ""T1571 - Defense Evasion: Non-Standard Port"": 120, ""T1583.005 - Resource Development: Acquire Botnet"": 140, ""T1584.005 - Resource Development: Build/Compromise Botnet"": 134, ""T1590 - Reconnaissance: Gather Victim Network Information"": 100, ""T1595 - Reconnaissance: Active Scanning"": 156, ""TA0011 - Command-and-Control"": 151}",10099200,1155
stochastic_normalized_fragility,stochastic_normalized_loo_fragility,{},909,1798,1753,0.0,0.22470484448919714,0.10282013170083151,0.21987138712593557,0.3602157968474639,199,200,1.0050251256281406,0.41573970964154905,0.0,"{""T1036 - Defense Evasion: Masquerading"": 200, ""T1498.001 - Impact: Direct Network Flood"": 200, ""T1498.002 - Impact: Reflection/Amplification Attack"": 200, ""T1571 - Defense Evasion: Non-Standard Port"": 200, ""T1583.005 - Resource Development: Acquire Botnet"": 200, ""T1584.005 - Resource Development: Build/Compromise Botnet"": 199, ""T1590 - Reconnaissance: Gather Victim Network Information"": 199, ""T1595 - Reconnaissance: Active Scanning"": 200, ""TA0011 - Command-and-Control"": 200}",10099798,1753
uniform_step_balanced,uniform_step_balanced,{},1010,45,0,2.785453143444077e-05,0.2234324552290365,0.1034805841239454,0.21727557083788235,0.3639697523002786,5,5,1.0,0.0,0.0,"{""T1036 - Defense Evasion: Masquerading"": 5, ""T1498.001 - Impact: Direct Network Flood"": 5, ""T1498.002 - Impact: Reflection/Amplification Attack"": 5, ""T1571 - Defense Evasion: Non-Standard Port"": 5, ""T1583.005 - Resource Development: Acquire Botnet"": 5, ""T1584.005 - Resource Development: Build/Compromise Botnet"": 5, ""T1590 - Reconnaissance: Gather Victim Network Information"": 5, ""T1595 - Reconnaissance: Active Scanning"": 5, ""TA0011 - Command-and-Control"": 5}",11108045,0
uniform_step_balanced,uniform_step_balanced,{},1010,90,45,2.543745814710761e-05,0.2212455112714773,0.10294946131458495,0.21531403956413975,0.35512582153422184,10,10,1.0,0.0,0.0,"{""T1036 - Defense Evasion: Masquerading"": 10, ""T1498.001 - Impact: Direct Network Flood"": 10, ""T1498.002 - Impact: Reflection/Amplification Attack"": 10, ""T1571 - Defense Evasion: Non-Standard Port"": 10, ""T1583.005 - Resource Development: Acquire Botnet"": 10, ""T1584.005 - Resource Development: Build/Compromise Botnet"": 10, ""T1590 - Reconnaissance: Gather Victim Network Information"": 10, ""T1595 - Reconnaissance: Active Scanning"": 10, ""TA0011 - Command-and-Control"": 10}",11108090,45
uniform_step_balanced,uniform_step_balanced,{},1010,180,135,4.352548885283851e-07,0.22451313292847438,0.10466047557584503,0.21999857465187667,0.3595866605811361,20,20,1.0,0.0,0.0,"{""T1036 - Defense Evasion: Masquerading"": 20, ""T1498.001 - Impact: Direct Network Flood"": 20, ""T1498.002 - Impact: Reflection/Amplification Attack"": 20, ""T1571 - Defense Evasion: Non-Standard Port"": 20, ""T1583.005 - Resource Development: Acquire Botnet"": 20, ""T1584.005 - Resource Development: Build/Compromise Botnet"": 20, ""T1590 - Reconnaissance: Gather Victim Network Information"": 20, ""T1595 - Reconnaissance: Active Scanning"": 20, ""TA0011 - Command-and-Control"": 20}",11108180,135
uniform_step_balanced,uniform_step_balanced,{},1010,360,315,9.94441482353322e-06,0.22426449297929266,0.10406615853739064,0.2202315460330116,0.35582878094688203,40,40,1.0,0.0,0.0,"{""T1036 - Defense Evasion: Masquerading"": 40, ""T1498.001 - Impact: Direct Network Flood"": 40, ""T1498.002 - Impact: Reflection/Amplification Attack"": 40, ""T1571 - Defense Evasion: Non-Standard Port"": 40, ""T1583.005 - Resource Development: Acquire Botnet"": 40, ""T1584.005 - Resource Development: Build/Compromise Botnet"": 40, ""T1590 - Reconnaissance: Gather Victim Network Information"": 40, ""T1595 - Reconnaissance: Active Scanning"": 40, ""TA0011 - Command-and-Control"": 40}",11108360,315
uniform_step_balanced,uniform_step_balanced,{},1010,720,675,4.6412618037148445e-06,0.2252145969519058,0.1057894143865603,0.22074634931082723,0.3564067955937774,80,80,1.0,0.0,0.0,"{""T1036 - Defense Evasion: Masquerading"": 80, ""T1498.001 - Impact: Direct Network Flood"": 80, ""T1498.002 - Impact: Reflection/Amplification Attack"": 80, ""T1571 - Defense Evasion: Non-Standard Port"": 80, ""T1583.005 - Resource Development: Acquire Botnet"": 80, ""T1584.005 - Resource Development: Build/Compromise Botnet"": 80, ""T1590 - Reconnaissance: Gather Victim Network Information"": 80, ""T1595 - Reconnaissance: Active Scanning"": 80, ""TA0011 - Command-and-Control"": 80}",11108720,675
uniform_step_balanced,uniform_step_balanced,{},1010,1200,1155,9.55199074291996e-07,0.22513574652591414,0.1050473518679072,0.22072257767813686,0.3588389724187576,133,134,1.0075187969924813,0.4714045207910317,0.0,"{""T1036 - Defense Evasion: Masquerading"": 133, ""T1498.001 - Impact: Direct Network Flood"": 133, ""T1498.002 - Impact: Reflection/Amplification Attack"": 133, ""T1571 - Defense Evasion: Non-Standard Port"": 133, ""T1583.005 - Resource Development: Acquire Botnet"": 133, ""T1584.005 - Resource Development: Build/Compromise Botnet"": 133, ""T1590 - Reconnaissance: Gather Victim Network Information"": 134, ""T1595 - Reconnaissance: Active Scanning"": 134, ""TA0011 - Command-and-Control"": 134}",11109200,1155
uniform_step_balanced,uniform_step_balanced,{},1010,1798,1753,0.0,0.22470484448919714,0.10282013170083151,0.21987138712593557,0.3602157968474639,199,200,1.0050251256281406,0.41573970964154905,0.0,"{""T1036 - Defense Evasion: Masquerading"": 200, ""T1498.001 - Impact: Direct Network Flood"": 200, ""T1498.002 - Impact: Reflection/Amplification Attack"": 200, ""T1571 - Defense Evasion: Non-Standard Port"": 200, ""T1583.005 - Resource Development: Acquire Botnet"": 200, ""T1584.005 - Resource Development: Build/Compromise Botnet"": 199, ""T1590 - Reconnaissance: Gather Victim Network Information"": 199, ""T1595 - Reconnaissance: Active Scanning"": 200, ""TA0011 - Command-and-Control"": 200}",11109798,1753
stochastic_normalized_fragility,stochastic_normalized_loo_fragility,{},1010,45,0,2.785453143444077e-05,0.2234324552290365,0.1034805841239454,0.21727557083788235,0.3639697523002786,5,5,1.0,0.0,0.0,"{""T1036 - Defense Evasion: Masquerading"": 5, ""T1498.001 - Impact: Direct Network Flood"": 5, ""T1498.002 - Impact: Reflection/Amplification Attack"": 5, ""T1571 - Defense Evasion: Non-Standard Port"": 5, ""T1583.005 - Resource Development: Acquire Botnet"": 5, ""T1584.005 - Resource Development: Build/Compromise Botnet"": 5, ""T1590 - Reconnaissance: Gather Victim Network Information"": 5, ""T1595 - Reconnaissance: Active Scanning"": 5, ""TA0011 - Command-and-Control"": 5}",11108045,0
stochastic_normalized_fragility,stochastic_normalized_loo_fragility,{},1010,90,45,1.866737686576836e-05,0.2213785539727833,0.10143722245072741,0.21607296201317222,0.35503433747151164,6,12,2.0,1.8856180831641267,14.0,"{""T1036 - Defense Evasion: Masquerading"": 12, ""T1498.001 - Impact: Direct Network Flood"": 12, ""T1498.002 - Impact: Reflection/Amplification Attack"": 9, ""T1571 - Defense Evasion: Non-Standard Port"": 10, ""T1583.005 - Resource Development: Acquire Botnet"": 6, ""T1584.005 - Resource Development: Build/Compromise Botnet"": 9, ""T1590 - Reconnaissance: Gather Victim Network Information"": 11, ""T1595 - Reconnaissance: Active Scanning"": 9, ""TA0011 - Command-and-Control"": 12}",11108090,45
stochastic_normalized_fragility,stochastic_normalized_loo_fragility,{},1010,180,135,3.776170355199984e-06,0.22435342058761462,0.10594391865730675,0.22011285996747743,0.35761765098876863,13,24,1.8461538461538463,3.0550504633038935,20.0,"{""T1036 - Defense Evasion: Masquerading"": 23, ""T1498.001 - Impact: Direct Network Flood"": 20, ""T1498.002 - Impact: Reflection/Amplification Attack"": 13, ""T1571 - Defense Evasion: Non-Standard Port"": 19, ""T1583.005 - Resource Development: Acquire Botnet"": 18, ""T1584.005 - Resource Development: Build/Compromise Botnet"": 21, ""T1590 - Reconnaissance: Gather Victim Network Information"": 20, ""T1595 - Reconnaissance: Active Scanning"": 22, ""TA0011 - Command-and-Control"": 24}",11108180,135
stochastic_normalized_fragility,stochastic_normalized_loo_fragility,{},1010,360,315,1.0499328895018088e-05,0.2244400561981166,0.10573558336729397,0.22004977586799307,0.35583776130684985,26,47,1.8076923076923077,6.6332495807108,50.0,"{""T1036 - Defense Evasion: Masquerading"": 37, ""T1498.001 - Impact: Direct Network Flood"": 36, ""T1498.002 - Impact: Reflection/Amplification Attack"": 26, ""T1571 - Defense Evasion: Non-Standard Port"": 36, ""T1583.005 - Resource Development: Acquire Botnet"": 45, ""T1584.005 - Resource Development: Build/Compromise Botnet"": 40, ""T1590 - Reconnaissance: Gather Victim Network Information"": 47, ""T1595 - Reconnaissance: Active Scanning"": 47, ""TA0011 - Command-and-Control"": 46}",11108360,315
stochastic_normalized_fragility,stochastic_normalized_loo_fragility,{},1010,720,675,4.5490374775002e-06,0.22469894498171808,0.10594781699162004,0.2205748228634899,0.35679317030724006,62,91,1.467741935483871,9.683892697555967,76.0,"{""T1036 - Defense Evasion: Masquerading"": 90, ""T1498.001 - Impact: Direct Network Flood"": 70, ""T1498.002 - Impact: Reflection/Amplification Attack"": 62, ""T1571 - Defense Evasion: Non-Standard Port"": 71, ""T1583.005 - Resource Development: Acquire Botnet"": 82, ""T1584.005 - Resource Development: Build/Compromise Botnet"": 79, ""T1590 - Reconnaissance: Gather Victim Network Information"": 88, ""T1595 - Reconnaissance: Active Scanning"": 91, ""TA0011 - Command-and-Control"": 87}",11108720,675
stochastic_normalized_fragility,stochastic_normalized_loo_fragility,{},1010,1200,1155,7.6527564036823e-07,0.22488885657965324,0.1049604739947482,0.2209386121711014,0.35953259910078483,111,152,1.3693693693693694,14.996295838935989,116.0,"{""T1036 - Defense Evasion: Masquerading"": 152, ""T1498.001 - Impact: Direct Network Flood"": 125, ""T1498.002 - Impact: Reflection/Amplification Attack"": 111, ""T1571 - Defense Evasion: Non-Standard Port"": 112, ""T1583.005 - Resource Development: Acquire Botnet"": 152, ""T1584.005 - Resource Development: Build/Compromise Botnet"": 126, ""T1590 - Reconnaissance: Gather Victim Network Information"": 133, ""T1595 - Reconnaissance: Active Scanning"": 144, ""TA0011 - Command-and-Control"": 145}",11109200,1155
stochastic_normalized_fragility,stochastic_normalized_loo_fragility,{},1010,1798,1753,0.0,0.22470484448919714,0.10282013170083151,0.21987138712593557,0.3602157968474639,199,200,1.0050251256281406,0.41573970964154905,0.0,"{""T1036 - Defense Evasion: Masquerading"": 200, ""T1498.001 - Impact: Direct Network Flood"": 200, ""T1498.002 - Impact: Reflection/Amplification Attack"": 200, ""T1571 - Defense Evasion: Non-Standard Port"": 200, ""T1583.005 - Resource Development: Acquire Botnet"": 200, ""T1584.005 - Resource Development: Build/Compromise Botnet"": 199, ""T1590 - Reconnaissance: Gather Victim Network Information"": 199, ""T1595 - Reconnaissance: Active Scanning"": 200, ""TA0011 - Command-and-Control"": 200}",11109798,1753
