reveal_seed,budget,max_loo_terms_per_step,step_name,exact_loo_fragility,approx_loo_fragility,absolute_error,relative_absolute_error,exact_rank,approx_rank,n_revealed,exact_n_loo_terms_used,approx_n_loo_terms_used,exact_n_loo_terms_available,approx_n_loo_terms_available,approx_loo_subsampled
101,45,10,T1036 - Defense Evasion: Masquerading,7.100825118626385e-05,7.100825118626385e-05,0.0,0.0,3.0,3.0,5,5,5,5,5,False
101,45,10,T1498.001 - Impact: Direct Network Flood,6.417196344683167e-05,6.417196344683167e-05,0.0,0.0,6.0,6.0,5,5,5,5,5,False
101,45,10,T1498.002 - Impact: Reflection/Amplification Attack,4.637213434982494e-05,4.637213434982494e-05,0.0,0.0,9.0,9.0,5,5,5,5,5,False
101,45,10,T1571 - Defense Evasion: Non-Standard Port,0.0001489057652205421,0.0001489057652205421,0.0,0.0,1.0,1.0,5,5,5,5,5,False
101,45,10,T1583.005 - Resource Development: Acquire Botnet,6.997228069606592e-05,6.997228069606592e-05,0.0,0.0,4.0,4.0,5,5,5,5,5,False
101,45,10,T1584.005 - Resource Development: Build/Compromise Botnet,0.00010253034620182338,0.00010253034620182338,0.0,0.0,2.0,2.0,5,5,5,5,5,False
101,45,10,T1590 - Reconnaissance: Gather Victim Network Information,6.178177945506548e-05,6.178177945506548e-05,0.0,0.0,7.0,7.0,5,5,5,5,5,False
101,45,10,T1595 - Reconnaissance: Active Scanning,6.009540510590277e-05,6.009540510590277e-05,0.0,0.0,8.0,8.0,5,5,5,5,5,False
101,45,10,TA0011 - Command-and-Control,6.465909658864761e-05,6.465909658864761e-05,0.0,0.0,5.0,5.0,5,5,5,5,5,False
101,45,20,T1036 - Defense Evasion: Masquerading,7.100825118626385e-05,7.100825118626385e-05,0.0,0.0,3.0,3.0,5,5,5,5,5,False
101,45,20,T1498.001 - Impact: Direct Network Flood,6.417196344683167e-05,6.417196344683167e-05,0.0,0.0,6.0,6.0,5,5,5,5,5,False
101,45,20,T1498.002 - Impact: Reflection/Amplification Attack,4.637213434982494e-05,4.637213434982494e-05,0.0,0.0,9.0,9.0,5,5,5,5,5,False
101,45,20,T1571 - Defense Evasion: Non-Standard Port,0.0001489057652205421,0.0001489057652205421,0.0,0.0,1.0,1.0,5,5,5,5,5,False
101,45,20,T1583.005 - Resource Development: Acquire Botnet,6.997228069606592e-05,6.997228069606592e-05,0.0,0.0,4.0,4.0,5,5,5,5,5,False
101,45,20,T1584.005 - Resource Development: Build/Compromise Botnet,0.00010253034620182338,0.00010253034620182338,0.0,0.0,2.0,2.0,5,5,5,5,5,False
101,45,20,T1590 - Reconnaissance: Gather Victim Network Information,6.178177945506548e-05,6.178177945506548e-05,0.0,0.0,7.0,7.0,5,5,5,5,5,False
101,45,20,T1595 - Reconnaissance: Active Scanning,6.009540510590277e-05,6.009540510590277e-05,0.0,0.0,8.0,8.0,5,5,5,5,5,False
101,45,20,TA0011 - Command-and-Control,6.465909658864761e-05,6.465909658864761e-05,0.0,0.0,5.0,5.0,5,5,5,5,5,False
101,180,10,T1036 - Defense Evasion: Masquerading,6.917263921328934e-05,7.393684712484914e-05,4.764207911559805e-06,0.06887416609904842,2.0,3.0,20,20,10,20,20,True
101,180,10,T1498.001 - Impact: Direct Network Flood,7.926252800912861e-05,8.730393483404393e-05,8.041406824915322e-06,0.10145281667695967,1.0,1.0,20,20,10,20,20,True
101,180,10,T1498.002 - Impact: Reflection/Amplification Attack,6.85865200892854e-05,8.020838253835957e-05,1.1621862449074169e-05,0.1694481986328614,4.0,2.0,20,20,10,20,20,True
101,180,10,T1571 - Defense Evasion: Non-Standard Port,6.451901163979271e-05,6.535703075742072e-05,8.380191176280072e-07,0.01298871578067441,6.0,7.0,20,20,10,20,20,True
101,180,10,T1583.005 - Resource Development: Acquire Botnet,6.404700386547559e-05,5.815431757234601e-05,5.892686293129575e-06,0.09200564968661036,7.0,8.0,20,20,10,20,20,True
101,180,10,T1584.005 - Resource Development: Build/Compromise Botnet,6.913443425881691e-05,6.788422233082246e-05,1.2502119279944574e-06,0.018083780149704982,3.0,5.0,20,20,10,20,20,True
101,180,10,T1590 - Reconnaissance: Gather Victim Network Information,6.0781088443613096e-05,5.16986422491393e-05,9.082446194473796e-06,0.14942881540317937,8.0,9.0,20,20,10,20,20,True
101,180,10,T1595 - Reconnaissance: Active Scanning,6.06335333323098e-05,7.250477736193717e-05,1.1871244029627372e-05,0.19578677311742226,9.0,4.0,20,20,10,20,20,True
101,180,10,TA0011 - Command-and-Control,6.531093335998818e-05,6.655121954099817e-05,1.2402861810099827e-06,0.01899048288260023,5.0,6.0,20,20,10,20,20,True
101,180,20,T1036 - Defense Evasion: Masquerading,6.917263921328934e-05,6.917263921328934e-05,0.0,0.0,2.0,2.0,20,20,20,20,20,False
101,180,20,T1498.001 - Impact: Direct Network Flood,7.926252800912861e-05,7.926252800912861e-05,0.0,0.0,1.0,1.0,20,20,20,20,20,False
101,180,20,T1498.002 - Impact: Reflection/Amplification Attack,6.85865200892854e-05,6.85865200892854e-05,0.0,0.0,4.0,4.0,20,20,20,20,20,False
101,180,20,T1571 - Defense Evasion: Non-Standard Port,6.451901163979271e-05,6.451901163979271e-05,0.0,0.0,6.0,6.0,20,20,20,20,20,False
101,180,20,T1583.005 - Resource Development: Acquire Botnet,6.404700386547559e-05,6.404700386547559e-05,0.0,0.0,7.0,7.0,20,20,20,20,20,False
101,180,20,T1584.005 - Resource Development: Build/Compromise Botnet,6.913443425881691e-05,6.913443425881691e-05,0.0,0.0,3.0,3.0,20,20,20,20,20,False
101,180,20,T1590 - Reconnaissance: Gather Victim Network Information,6.0781088443613096e-05,6.0781088443613096e-05,0.0,0.0,8.0,8.0,20,20,20,20,20,False
101,180,20,T1595 - Reconnaissance: Active Scanning,6.06335333323098e-05,6.06335333323098e-05,0.0,0.0,9.0,9.0,20,20,20,20,20,False
101,180,20,TA0011 - Command-and-Control,6.531093335998818e-05,6.531093335998818e-05,0.0,0.0,5.0,5.0,20,20,20,20,20,False
101,720,10,T1036 - Defense Evasion: Masquerading,0.0001148055049432768,0.0001245880759931509,9.78257104987409e-06,0.0852099467660329,1.0,1.0,80,80,10,80,80,True
101,720,10,T1498.001 - Impact: Direct Network Flood,0.00010187911167492169,7.597441937244018e-05,2.590469230248151e-05,0.2542689234557708,6.0,9.0,80,80,10,80,80,True
101,720,10,T1498.002 - Impact: Reflection/Amplification Attack,0.00010161419073332833,0.00010677617732564101,5.161986592312675e-06,0.05079985880180554,7.0,5.0,80,80,10,80,80,True
101,720,10,T1571 - Defense Evasion: Non-Standard Port,0.00010441712063680617,9.702961225055257e-05,7.387508386253602e-06,0.07074997156069439,4.0,7.0,80,80,10,80,80,True
101,720,10,T1583.005 - Resource Development: Acquire Botnet,9.730880475808387e-05,9.833025004297232e-05,1.0214452848884457e-06,0.0104969460567405,8.0,6.0,80,80,10,80,80,True
101,720,10,T1584.005 - Resource Development: Build/Compromise Botnet,0.00010856454436588195,0.00011988629806028999,1.1321753694408041e-05,0.10428592185645603,2.0,2.0,80,80,10,80,80,True
101,720,10,T1590 - Reconnaissance: Gather Victim Network Information,0.00010483261578798624,0.00010846455946994418,3.631943681957941e-06,0.03464516858625397,3.0,4.0,80,80,10,80,80,True
101,720,10,T1595 - Reconnaissance: Active Scanning,0.00010238615581053489,0.00011059179622466117,8.205640414126277e-06,0.08014404163358507,5.0,3.0,80,80,10,80,80,True
101,720,10,TA0011 - Command-and-Control,9.432485865119869e-05,9.277665507079781e-05,1.548203580400875e-06,0.0164135264672106,9.0,8.0,80,80,10,80,80,True
101,720,20,T1036 - Defense Evasion: Masquerading,0.0001148055049432768,0.00011774466482002266,2.939159876745855e-06,0.025601210086544438,1.0,1.0,80,80,20,80,80,True
101,720,20,T1498.001 - Impact: Direct Network Flood,0.00010187911167492169,9.188477580825816e-05,9.994335866663528e-06,0.09809995007076372,6.0,9.0,80,80,20,80,80,True
101,720,20,T1498.002 - Impact: Reflection/Amplification Attack,0.00010161419073332833,0.0001116976893174412,1.008349858411287e-05,0.0992331721790943,7.0,3.0,80,80,20,80,80,True
101,720,20,T1571 - Defense Evasion: Non-Standard Port,0.00010441712063680617,0.00010641551665750036,1.9983960206941873e-06,0.019138585601365297,4.0,5.0,80,80,20,80,80,True
101,720,20,T1583.005 - Resource Development: Acquire Botnet,9.730880475808387e-05,9.859809747961843e-05,1.2892927215345598e-06,0.01324949691336082,8.0,8.0,80,80,20,80,80,True
101,720,20,T1584.005 - Resource Development: Build/Compromise Botnet,0.00010856454436588195,0.00011301566006325533,4.451115697373382e-06,0.04099971756315403,2.0,2.0,80,80,20,80,80,True
101,720,20,T1590 - Reconnaissance: Gather Victim Network Information,0.00010483261578798624,0.00010827658782945536,3.4439720414691267e-06,0.0328521041159759,3.0,4.0,80,80,20,80,80,True
101,720,20,T1595 - Reconnaissance: Active Scanning,0.00010238615581053489,0.00010590061097204748,3.5144551615125865e-06,0.03432549156050529,5.0,6.0,80,80,20,80,80,True
101,720,20,TA0011 - Command-and-Control,9.432485865119869e-05,0.00010270838755498553,8.383528903786847e-06,0.08887931489946625,9.0,7.0,80,80,20,80,80,True
202,45,10,T1036 - Defense Evasion: Masquerading,0.00013431339655681858,0.00013431339655681858,0.0,0.0,2.0,2.0,5,5,5,5,5,False
202,45,10,T1498.001 - Impact: Direct Network Flood,5.177676842444551e-05,5.177676842444551e-05,0.0,0.0,8.0,8.0,5,5,5,5,5,False
202,45,10,T1498.002 - Impact: Reflection/Amplification Attack,9.226604387076154e-05,9.226604387076154e-05,0.0,0.0,4.0,4.0,5,5,5,5,5,False
202,45,10,T1571 - Defense Evasion: Non-Standard Port,0.00013991767668690574,0.00013991767668690574,0.0,0.0,1.0,1.0,5,5,5,5,5,False
202,45,10,T1583.005 - Resource Development: Acquire Botnet,4.276430773117053e-05,4.276430773117053e-05,0.0,0.0,9.0,9.0,5,5,5,5,5,False
202,45,10,T1584.005 - Resource Development: Build/Compromise Botnet,9.669233557868945e-05,9.669233557868945e-05,0.0,0.0,3.0,3.0,5,5,5,5,5,False
202,45,10,T1590 - Reconnaissance: Gather Victim Network Information,7.738494671600248e-05,7.738494671600248e-05,0.0,0.0,5.0,5.0,5,5,5,5,5,False
202,45,10,T1595 - Reconnaissance: Active Scanning,7.430898211079909e-05,7.430898211079909e-05,0.0,0.0,6.0,6.0,5,5,5,5,5,False
202,45,10,TA0011 - Command-and-Control,7.30710083544804e-05,7.30710083544804e-05,0.0,0.0,7.0,7.0,5,5,5,5,5,False
202,45,20,T1036 - Defense Evasion: Masquerading,0.00013431339655681858,0.00013431339655681858,0.0,0.0,2.0,2.0,5,5,5,5,5,False
202,45,20,T1498.001 - Impact: Direct Network Flood,5.177676842444551e-05,5.177676842444551e-05,0.0,0.0,8.0,8.0,5,5,5,5,5,False
202,45,20,T1498.002 - Impact: Reflection/Amplification Attack,9.226604387076154e-05,9.226604387076154e-05,0.0,0.0,4.0,4.0,5,5,5,5,5,False
202,45,20,T1571 - Defense Evasion: Non-Standard Port,0.00013991767668690574,0.00013991767668690574,0.0,0.0,1.0,1.0,5,5,5,5,5,False
202,45,20,T1583.005 - Resource Development: Acquire Botnet,4.276430773117053e-05,4.276430773117053e-05,0.0,0.0,9.0,9.0,5,5,5,5,5,False
202,45,20,T1584.005 - Resource Development: Build/Compromise Botnet,9.669233557868945e-05,9.669233557868945e-05,0.0,0.0,3.0,3.0,5,5,5,5,5,False
202,45,20,T1590 - Reconnaissance: Gather Victim Network Information,7.738494671600248e-05,7.738494671600248e-05,0.0,0.0,5.0,5.0,5,5,5,5,5,False
202,45,20,T1595 - Reconnaissance: Active Scanning,7.430898211079909e-05,7.430898211079909e-05,0.0,0.0,6.0,6.0,5,5,5,5,5,False
202,45,20,TA0011 - Command-and-Control,7.30710083544804e-05,7.30710083544804e-05,0.0,0.0,7.0,7.0,5,5,5,5,5,False
202,180,10,T1036 - Defense Evasion: Masquerading,5.141070717348394e-05,5.383613622208101e-05,2.42542904859707e-06,0.04717750707522896,7.0,5.0,20,20,10,20,20,True
202,180,10,T1498.001 - Impact: Direct Network Flood,5.434986424781016e-05,4.704224349283528e-05,7.307620754974885e-06,0.13445517705803917,2.0,8.0,20,20,10,20,20,True
202,180,10,T1498.002 - Impact: Reflection/Amplification Attack,5.9787953123151715e-05,6.974327384360893e-05,9.95532072045722e-06,0.166510476340287,1.0,1.0,20,20,10,20,20,True
202,180,10,T1571 - Defense Evasion: Non-Standard Port,4.919116386365903e-05,5.8108197631010535e-05,8.917033767351507e-06,0.18127307601002038,8.0,3.0,20,20,10,20,20,True
202,180,10,T1583.005 - Resource Development: Acquire Botnet,5.2133639833021754e-05,5.65906658203034e-05,4.457025987281644e-06,0.08549232158093469,5.0,4.0,20,20,10,20,20,True
202,180,10,T1584.005 - Resource Development: Build/Compromise Botnet,5.213862259895425e-05,4.787849945976252e-05,4.260123139191731e-06,0.08170762565502739,4.0,7.0,20,20,10,20,20,True
202,180,10,T1590 - Reconnaissance: Gather Victim Network Information,5.1476273166768766e-05,4.366999588685637e-05,7.806277279912395e-06,0.1516480632343793,6.0,9.0,20,20,10,20,20,True
202,180,10,T1595 - Reconnaissance: Active Scanning,4.05811793392124e-05,4.858237769526124e-05,8.001198356048837e-06,0.19716524480480707,9.0,6.0,20,20,10,20,20,True
202,180,10,TA0011 - Command-and-Control,5.3696239765074706e-05,6.116019562569994e-05,7.463955860625236e-06,0.1390033222862031,3.0,2.0,20,20,10,20,20,True
202,180,20,T1036 - Defense Evasion: Masquerading,5.141070717348394e-05,5.141070717348394e-05,0.0,0.0,7.0,7.0,20,20,20,20,20,False
202,180,20,T1498.001 - Impact: Direct Network Flood,5.434986424781016e-05,5.434986424781016e-05,0.0,0.0,2.0,2.0,20,20,20,20,20,False
202,180,20,T1498.002 - Impact: Reflection/Amplification Attack,5.9787953123151715e-05,5.9787953123151715e-05,0.0,0.0,1.0,1.0,20,20,20,20,20,False
202,180,20,T1571 - Defense Evasion: Non-Standard Port,4.919116386365903e-05,4.919116386365903e-05,0.0,0.0,8.0,8.0,20,20,20,20,20,False
202,180,20,T1583.005 - Resource Development: Acquire Botnet,5.2133639833021754e-05,5.2133639833021754e-05,0.0,0.0,5.0,5.0,20,20,20,20,20,False
202,180,20,T1584.005 - Resource Development: Build/Compromise Botnet,5.213862259895425e-05,5.213862259895425e-05,0.0,0.0,4.0,4.0,20,20,20,20,20,False
202,180,20,T1590 - Reconnaissance: Gather Victim Network Information,5.1476273166768766e-05,5.1476273166768766e-05,0.0,0.0,6.0,6.0,20,20,20,20,20,False
202,180,20,T1595 - Reconnaissance: Active Scanning,4.05811793392124e-05,4.05811793392124e-05,0.0,0.0,9.0,9.0,20,20,20,20,20,False
202,180,20,TA0011 - Command-and-Control,5.3696239765074706e-05,5.3696239765074706e-05,0.0,0.0,3.0,3.0,20,20,20,20,20,False
202,720,10,T1036 - Defense Evasion: Masquerading,5.876902007639879e-05,6.346555137717383e-05,4.6965313007750465e-06,0.07991508476327401,5.0,2.0,80,80,10,80,80,True
202,720,10,T1498.001 - Impact: Direct Network Flood,6.819178177903747e-05,5.642694295631538e-05,1.1764838822722096e-05,0.17252575520490238,1.0,4.0,80,80,10,80,80,True
202,720,10,T1498.002 - Impact: Reflection/Amplification Attack,6.025760562388988e-05,5.381460605419059e-05,6.442999569699293e-06,0.10692425289830355,4.0,6.0,80,80,10,80,80,True
202,720,10,T1571 - Defense Evasion: Non-Standard Port,5.7863506671622137e-05,5.900769581008733e-05,1.1441891384651924e-06,0.019773933252690352,8.0,3.0,80,80,10,80,80,True
202,720,10,T1583.005 - Resource Development: Acquire Botnet,5.8719847953853704e-05,6.926542888634883e-05,1.054558093249513e-05,0.17959141789997807,6.0,1.0,80,80,10,80,80,True
202,720,10,T1584.005 - Resource Development: Build/Compromise Botnet,5.6090675471457806e-05,5.5370627966609654e-05,7.200475048481521e-07,0.012837204864422594,9.0,5.0,80,80,10,80,80,True
202,720,10,T1590 - Reconnaissance: Gather Victim Network Information,5.815327999616161e-05,5.368583098623716e-05,4.467449009924446e-06,0.07682195971400682,7.0,7.0,80,80,10,80,80,True
202,720,10,T1595 - Reconnaissance: Active Scanning,6.714113724854714e-05,4.1649193962255254e-05,2.549194328629188e-05,0.37967696037449145,2.0,9.0,80,80,10,80,80,True
202,720,10,TA0011 - Command-and-Control,6.645038207003921e-05,5.160733646669459e-05,1.484304560334462e-05,0.2233703542039771,3.0,8.0,80,80,10,80,80,True
202,720,20,T1036 - Defense Evasion: Masquerading,5.876902007639879e-05,5.248167003816236e-05,6.287350038236429e-06,0.10698408656599834,5.0,9.0,80,80,20,80,80,True
202,720,20,T1498.001 - Impact: Direct Network Flood,6.819178177903747e-05,6.49496852724622e-05,3.242096506575267e-06,0.047543800359064754,1.0,1.0,80,80,20,80,80,True
202,720,20,T1498.002 - Impact: Reflection/Amplification Attack,6.025760562388988e-05,5.554661370333603e-05,4.7109919205538535e-06,0.07818086685650276,4.0,6.0,80,80,20,80,80,True
202,720,20,T1571 - Defense Evasion: Non-Standard Port,5.7863506671622137e-05,5.929405808085972e-05,1.430551409237584e-06,0.024722860172183544,8.0,5.0,80,80,20,80,80,True
202,720,20,T1583.005 - Resource Development: Acquire Botnet,5.8719847953853704e-05,6.056330186918487e-05,1.843453915331167e-06,0.03139405070302354,6.0,4.0,80,80,20,80,80,True
202,720,20,T1584.005 - Resource Development: Build/Compromise Botnet,5.6090675471457806e-05,5.347654741395804e-05,2.6141280574997635e-06,0.04660539365807049,9.0,7.0,80,80,20,80,80,True
202,720,20,T1590 - Reconnaissance: Gather Victim Network Information,5.815327999616161e-05,6.299485794603447e-05,4.841577949872866e-06,0.08325545638933825,7.0,2.0,80,80,20,80,80,True
202,720,20,T1595 - Reconnaissance: Active Scanning,6.714113724854714e-05,6.180183600715296e-05,5.339301241394172e-06,0.07952354369729067,2.0,3.0,80,80,20,80,80,True
202,720,20,TA0011 - Command-and-Control,6.645038207003921e-05,5.29457230061389e-05,1.3504659063900309e-05,0.2032292131358565,3.0,8.0,80,80,20,80,80,True
