model_id,model_name,node_id,node_name,expert,benchmark,benchmark_task,low_ci,high_ci,mode,confidence,min,max,row_index,row_type,row_valid,validation_errors,validation_warnings,method,success,status,message,alpha,beta,a,b,pert_lambda,support_upper_bound_used,fitted_mode,fitted_mass,q_low,q_high,fitted_low_quantile,fitted_high_quantile,mode_error,mass_error,low_error,high_error,loss,unified_score
RM6,OC3 + Financial + DDoS,node-1758548793791-1-216,Resource Development: Build Compromise Botnet - Uncertainty,Defensive Security Specialist,BountyBench,,0.4,0.85,0.6,0.9,0.0,1.0,0,probability,True,,,beta_ls_mass_mode,True,0,CONVERGENCE: NORM OF PROJECTED GRADIENT <= PGTOL,7.691674653009383,5.461086464273568,,,,,0.6000016123935071,0.8999943100945306,0.04999999999999999,0.95,0.3613531870849829,0.7930304398549899,1.612393507155474e-06,-5.689905469452583e-06,-0.03864681291501715,-0.05696956014501009,3.497483707322355e-11,0.004739106966579095
RM6,OC3 + Financial + DDoS,node-1758548793791-1-216,Resource Development: Build Compromise Botnet - Uncertainty,Defensive Security Specialist,BountyBench,,0.4,0.85,0.6,0.9,0.0,1.0,0,probability,True,,,beta_quantile_mode,True,0,CONVERGENCE: NORM OF PROJECTED GRADIENT <= PGTOL,7.662677628927888,4.847809261457195,,,,,0.6339076104098333,0.9117026710505911,0.04999999999999999,0.95,0.3836730333338753,0.8200929760464322,0.033907610409833366,0.011702671050591085,-0.01632696666612471,-0.029907023953567813,0.0023107259659810664,0.002447678475699409
RM6,OC3 + Financial + DDoS,node-1758548793791-1-216,Resource Development: Build Compromise Botnet - Uncertainty,Defensive Security Specialist,BountyBench,,0.4,0.85,0.6,0.9,0.0,1.0,0,probability,True,,,beta_concentration,True,0,CONVERGENCE: NORM OF PROJECTED GRADIENT <= PGTOL,7.6919938126192315,5.461329208412821,,,,,0.6,0.8999998458157618,0.04999999999999999,0.95,0.36135708853954196,0.7930259022864498,0.0,-1.5418423826574212e-07,-0.03864291146045806,-0.05697409771355022,2.3772779329587138e-14,0.004739322416437743
RM6,OC3 + Financial + DDoS,node-1758548793791-1-216,Resource Development: Build Compromise Botnet - Uncertainty,Defensive Security Specialist,BountyBench,Agentscope,0.45,0.68,0.61,0.75,0.0,1.0,1,probability,True,,,beta_ls_mass_mode,True,0,CONVERGENCE: NORM OF PROJECTED GRADIENT <= PGTOL,17.250651829153316,11.389972720898983,,,,,0.6099951522766163,0.7499918630718039,0.125,0.875,0.49669526910095774,0.70625824307162,-4.847723383716307e-06,-8.136928196122994e-06,0.046695269100957726,0.026258243071619947,8.97100224738913e-11,0.002869943575329157
RM6,OC3 + Financial + DDoS,node-1758548793791-1-216,Resource Development: Build Compromise Botnet - Uncertainty,Defensive Security Specialist,BountyBench,Agentscope,0.45,0.68,0.61,0.75,0.0,1.0,1,probability,True,,,beta_quantile_mode,True,0,CONVERGENCE: NORM OF PROJECTED GRADIENT <= PGTOL,13.555795197857448,9.85862350647425,,,,,0.5863243532880801,0.7352475330067699,0.125,0.875,0.46129174489283153,0.69500011259028,-0.023675646711919907,-0.014752466993230073,0.011291744892831523,0.015000112590280001,0.0009130431276735073,0.00113067841005985
RM6,OC3 + Financial + DDoS,node-1758548793791-1-216,Resource Development: Build Compromise Botnet - Uncertainty,Defensive Security Specialist,BountyBench,Agentscope,0.45,0.68,0.61,0.75,0.0,1.0,1,probability,True,,,beta_concentration,True,0,CONVERGENCE: NORM OF PROJECTED GRADIENT <= PGTOL,17.252175099746257,11.390734899837772,,,,,0.61,0.7499983028146388,0.125,0.875,0.4967048067673205,0.7062590103393869,0.0,-1.6971853612490762e-06,0.04670480676732047,0.026259010339386823,2.8804381504381573e-12,0.0028708746020572064
RM6,OC3 + Financial + DDoS,node-1758548793791-1-216,Resource Development: Build Compromise Botnet - Uncertainty,Defensive Security Specialist,BountyBench,Imaginairy,0.47,0.77,0.62,0.65,0.0,1.0,2,probability,True,,,beta_ls_mass_mode,True,0,CONVERGENCE: NORM OF PROJECTED GRADIENT <= PGTOL,5.50489450650699,3.7610994369653215,,,,,0.6199970081937843,0.6499971980542933,0.175,0.825,0.4439005926644408,0.7451775698768712,-2.991806215657533e-06,-2.8019457066763565e-06,-0.026099407335559155,-0.02482243012312879,1.6801804175209116e-11,0.0012973321172868547
RM6,OC3 + Financial + DDoS,node-1758548793791-1-216,Resource Development: Build Compromise Botnet - Uncertainty,Defensive Security Specialist,BountyBench,Imaginairy,0.47,0.77,0.62,0.65,0.0,1.0,2,probability,True,,,beta_quantile_mode,True,0,CONVERGENCE: NORM OF PROJECTED GRADIENT <= PGTOL,5.926404928077607,3.8101936040233286,,,,,0.6367662620254643,0.6667609133263004,0.175,0.825,0.463257132155866,0.7551074278427032,0.016766262025464274,0.016760913326300364,-0.006742867844133971,-0.01489257215729678,0.0005483625145302725,0.0008292907300620257
RM6,OC3 + Financial + DDoS,node-1758548793791-1-216,Resource Development: Build Compromise Botnet - Uncertainty,Defensive Security Specialist,BountyBench,Imaginairy,0.47,0.77,0.62,0.65,0.0,1.0,2,probability,True,,,beta_concentration,True,0,CONVERGENCE: NORM OF PROJECTED GRADIENT <= PGTOL,5.505224593333105,3.7612666862364197,,,,,0.62,0.6500119266572446,0.175,0.825,0.443908624623567,0.7451770459954477,0.0,1.1926657244587524e-05,-0.026091375376432968,-0.024822954004552367,1.4224515302987206e-10,0.001296939056791208
RM6,OC3 + Financial + DDoS,node-1758548793791-1-216,Resource Development: Build Compromise Botnet - Uncertainty,Defensive Security Specialist,BountyBench,librechat,0.56,0.71,0.63,0.7,0.0,1.0,3,probability,True,,,beta_ls_mass_mode,True,0,CONVERGENCE: NORM OF PROJECTED GRADIENT <= PGTOL,28.068990961665456,16.89762442435834,,,,,0.6300005415476704,0.700000331317564,0.15000000000000002,0.85,0.5493065027798942,0.6988025340773447,5.415476703740651e-07,3.313175640506927e-07,-0.010693497220105819,-0.011197465922655248,4.0304520753606193e-13,0.00023973412628848162
RM6,OC3 + Financial + DDoS,node-1758548793791-1-216,Resource Development: Build Compromise Botnet - Uncertainty,Defensive Security Specialist,BountyBench,librechat,0.56,0.71,0.63,0.7,0.0,1.0,3,probability,True,,,beta_quantile_mode,True,0,CONVERGENCE: NORM OF PROJECTED GRADIENT <= PGTOL,28.468060496913434,16.627734721803755,,,,,0.6373721695471493,0.7050627336740547,0.15000000000000002,0.85,0.5567625127490033,0.70545151255663,0.007372169547149254,0.005062733674054742,-0.0032374872509967068,-0.004548487443369997,8.55189455547756e-05,0.00011115021780918341
RM6,OC3 + Financial + DDoS,node-1758548793791-1-216,Resource Development: Build Compromise Botnet - Uncertainty,Defensive Security Specialist,BountyBench,librechat,0.56,0.71,0.63,0.7,0.0,1.0,3,probability,True,,,beta_concentration,True,0,CONVERGENCE: NORM OF PROJECTED GRADIENT <= PGTOL,28.068250334932607,16.89722638718264,,,,,0.63,0.6999937061784595,0.15000000000000002,0.85,0.5493048643046101,0.6988028368402748,0.0,-6.29382154049285e-06,-0.010695135695389935,-0.011197163159725187,3.961218958357179e-11,0.00023976242998050045
RM6,OC3 + Financial + DDoS,node-1758548793791-1-216,Resource Development: Build Compromise Botnet - Uncertainty,Defensive Security Specialist,BountyBench,Paddle,0.57,0.71,0.65,0.7,0.0,1.0,4,probability,True,,,beta_ls_mass_mode,True,0,CONVERGENCE: NORM OF PROJECTED GRADIENT <= PGTOL,32.58555872015094,18.00777545207364,,,,,0.6499977673523152,0.6999904115901886,0.15000000000000002,0.85,0.5742487845939772,0.7135559044942663,-2.2326476848411048e-06,-9.588409811356335e-06,0.004248784593977262,0.0035559044942663487,9.692231839514077e-11,3.0696724220680536e-05
RM6,OC3 + Financial + DDoS,node-1758548793791-1-216,Resource Development: Build Compromise Botnet - Uncertainty,Defensive Security Specialist,BountyBench,Paddle,0.57,0.71,0.65,0.7,0.0,1.0,4,probability,True,,,beta_quantile_mode,True,0,CONVERGENCE: NORM OF PROJECTED GRADIENT <= PGTOL,32.02403006397371,17.894787389326552,,,,,0.6474289582418947,0.6976969138947121,0.15000000000000002,0.85,0.571121397893747,0.7115920637863942,-0.002571041758105297,-0.0023030861052878437,0.0011213978937471003,0.0015920637863942044,1.040245605796946e-05,1.570666166633939e-05
RM6,OC3 + Financial + DDoS,node-1758548793791-1-216,Resource Development: Build Compromise Botnet - Uncertainty,Defensive Security Specialist,BountyBench,Paddle,0.57,0.71,0.65,0.7,0.0,1.0,4,probability,True,,,beta_concentration,True,0,CONVERGENCE: NORM OF PROJECTED GRADIENT <= PGTOL,32.58745031418825,18.00862709225521,,,,,0.65,0.700002348366964,0.15000000000000002,0.85,0.5742532509686739,0.7135563849315745,0.0,2.3483669640000926e-06,0.004253250968673905,0.0035563849315745077,5.514827397607012e-12,3.073802309888313e-05
RM6,OC3 + Financial + DDoS,node-1758548793791-1-216,Resource Development: Build Compromise Botnet - Uncertainty,Defensive Security Specialist,BountyBench,fastAPI,0.55,0.74,0.66,0.75,0.0,1.0,5,probability,True,,,beta_ls_mass_mode,True,0,CONVERGENCE: NORM OF PROJECTED GRADIENT <= PGTOL,21.72322114833454,11.675599986794829,,,,,0.6599999744942385,0.7500000965041398,0.125,0.875,0.5548840440646876,0.7438666777378058,-2.5505761502842006e-08,9.650413979045425e-08,0.004884044064687565,0.0038666777378058015,9.963592866535392e-15,3.8805083163816415e-05
RM6,OC3 + Financial + DDoS,node-1758548793791-1-216,Resource Development: Build Compromise Botnet - Uncertainty,Defensive Security Specialist,BountyBench,fastAPI,0.55,0.74,0.66,0.75,0.0,1.0,5,probability,True,,,beta_quantile_mode,True,0,CONVERGENCE: NORM OF PROJECTED GRADIENT <= PGTOL,21.32170634422245,11.603020030660048,,,,,0.6571345562730032,0.7474620178095233,0.125,0.875,0.5512032136279905,0.7418965283685909,-0.002865443726996819,-0.0025379821904767397,0.0012032136279904737,0.0018965283685908885,1.3255310640037437e-05,1.9696664239214544e-05
RM6,OC3 + Financial + DDoS,node-1758548793791-1-216,Resource Development: Build Compromise Botnet - Uncertainty,Defensive Security Specialist,BountyBench,fastAPI,0.55,0.74,0.66,0.75,0.0,1.0,5,probability,True,,,beta_concentration,True,0,CONVERGENCE: NORM OF PROJECTED GRADIENT <= PGTOL,21.72325840874945,11.675617968143655,,,,,0.66,0.7500004778348145,0.125,0.875,0.5548841654745807,0.7438666391222435,0.0,4.778348144940381e-07,0.004884165474580704,0.003866639122243498,2.283261099425518e-13,3.880597071307623e-05
RM6,OC3 + Financial + DDoS,node-1758548793791-1-216,Resource Development: Build Compromise Botnet - Uncertainty,Defensive Security Specialist,BountyBench,MLFlow0,0.47,0.73,0.62,0.7,0.0,1.0,6,probability,True,,,beta_ls_mass_mode,True,0,CONVERGENCE: NORM OF PROJECTED GRADIENT <= PGTOL,9.161849953256082,6.002378627362798,,,,,0.6200021446963035,0.699999365126281,0.15000000000000002,0.85,0.4739753126948723,0.733280991807656,2.144696303552074e-06,-6.348737189298959e-07,0.003975312694872335,0.003280991807656064,5.002786873457805e-12,2.6568023266706226e-05
RM6,OC3 + Financial + DDoS,node-1758548793791-1-216,Resource Development: Build Compromise Botnet - Uncertainty,Defensive Security Specialist,BountyBench,MLFlow0,0.47,0.73,0.62,0.7,0.0,1.0,6,probability,True,,,beta_quantile_mode,True,0,CONVERGENCE: NORM OF PROJECTED GRADIENT <= PGTOL,9.0461647510098,5.981747141276454,,,,,0.6176096996613774,0.698092469751357,0.15000000000000002,0.85,0.4710449677332463,0.7317858942577938,-0.002390300338622642,-0.0019075302486429857,0.0010449677332463048,0.001785894257793852,9.99491157236649e-06,1.363358322185446e-05
RM6,OC3 + Financial + DDoS,node-1758548793791-1-216,Resource Development: Build Compromise Botnet - Uncertainty,Defensive Security Specialist,BountyBench,MLFlow0,0.47,0.73,0.62,0.7,0.0,1.0,6,probability,True,,,beta_concentration,True,0,CONVERGENCE: NORM OF PROJECTED GRADIENT <= PGTOL,9.161830736636915,6.002412386971012,,,,,0.62,0.6999999644721788,0.15000000000000002,0.85,0.4739734239171231,0.7332792082004993,0.0,-3.552782112947739e-08,0.003973423917123131,0.0032792082004993173,1.26222607420814e-15,2.6541304048650324e-05
RM6,OC3 + Financial + DDoS,node-1758548793791-1-216,Resource Development: Build Compromise Botnet - Uncertainty,Defensive Security Specialist,BountyBench,cURL,0.48,0.76,0.62,0.75,0.0,1.0,7,probability,True,,,beta_ls_mass_mode,True,0,CONVERGENCE: NORM OF PROJECTED GRADIENT <= PGTOL,9.57859712032335,6.257845215359305,,,,,0.6200002075822696,0.7499998742111815,0.125,0.875,0.46294343171795843,0.7434357234976754,2.0758226959571857e-07,-1.2578881847247203e-07,-0.01705656828204155,-0.016564276502324615,5.891322550321011e-14,0.0005653017776643225
RM6,OC3 + Financial + DDoS,node-1758548793791-1-216,Resource Development: Build Compromise Botnet - Uncertainty,Defensive Security Specialist,BountyBench,cURL,0.48,0.76,0.62,0.75,0.0,1.0,7,probability,True,,,beta_quantile_mode,True,0,CONVERGENCE: NORM OF PROJECTED GRADIENT <= PGTOL,9.925020048773652,6.211409677703665,,,,,0.631348948883269,0.7578545170376256,0.125,0.875,0.47504327083095954,0.7515377128873405,0.011348948883268983,0.00785451703762563,-0.004956729169040441,-0.008462287112659506,0.0002249781079873518,0.00028667154588170313
RM6,OC3 + Financial + DDoS,node-1758548793791-1-216,Resource Development: Build Compromise Botnet - Uncertainty,Defensive Security Specialist,BountyBench,cURL,0.48,0.76,0.62,0.75,0.0,1.0,7,probability,True,,,beta_concentration,True,0,CONVERGENCE: NORM OF PROJECTED GRADIENT <= PGTOL,9.578631334946866,6.257870818193241,,,,,0.62,0.750000706309984,0.125,0.875,0.4629435688512632,0.7434353563198869,0.0,7.063099840554088e-07,-0.017056431148736784,-0.016564643680113122,4.988737935763518e-13,0.0005653092642795838
