policy_name,budget,n_seeds,policy_wins,policy_win_fraction,mean_policy_minus_baseline_distance,median_policy_minus_baseline_distance,mean_relative_difference_policy_minus_baseline
softmax_normalized_fragility_temp0.25,45,30,0,0.0,0.0,0.0,0.0
softmax_normalized_fragility_temp0.25,90,30,8,0.26666666666666666,2.3713529353936195e-05,1.5295541076324504e-05,2.3278452671112797
softmax_normalized_fragility_temp0.25,135,30,8,0.26666666666666666,8.474547993760897e-06,7.826043107065034e-06,1.373597971992363
softmax_normalized_fragility_temp0.25,180,30,8,0.26666666666666666,1.2916839584992297e-05,6.755827132102446e-06,3.4914669344005733
softmax_normalized_fragility_temp0.25,225,30,10,0.3333333333333333,1.1613923756137268e-05,7.294998539851091e-06,1.7929514377174656
softmax_normalized_fragility_temp0.25,270,30,13,0.43333333333333335,5.497799676047033e-06,2.625894264934288e-06,1.2373362329546063
softmax_normalized_fragility_temp0.25,315,30,11,0.36666666666666664,5.066519597762143e-06,2.7213110359100632e-06,1.0742919136133262
softmax_normalized_fragility_temp0.25,360,30,10,0.3333333333333333,4.353567530254805e-06,2.544358155828005e-06,0.9086187611417877
softmax_normalized_fragility_temp0.25,405,30,10,0.3333333333333333,5.916786239143238e-06,1.945417527538994e-06,1.2407150874885884
softmax_normalized_fragility_temp0.25,450,30,12,0.4,1.1398011775241114e-06,1.6599858822280514e-06,0.663426271510991
softmax_normalized_fragility_temp0.25,495,30,6,0.2,3.046761377693095e-06,3.0031885875604047e-06,1.1796859086591478
softmax_normalized_fragility_temp0.25,540,30,10,0.3333333333333333,5.102747640727373e-06,2.888361323172616e-06,1.5958872327139686
softmax_normalized_fragility_temp0.25,585,30,9,0.3,4.524129924002898e-06,1.564560773016989e-06,1.1047703403048241
softmax_normalized_fragility_temp0.25,630,30,8,0.26666666666666666,3.4975203273779102e-06,2.1673985055271033e-06,0.8794861860018462
softmax_normalized_fragility_temp0.25,675,30,8,0.26666666666666666,3.1738736529096257e-06,2.166949895446186e-06,1.0762164376452823
softmax_normalized_fragility_temp0.25,720,30,12,0.4,2.3279677959097974e-06,9.986060606325543e-07,0.8876048227475162
softmax_normalized_fragility_temp0.25,765,30,12,0.4,1.1667959480365413e-06,6.338713255619043e-07,0.8128508654516333
softmax_normalized_fragility_temp0.25,810,30,8,0.26666666666666666,1.5245574949367184e-06,1.2564424108990656e-06,0.9026419393293745
softmax_normalized_fragility_temp0.25,855,30,14,0.4666666666666667,1.275841809771602e-06,5.281377528643213e-07,0.5959791863936406
softmax_normalized_fragility_temp0.25,900,30,14,0.4666666666666667,-1.0694109398295129e-07,2.9335447499388966e-07,0.35581930521218214
softmax_normalized_fragility_temp0.25,945,30,8,0.26666666666666666,1.62886127570381e-06,1.4964012539648423e-06,0.7136453461568943
softmax_normalized_fragility_temp0.25,990,30,8,0.26666666666666666,2.0761660261388168e-06,1.8249803311995665e-06,0.9003429162113137
softmax_normalized_fragility_temp0.25,1035,30,13,0.43333333333333335,-1.1839758501157741e-08,4.243859332954104e-07,0.5840443922941999
softmax_normalized_fragility_temp0.25,1080,30,8,0.26666666666666666,1.0284726967402268e-06,8.19330029884384e-07,0.8491349562930507
softmax_normalized_fragility_temp0.25,1125,30,14,0.4666666666666667,7.818445364390858e-07,2.9945632161856413e-07,0.8552096338661528
softmax_normalized_fragility_temp0.25,1170,30,15,0.5,4.4386178110021164e-08,1.3470951966257783e-07,0.5849261393902839
softmax_normalized_fragility_temp0.25,1215,30,13,0.43333333333333335,2.348464114014134e-07,4.931859136733495e-07,0.7314477500662603
softmax_normalized_fragility_temp0.25,1260,30,12,0.4,6.479725621452399e-07,7.135963139449968e-07,0.4511700987939641
softmax_normalized_fragility_temp0.25,1305,30,10,0.3333333333333333,1.8888505175403672e-06,8.631554812780593e-07,1.265704437673112
softmax_normalized_fragility_temp0.25,1350,30,15,0.5,6.62634305529721e-07,2.248564063535846e-08,0.6075647516043798
softmax_normalized_fragility_temp0.25,1395,30,15,0.5,-1.2623523946835823e-06,-2.4425612895601933e-07,0.7368773754618125
softmax_normalized_fragility_temp0.25,1440,30,13,0.43333333333333335,-3.163024805344895e-07,4.074054543036223e-07,0.7594163547574972
softmax_normalized_fragility_temp0.25,1485,30,17,0.5666666666666667,1.9341436828395017e-07,-1.1905306318928173e-07,0.24763416349430198
softmax_normalized_fragility_temp0.25,1530,30,15,0.5,3.2634318349670404e-07,1.7878316592286093e-07,0.8108674705401973
softmax_normalized_fragility_temp0.25,1575,30,12,0.4,6.373294503707932e-07,3.201394849452453e-07,0.7518268953686942
softmax_normalized_fragility_temp0.25,1620,30,13,0.43333333333333335,3.842764799689762e-07,3.478376563627826e-07,0.3504296913425426
softmax_normalized_fragility_temp0.25,1665,30,18,0.6,-3.676447655507539e-07,-4.516514662653883e-07,0.23131964900350846
softmax_normalized_fragility_temp0.25,1710,30,12,0.4,2.921617409788827e-07,5.267694163062043e-07,0.5868579046172487
softmax_normalized_fragility_temp0.25,1755,30,14,0.4666666666666667,2.8662821616308604e-07,5.036185572185358e-07,0.702634171136713
softmax_normalized_fragility_temp0.25,1798,30,0,0.0,0.0,0.0,
softmax_normalized_fragility_temp0.5,45,30,0,0.0,0.0,0.0,0.0
softmax_normalized_fragility_temp0.5,90,30,6,0.2,1.7578118518242736e-05,8.068581484396095e-06,1.3670463192529174
softmax_normalized_fragility_temp0.5,135,30,9,0.3,1.225366971570337e-05,7.708328510817437e-06,1.4666854082062573
softmax_normalized_fragility_temp0.5,180,30,8,0.26666666666666666,8.143628876516281e-06,6.3765103899148694e-06,1.859021953661326
softmax_normalized_fragility_temp0.5,225,30,15,0.5,1.7207355851658144e-06,1.9853760766595216e-07,0.23973738668398187
softmax_normalized_fragility_temp0.5,270,30,11,0.36666666666666664,1.7958582101559814e-06,1.2119874226536086e-06,0.6486084414514273
softmax_normalized_fragility_temp0.5,315,30,14,0.4666666666666667,-1.4229875458981551e-07,4.661417834186951e-07,0.4579802611528362
softmax_normalized_fragility_temp0.5,360,30,15,0.5,1.3240256583536077e-06,4.51432262834288e-07,0.6855452649667699
softmax_normalized_fragility_temp0.5,405,30,12,0.4,1.6976685204189349e-06,1.7798570910716632e-06,0.4159543432471914
softmax_normalized_fragility_temp0.5,450,30,15,0.5,2.1421875861415385e-07,4.2211389811964845e-08,0.3071895131771262
softmax_normalized_fragility_temp0.5,495,30,12,0.4,1.5519853449819214e-06,7.19310539184469e-07,0.6104599184608582
softmax_normalized_fragility_temp0.5,540,30,9,0.3,9.496810061483312e-07,1.3621799977852843e-06,0.6176851948573082
softmax_normalized_fragility_temp0.5,585,30,10,0.3333333333333333,1.4858475806834915e-06,9.198540206183397e-07,0.47233988694361145
softmax_normalized_fragility_temp0.5,630,30,15,0.5,1.0907800817763967e-08,-4.628857230792033e-08,0.24509586525907331
softmax_normalized_fragility_temp0.5,675,30,16,0.5333333333333333,-3.564682641425974e-08,-2.9302067387639674e-07,0.2551488566911159
softmax_normalized_fragility_temp0.5,720,30,19,0.6333333333333333,-9.475366546257986e-07,-6.750346399885684e-07,0.1173963324316262
softmax_normalized_fragility_temp0.5,765,30,16,0.5333333333333333,4.454018681272772e-07,-1.996339229588147e-07,0.5614698348374003
softmax_normalized_fragility_temp0.5,810,30,17,0.5666666666666667,-1.024159151669592e-07,-5.201856401937843e-07,0.22933419382450868
softmax_normalized_fragility_temp0.5,855,30,15,0.5,-1.6394187477212574e-07,-3.027272306715836e-07,0.12188686116844623
softmax_normalized_fragility_temp0.5,900,30,17,0.5666666666666667,1.0095207687768355e-06,-3.1172752754943716e-07,0.6048540155667189
softmax_normalized_fragility_temp0.5,945,30,13,0.43333333333333335,1.4261895379242013e-06,6.834076343052754e-07,0.6225403612622065
softmax_normalized_fragility_temp0.5,990,30,11,0.36666666666666664,7.669314130637399e-07,1.485821879736412e-06,0.5076701730693357
softmax_normalized_fragility_temp0.5,1035,30,15,0.5,-1.2704224502866603e-07,3.3177418120381665e-07,0.40317252211677324
softmax_normalized_fragility_temp0.5,1080,30,14,0.4666666666666667,5.172443432243922e-07,1.9871111182351758e-07,0.6978658968546197
softmax_normalized_fragility_temp0.5,1125,30,16,0.5333333333333333,-5.441054468990576e-08,-1.9854321354070521e-07,0.25852720810672164
softmax_normalized_fragility_temp0.5,1170,30,19,0.6333333333333333,-5.665707172226922e-07,-4.0905039069080477e-07,0.23028735964282904
softmax_normalized_fragility_temp0.5,1215,30,15,0.5,-3.8750944863895244e-07,2.0066913135029787e-07,0.6718338240352307
softmax_normalized_fragility_temp0.5,1260,30,13,0.43333333333333335,6.438736753685291e-07,7.776573928304817e-07,1.177083668803421
softmax_normalized_fragility_temp0.5,1305,30,12,0.4,1.6281689521063807e-06,3.5938775840073633e-07,1.1834101010323501
softmax_normalized_fragility_temp0.5,1350,30,18,0.6,-9.675580799170501e-08,-4.7596664999593267e-07,0.3411490182006721
softmax_normalized_fragility_temp0.5,1395,30,15,0.5,-1.5126628181398034e-06,-2.281863645398076e-07,0.023154225658535452
softmax_normalized_fragility_temp0.5,1440,30,12,0.4,-1.0429607251882477e-06,3.231281033605301e-07,0.5225656861530293
softmax_normalized_fragility_temp0.5,1485,30,13,0.43333333333333335,9.041597581237286e-07,1.9168799390638536e-07,0.8725460304849375
softmax_normalized_fragility_temp0.5,1530,30,16,0.5333333333333333,-4.0632530905451794e-07,-3.289101190735137e-08,0.16810289423457134
softmax_normalized_fragility_temp0.5,1575,30,11,0.36666666666666664,5.314625787331771e-07,1.2976247158862307e-06,0.720646008046625
softmax_normalized_fragility_temp0.5,1620,30,16,0.5333333333333333,-7.577742149056493e-07,-4.7434861580354767e-07,0.03978119894251494
softmax_normalized_fragility_temp0.5,1665,30,17,0.5666666666666667,1.3424490737902416e-07,-4.4072323321314257e-07,0.3910648124290847
softmax_normalized_fragility_temp0.5,1710,30,13,0.43333333333333335,9.027093591461912e-07,4.773488603225822e-07,1.5350208265770426
softmax_normalized_fragility_temp0.5,1755,30,13,0.43333333333333335,3.249365967562743e-07,6.573937677356128e-07,0.6880811599797043
softmax_normalized_fragility_temp0.5,1798,30,0,0.0,0.0,0.0,
softmax_normalized_fragility_temp1.0,45,30,0,0.0,0.0,0.0,0.0
softmax_normalized_fragility_temp1.0,90,30,10,0.3333333333333333,1.4191168927406299e-05,1.49419692109141e-05,1.1725213422001397
softmax_normalized_fragility_temp1.0,135,30,11,0.36666666666666664,7.973443378804218e-06,4.6062759905144275e-06,1.4005585373352767
softmax_normalized_fragility_temp1.0,180,30,11,0.36666666666666664,3.733922464474348e-06,3.636574625465292e-06,1.0182083888176459
softmax_normalized_fragility_temp1.0,225,30,11,0.36666666666666664,4.193802118769218e-06,1.793389091447478e-06,0.42900851032903553
softmax_normalized_fragility_temp1.0,270,30,13,0.43333333333333335,1.5732747439030873e-06,6.732728977453147e-07,0.673620078882561
softmax_normalized_fragility_temp1.0,315,30,11,0.36666666666666664,1.1725489044656809e-06,2.2685310469856238e-06,0.4164429806292663
softmax_normalized_fragility_temp1.0,360,30,17,0.5666666666666667,-2.9260092010077973e-07,-1.4192157483085333e-07,0.27681857269343896
softmax_normalized_fragility_temp1.0,405,30,15,0.5,8.763418269124312e-07,3.9041877352420637e-07,0.4257429524299977
softmax_normalized_fragility_temp1.0,450,30,12,0.4,1.919971088796104e-06,1.5783211666989785e-06,0.8028077311439757
softmax_normalized_fragility_temp1.0,495,30,15,0.5,6.69056663031251e-07,-8.789069821258385e-08,0.7535193965228093
softmax_normalized_fragility_temp1.0,540,30,13,0.43333333333333335,5.159637921693976e-07,7.048959278479551e-07,0.5782402463715515
softmax_normalized_fragility_temp1.0,585,30,14,0.4666666666666667,1.0287426034173052e-06,8.321431782635862e-08,0.4129192242409809
softmax_normalized_fragility_temp1.0,630,30,17,0.5666666666666667,-2.181038148074819e-07,-4.6459316357815594e-07,0.14450997549654038
softmax_normalized_fragility_temp1.0,675,30,11,0.36666666666666664,6.79835491004494e-07,4.847260209876512e-07,0.4233722004280281
softmax_normalized_fragility_temp1.0,720,30,15,0.5,9.806828380683543e-08,-3.888253584327257e-08,0.32742397218624925
softmax_normalized_fragility_temp1.0,765,30,12,0.4,5.22555070077248e-08,6.650970324373344e-07,0.6060039751202202
softmax_normalized_fragility_temp1.0,810,30,13,0.43333333333333335,6.313859508467999e-07,7.071005001201737e-07,0.47664346378704436
softmax_normalized_fragility_temp1.0,855,30,18,0.6,-3.2234812187191325e-07,-4.286018132615131e-07,0.10414667460248762
softmax_normalized_fragility_temp1.0,900,30,14,0.4666666666666667,3.1340247848526685e-07,1.6473558085162703e-07,0.4420388828802766
softmax_normalized_fragility_temp1.0,945,30,14,0.4666666666666667,4.691813136970346e-07,3.0737400504626944e-07,0.5194812418065599
softmax_normalized_fragility_temp1.0,990,30,10,0.3333333333333333,1.0595183039134632e-06,1.3306915543231864e-06,0.5859423364933589
softmax_normalized_fragility_temp1.0,1035,30,19,0.6333333333333333,-1.1721146340695508e-06,-7.978476524338955e-07,-0.011331323993091223
softmax_normalized_fragility_temp1.0,1080,30,10,0.3333333333333333,1.2235470488747335e-06,7.177884868504718e-07,0.9112780343095678
softmax_normalized_fragility_temp1.0,1125,30,12,0.4,4.4864201511155305e-07,4.0325582591440846e-07,0.3930530410162922
softmax_normalized_fragility_temp1.0,1170,30,15,0.5,2.0467695719772838e-07,1.551643436117697e-08,0.6830164775991941
softmax_normalized_fragility_temp1.0,1215,30,13,0.43333333333333335,-8.119914820027525e-08,3.6567898493094654e-07,0.2182566523918774
softmax_normalized_fragility_temp1.0,1260,30,14,0.4666666666666667,2.403099622520811e-07,3.9183456850810106e-07,0.30942704753561656
softmax_normalized_fragility_temp1.0,1305,30,16,0.5333333333333333,7.855069650646188e-07,-1.9819275845444975e-07,0.8820186673674058
softmax_normalized_fragility_temp1.0,1350,30,15,0.5,-5.90337317687444e-08,-1.215681986593858e-07,0.2419436818360263
softmax_normalized_fragility_temp1.0,1395,30,16,0.5333333333333333,-1.613980124351763e-06,-2.749305013623179e-07,0.5116271391331603
softmax_normalized_fragility_temp1.0,1440,30,14,0.4666666666666667,-1.2453059329285722e-06,1.168202822411998e-07,0.4900480470367616
softmax_normalized_fragility_temp1.0,1485,30,18,0.6,1.4137102939011106e-08,-2.7197077490035364e-07,0.30586414901809006
softmax_normalized_fragility_temp1.0,1530,30,18,0.6,-8.756327060385741e-07,-3.823488151922953e-07,0.11574956482059931
softmax_normalized_fragility_temp1.0,1575,30,16,0.5333333333333333,-1.3516045394433147e-07,-2.50220838384077e-07,0.5671526729218309
softmax_normalized_fragility_temp1.0,1620,30,20,0.6666666666666666,-8.757656678070675e-07,-6.736246724433734e-07,0.0064693604089190076
softmax_normalized_fragility_temp1.0,1665,30,20,0.6666666666666666,-6.506864918394118e-07,-7.383974892099662e-07,0.19155391656718032
softmax_normalized_fragility_temp1.0,1710,30,15,0.5,1.1465084562258039e-06,-1.4342566390949379e-08,1.913088245237892
softmax_normalized_fragility_temp1.0,1755,30,17,0.5666666666666667,-2.3194638282299567e-07,-2.627911145487611e-07,0.28377062407715575
softmax_normalized_fragility_temp1.0,1798,30,0,0.0,0.0,0.0,
softmax_normalized_fragility_temp2.0,45,30,0,0.0,0.0,0.0,0.0
softmax_normalized_fragility_temp2.0,90,30,10,0.3333333333333333,1.1429612553695044e-05,1.1042601330518349e-05,0.9594057523521908
softmax_normalized_fragility_temp2.0,135,30,11,0.36666666666666664,6.189946101455524e-06,6.7399169218236204e-06,1.3132987607928543
softmax_normalized_fragility_temp2.0,180,30,12,0.4,6.2980249183755715e-06,2.194759883603084e-06,0.9939650098440865
softmax_normalized_fragility_temp2.0,225,30,14,0.4666666666666667,2.2725622932549298e-06,2.211837330364859e-06,0.6347883683160245
softmax_normalized_fragility_temp2.0,270,30,11,0.36666666666666664,2.0342732600955535e-06,1.6131159549801238e-06,0.5540893894158796
softmax_normalized_fragility_temp2.0,315,30,10,0.3333333333333333,1.4848741809326658e-06,1.370839790199653e-06,0.38594028094086025
softmax_normalized_fragility_temp2.0,360,30,17,0.5666666666666667,-6.193655124673748e-07,-3.4487852061697613e-07,0.09323182521135255
softmax_normalized_fragility_temp2.0,405,30,17,0.5666666666666667,2.3576691654781682e-07,-3.9599367539192514e-07,0.06842564045485856
softmax_normalized_fragility_temp2.0,450,30,16,0.5333333333333333,-8.607469139815655e-09,-1.3983626741596165e-07,0.28812209996880345
softmax_normalized_fragility_temp2.0,495,30,19,0.6333333333333333,-4.278394899699224e-07,-4.859651251551517e-07,0.29665780991568297
softmax_normalized_fragility_temp2.0,540,30,15,0.5,3.337010019869835e-07,1.0255661094181045e-07,0.5243513402644383
softmax_normalized_fragility_temp2.0,585,30,13,0.43333333333333335,6.734685309108358e-07,9.737504994811505e-07,0.2463288312428847
softmax_normalized_fragility_temp2.0,630,30,13,0.43333333333333335,1.3532447884280415e-07,4.6942204583071013e-07,0.4033448845236327
softmax_normalized_fragility_temp2.0,675,30,14,0.4666666666666667,2.4517983460262255e-07,3.193103669636094e-07,0.2186789447283324
softmax_normalized_fragility_temp2.0,720,30,18,0.6,-5.896642953158758e-07,-6.725651624558708e-07,0.39853644327651555
softmax_normalized_fragility_temp2.0,765,30,11,0.36666666666666664,-1.189528706602187e-07,2.613221731349226e-07,0.4012676889765418
softmax_normalized_fragility_temp2.0,810,30,11,0.36666666666666664,1.137126161011793e-06,7.316268800864973e-07,0.9370107229900387
softmax_normalized_fragility_temp2.0,855,30,18,0.6,-5.204928313465635e-07,-1.0390918509008867e-06,0.13022796499297593
softmax_normalized_fragility_temp2.0,900,30,17,0.5666666666666667,-1.248220869615364e-06,-7.672522763726936e-07,0.09461171711173084
softmax_normalized_fragility_temp2.0,945,30,8,0.26666666666666666,1.1857339851250558e-06,6.50780839994471e-07,0.6801409824382476
softmax_normalized_fragility_temp2.0,990,30,15,0.5,-7.493112999489387e-08,9.041725743375905e-09,0.13362333740018384
softmax_normalized_fragility_temp2.0,1035,30,20,0.6666666666666666,-1.7655347395170478e-06,-9.692863451105119e-07,-0.06317229521815303
softmax_normalized_fragility_temp2.0,1080,30,15,0.5,-3.1930012118064277e-07,5.291365957718461e-08,0.3137946350250664
softmax_normalized_fragility_temp2.0,1125,30,18,0.6,-4.6840571336155115e-07,-7.654540427915536e-07,0.10499083874451769
softmax_normalized_fragility_temp2.0,1170,30,12,0.4,1.2098061707383917e-07,2.4502342990782403e-07,0.2632050246981185
softmax_normalized_fragility_temp2.0,1215,30,13,0.43333333333333335,7.573014323415505e-07,4.922190611858222e-07,0.5322314055755825
softmax_normalized_fragility_temp2.0,1260,30,17,0.5666666666666667,5.018961136056657e-07,-5.629737024483327e-07,0.9539879588725086
softmax_normalized_fragility_temp2.0,1305,30,16,0.5333333333333333,2.0276507107868933e-07,-8.914513396083145e-08,0.3559375743354772
softmax_normalized_fragility_temp2.0,1350,30,15,0.5,-4.922641783756774e-07,-2.259880486079872e-08,0.15286537652166504
softmax_normalized_fragility_temp2.0,1395,30,20,0.6666666666666666,-2.5105773646878354e-06,-1.50883667153704e-06,0.0828090943780162
softmax_normalized_fragility_temp2.0,1440,30,18,0.6,-1.4702283854910215e-06,-1.5750737419168688e-07,0.13642672796525276
softmax_normalized_fragility_temp2.0,1485,30,13,0.43333333333333335,2.885879681817245e-07,5.20278409866566e-07,0.4048259818728018
softmax_normalized_fragility_temp2.0,1530,30,23,0.7666666666666667,-1.560623181157917e-06,-6.87128934268854e-07,-0.2605741357737151
softmax_normalized_fragility_temp2.0,1575,30,16,0.5333333333333333,-7.772897296818609e-08,-1.807722765394281e-07,0.45470348012757095
softmax_normalized_fragility_temp2.0,1620,30,17,0.5666666666666667,-1.0581802567058471e-07,-3.1184484423519147e-07,0.3667158223116075
softmax_normalized_fragility_temp2.0,1665,30,14,0.4666666666666667,1.2492387741721352e-08,1.6905631263575415e-07,0.35408217064950104
softmax_normalized_fragility_temp2.0,1710,30,14,0.4666666666666667,1.6274388375624268e-07,2.9950079900779576e-07,0.5743810560144632
softmax_normalized_fragility_temp2.0,1755,30,15,0.5,-1.4050569613156328e-07,8.495240492026928e-09,0.23790879501018836
softmax_normalized_fragility_temp2.0,1798,30,0,0.0,0.0,0.0,
softmax_normalized_fragility_temp4.0,45,30,0,0.0,0.0,0.0,0.0
softmax_normalized_fragility_temp4.0,90,30,10,0.3333333333333333,1.2362668385389483e-05,1.0782739115704719e-05,0.8933684534562006
softmax_normalized_fragility_temp4.0,135,30,14,0.4666666666666667,3.418518725183239e-06,3.500038881315684e-06,1.0571952786643408
softmax_normalized_fragility_temp4.0,180,30,10,0.3333333333333333,4.198838676730641e-06,2.7520283272262552e-06,0.5566301551729497
softmax_normalized_fragility_temp4.0,225,30,15,0.5,1.2567063650793811e-08,1.3677954834645875e-07,0.10549601582071863
softmax_normalized_fragility_temp4.0,270,30,10,0.3333333333333333,8.036787057920065e-07,7.409799038012392e-07,0.44655265222614193
softmax_normalized_fragility_temp4.0,315,30,13,0.43333333333333335,1.173275987615988e-06,7.784742485586813e-07,0.22809911872500763
softmax_normalized_fragility_temp4.0,360,30,15,0.5,4.7306307617556904e-07,1.1403255963648908e-08,0.21827698503982987
softmax_normalized_fragility_temp4.0,405,30,15,0.5,1.0550733798132526e-06,6.641573194871788e-08,0.3477842135093292
softmax_normalized_fragility_temp4.0,450,30,15,0.5,4.434802541999377e-08,2.474584010345682e-08,0.4999317580073627
softmax_normalized_fragility_temp4.0,495,30,15,0.5,-3.8547681297942807e-07,-1.5806999834801432e-07,0.1960100476725774
softmax_normalized_fragility_temp4.0,540,30,12,0.4,6.945245825834368e-07,7.686693338579832e-07,0.39687229493529846
softmax_normalized_fragility_temp4.0,585,30,14,0.4666666666666667,1.0910802243529197e-06,3.13039689662678e-07,0.31590019086167553
softmax_normalized_fragility_temp4.0,630,30,16,0.5333333333333333,-2.728406956221141e-07,-1.36516966576072e-07,0.01583657912667613
softmax_normalized_fragility_temp4.0,675,30,19,0.6333333333333333,-3.293684025127588e-07,-8.957318186552901e-07,0.2060473616895041
softmax_normalized_fragility_temp4.0,720,30,15,0.5,-1.4026732428055346e-07,-2.880873837829722e-07,0.20308880496323461
softmax_normalized_fragility_temp4.0,765,30,15,0.5,-8.955751638955144e-10,-3.5285439367328774e-09,0.4941296291117638
softmax_normalized_fragility_temp4.0,810,30,15,0.5,6.489241845048347e-07,-4.569786681412649e-08,0.6856500440883484
softmax_normalized_fragility_temp4.0,855,30,18,0.6,4.7137530428220913e-07,-4.175741203795618e-07,0.26326518046962516
softmax_normalized_fragility_temp4.0,900,30,19,0.6333333333333333,-1.6433846406892597e-06,-8.192975085112966e-07,-0.14129363327878128
softmax_normalized_fragility_temp4.0,945,30,15,0.5,4.9828702471051744e-08,-5.5294633402092296e-08,0.24649353781065325
softmax_normalized_fragility_temp4.0,990,30,18,0.6,-5.291513494837604e-07,-4.611109894262099e-07,0.022218685736327244
softmax_normalized_fragility_temp4.0,1035,30,22,0.7333333333333333,-1.8329283295897183e-06,-1.2712908244767556e-06,-0.017679279357969764
softmax_normalized_fragility_temp4.0,1080,30,9,0.3,8.916876164234428e-07,8.711586739930396e-07,0.796451669821409
softmax_normalized_fragility_temp4.0,1125,30,16,0.5333333333333333,3.965899880221499e-08,-2.0258927566350307e-07,0.46084400571095985
softmax_normalized_fragility_temp4.0,1170,30,16,0.5333333333333333,7.437741589901406e-08,-2.499483999871869e-07,0.3082145926216595
softmax_normalized_fragility_temp4.0,1215,30,18,0.6,-1.1872327613620841e-06,-3.9885590216957517e-07,0.06670974786081793
softmax_normalized_fragility_temp4.0,1260,30,17,0.5666666666666667,-1.0798628719672788e-07,-4.4241917233774536e-07,0.566140310580655
softmax_normalized_fragility_temp4.0,1305,30,16,0.5333333333333333,1.7007625815920712e-07,-2.4647203402129745e-07,0.3630545467358082
softmax_normalized_fragility_temp4.0,1350,30,14,0.4666666666666667,1.96059225654578e-07,7.790626796634029e-08,0.2849312968256749
softmax_normalized_fragility_temp4.0,1395,30,14,0.4666666666666667,-1.7696093098887709e-06,2.641498904902331e-07,0.2515852127826379
softmax_normalized_fragility_temp4.0,1440,30,17,0.5666666666666667,-1.8256491413545305e-06,-4.2317926595947116e-07,0.07948603596387517
softmax_normalized_fragility_temp4.0,1485,30,15,0.5,3.60118431283634e-08,-4.546828831609849e-08,0.14349228316572618
softmax_normalized_fragility_temp4.0,1530,30,18,0.6,-1.3175142741835273e-06,-7.02570749868071e-07,0.13495009270216052
softmax_normalized_fragility_temp4.0,1575,30,12,0.4,-1.002371039505067e-08,1.3354601561677188e-07,0.38741211862946506
softmax_normalized_fragility_temp4.0,1620,30,18,0.6,-6.06547975745429e-07,-3.9514808557481485e-07,0.025076518623386602
softmax_normalized_fragility_temp4.0,1665,30,13,0.43333333333333335,2.8319166772647776e-07,2.587300175296267e-07,0.43102206189737513
softmax_normalized_fragility_temp4.0,1710,30,11,0.36666666666666664,3.566942146598166e-07,4.456916834259678e-07,0.5523614670787612
softmax_normalized_fragility_temp4.0,1755,30,13,0.43333333333333335,5.300784070863991e-07,3.8625569545240847e-07,0.548992709196683
softmax_normalized_fragility_temp4.0,1798,30,0,0.0,0.0,0.0,
stochastic_normalized_fragility,45,30,0,0.0,0.0,0.0,0.0
stochastic_normalized_fragility,90,30,10,0.3333333333333333,1.4559518320275225e-05,1.5649759394133658e-05,1.1376645887633416
stochastic_normalized_fragility,135,30,10,0.3333333333333333,8.530869103206376e-06,4.6062759905144275e-06,1.487839211749614
stochastic_normalized_fragility,180,30,10,0.3333333333333333,7.610352189298479e-06,3.848051305600901e-06,1.2846217573610588
stochastic_normalized_fragility,225,30,14,0.4666666666666667,1.5718971651909633e-06,3.093435487957262e-07,0.31370305336129095
stochastic_normalized_fragility,270,30,12,0.4,1.3722943785810397e-06,1.581933126104986e-06,0.3268832356053805
stochastic_normalized_fragility,315,30,12,0.4,-6.050487704586044e-08,1.089611172944125e-06,0.40711398000706267
stochastic_normalized_fragility,360,30,20,0.6666666666666666,-1.0775401342102384e-06,-1.2095098459195234e-06,0.1930869292856694
stochastic_normalized_fragility,405,30,14,0.4666666666666667,1.4822921063886693e-06,3.280081446163597e-07,0.2656864287112391
stochastic_normalized_fragility,450,30,13,0.43333333333333335,8.360728195596022e-07,7.082252660851012e-07,0.3407774217140105
stochastic_normalized_fragility,495,30,13,0.43333333333333335,7.826135237388416e-07,5.305242527555351e-07,0.3935496308420467
stochastic_normalized_fragility,540,30,10,0.3333333333333333,1.3446984980120214e-06,2.1549812702844753e-06,0.6168964763911232
stochastic_normalized_fragility,585,30,11,0.36666666666666664,7.65814943043159e-07,7.759398191424157e-07,0.28024638520380185
stochastic_normalized_fragility,630,30,11,0.36666666666666664,6.103405906584391e-07,9.848420763292566e-07,0.2619292501789626
stochastic_normalized_fragility,675,30,17,0.5666666666666667,-3.830699311367697e-07,-3.375588912009281e-07,0.10805758737391664
stochastic_normalized_fragility,720,30,15,0.5,-4.367954025918064e-07,-1.0466569937056189e-07,0.1759439246152353
stochastic_normalized_fragility,765,30,16,0.5333333333333333,-5.844035099928442e-07,-2.7487655879059556e-07,0.32649768609966273
stochastic_normalized_fragility,810,30,9,0.3,1.6065661266592156e-06,1.028238477153315e-06,0.8388954239228844
stochastic_normalized_fragility,855,30,16,0.5333333333333333,9.967850456844949e-09,-1.363127069542563e-07,0.14563543671211399
stochastic_normalized_fragility,900,30,16,0.5333333333333333,-9.772567056797792e-07,-1.8869756711764362e-07,0.04491649037630522
stochastic_normalized_fragility,945,30,15,0.5,-5.191095979809441e-09,-1.14092363627177e-07,0.2954970582775939
stochastic_normalized_fragility,990,30,19,0.6333333333333333,-5.561214511568635e-07,-8.842269782952777e-07,0.08984766938990059
stochastic_normalized_fragility,1035,30,15,0.5,-6.599704031411428e-07,-7.453356819553003e-08,0.09165001707053791
stochastic_normalized_fragility,1080,30,16,0.5333333333333333,-1.764355354026942e-07,-2.649704817513541e-07,0.4096554584537412
stochastic_normalized_fragility,1125,30,17,0.5666666666666667,1.5291200517358877e-07,-5.311019898386344e-07,0.5337530493873133
stochastic_normalized_fragility,1170,30,13,0.43333333333333335,1.9554503458291387e-07,1.5414466292641492e-07,0.3767108693908028
stochastic_normalized_fragility,1215,30,15,0.5,4.886669409844402e-07,-1.4467993691935763e-07,1.0000146258570066
stochastic_normalized_fragility,1260,30,13,0.43333333333333335,8.696187658630147e-07,4.68126905975444e-07,0.9333483716861699
stochastic_normalized_fragility,1305,30,16,0.5333333333333333,6.496170464620034e-07,-2.0155563942397135e-07,0.6207059733928669
stochastic_normalized_fragility,1350,30,14,0.4666666666666667,-2.554336747384915e-07,6.276218309528294e-08,0.19981966506033733
stochastic_normalized_fragility,1395,30,19,0.6333333333333333,-1.76592230423886e-06,-9.074011803825908e-07,0.20238749609573506
stochastic_normalized_fragility,1440,30,12,0.4,-7.635588624208278e-07,3.542012079855762e-07,0.5426921340065227
stochastic_normalized_fragility,1485,30,15,0.5,3.527933287015695e-07,1.8238105113969492e-08,0.23775400297637062
stochastic_normalized_fragility,1530,30,17,0.5666666666666667,-7.89674191087152e-07,-3.4371033374165166e-07,0.21508031959892857
stochastic_normalized_fragility,1575,30,14,0.4666666666666667,3.5809895471205266e-07,3.811831507872552e-08,0.31273291621096966
stochastic_normalized_fragility,1620,30,17,0.5666666666666667,-5.3469409647774245e-08,-3.3257670009515046e-07,0.10466785546080169
stochastic_normalized_fragility,1665,30,16,0.5333333333333333,-1.671778667813745e-07,-3.0673265477705134e-07,0.2232680621384957
stochastic_normalized_fragility,1710,30,18,0.6,-5.419866899858092e-07,-2.2081255877433115e-07,0.3344102923590325
stochastic_normalized_fragility,1755,30,15,0.5,-3.7446160481020287e-07,-4.407323397490223e-08,0.25054424274818854
stochastic_normalized_fragility,1798,30,0,0.0,0.0,0.0,
uniform_positive_fragility,45,30,0,0.0,0.0,0.0,0.0
uniform_positive_fragility,90,30,4,0.13333333333333333,1.8939430927823965e-05,6.799041520832887e-06,1.0425807892888084
uniform_positive_fragility,135,30,10,0.3333333333333333,6.249754711160049e-06,2.591794648462642e-06,1.0193838091094736
uniform_positive_fragility,180,30,12,0.4,4.2594741079455546e-06,1.7806603954091721e-06,0.7878017436578851
uniform_positive_fragility,225,30,15,0.5,5.266853977217427e-07,-6.947296241142285e-08,0.3867343616277464
uniform_positive_fragility,270,30,8,0.26666666666666666,3.012594130709433e-06,2.4784639983761963e-06,0.5871527494159421
uniform_positive_fragility,315,30,14,0.4666666666666667,1.0110684794964609e-06,1.4433862139202618e-06,0.47150358569199574
uniform_positive_fragility,360,30,14,0.4666666666666667,8.801652899029827e-07,8.140487187063533e-07,0.48073971469653176
uniform_positive_fragility,405,30,16,0.5333333333333333,6.516080972754052e-07,-3.094333579094215e-07,0.2209503545595971
uniform_positive_fragility,450,30,15,0.5,-3.4398129067203595e-07,2.904596077747875e-07,0.35742893323176317
uniform_positive_fragility,495,30,12,0.4,3.656285286900809e-07,2.7773939249809017e-07,0.43988107966489487
uniform_positive_fragility,540,30,17,0.5666666666666667,-7.842044815626895e-07,-5.68274142117706e-07,0.250300635954349
uniform_positive_fragility,585,30,17,0.5666666666666667,3.0910710354835327e-07,-9.735018409999164e-07,0.10610470466537994
uniform_positive_fragility,630,30,13,0.43333333333333335,-3.3201572620269613e-07,1.433349991118744e-07,0.09952216622399332
uniform_positive_fragility,675,30,18,0.6,-4.857417991070284e-07,-4.112023566764897e-07,0.2501908629864821
uniform_positive_fragility,720,30,16,0.5333333333333333,5.210614902859871e-08,-4.339006981611622e-07,0.36104996506814363
uniform_positive_fragility,765,30,13,0.43333333333333335,1.9122870302530245e-08,2.1134242106445352e-07,0.3929018699587711
uniform_positive_fragility,810,30,13,0.43333333333333335,3.4911657811584003e-07,6.243403160797581e-07,0.4579959327050302
uniform_positive_fragility,855,30,17,0.5666666666666667,2.3502402062744981e-07,-6.498024312477653e-07,0.20993300126323874
uniform_positive_fragility,900,30,21,0.7,-1.7581568826768503e-06,-6.693206210968498e-07,-0.1302820594163542
uniform_positive_fragility,945,30,12,0.4,2.8917443598037333e-07,2.841540578742525e-07,0.3167158995352846
uniform_positive_fragility,990,30,19,0.6333333333333333,-5.629036226766076e-07,-2.893984491552244e-07,-0.0004907281638667789
uniform_positive_fragility,1035,30,20,0.6666666666666666,-4.267057490141474e-07,-6.11237497281174e-07,0.2517978266499564
uniform_positive_fragility,1080,30,11,0.36666666666666664,7.786066983769731e-07,6.960061611688371e-07,0.847116607201339
uniform_positive_fragility,1125,30,15,0.5,4.082183568917476e-07,2.7858477880834346e-08,0.4144855557772345
uniform_positive_fragility,1170,30,17,0.5666666666666667,-7.246541691762159e-07,-2.781939944741836e-07,0.055736360226506645
uniform_positive_fragility,1215,30,20,0.6666666666666666,-1.194518261697217e-06,-4.6451353104206706e-07,0.28235425637310596
uniform_positive_fragility,1260,30,17,0.5666666666666667,-2.847711159616078e-07,-2.88406683445853e-07,0.38365331708297107
uniform_positive_fragility,1305,30,15,0.5,4.5822419877018733e-07,2.5666831792071906e-07,0.48536880917482866
uniform_positive_fragility,1350,30,19,0.6333333333333333,-4.799657079018967e-07,-5.120396057662911e-07,0.14231347413084838
uniform_positive_fragility,1395,30,18,0.6,-1.9165482028582925e-06,-1.0765048595361966e-06,0.08155478657857844
uniform_positive_fragility,1440,30,16,0.5333333333333333,-1.4901198199499254e-06,-4.872662239517421e-07,0.5689284455721572
uniform_positive_fragility,1485,30,18,0.6,-3.0410121751740094e-08,-5.723014966894751e-07,0.4453114902024861
uniform_positive_fragility,1530,30,20,0.6666666666666666,-8.249146261471099e-07,-6.167176464374511e-07,0.07135103478252618
uniform_positive_fragility,1575,30,14,0.4666666666666667,-9.520264274797601e-08,9.037466340702824e-08,0.5106496158880917
uniform_positive_fragility,1620,30,19,0.6333333333333333,-4.5215020420845897e-07,-8.372785027306561e-07,0.2677637671243435
uniform_positive_fragility,1665,30,17,0.5666666666666667,-6.487854611413102e-09,-4.945373274968642e-07,0.23863615492711282
uniform_positive_fragility,1710,30,14,0.4666666666666667,5.215143835177694e-08,2.162183594325588e-07,0.49420514457479425
uniform_positive_fragility,1755,30,16,0.5333333333333333,-2.5049677838697497e-08,-1.911741419460749e-07,0.5856373979333783
uniform_positive_fragility,1798,30,0,0.0,0.0,0.0,
