policy_name,reveal_seed,auc_distance,mean_distance_across_budgets
stochastic_epsilon_greedy_eps0.2,101,0.0091213584922527,5.117109093789066e-06
stochastic_epsilon_greedy_eps0.2,202,0.01116495511445454,6.498905647238089e-06
stochastic_epsilon_greedy_eps0.2,303,0.008487060689144,5.148724644365708e-06
stochastic_epsilon_greedy_eps0.2,404,0.009998893348475717,6.645329843384491e-06
stochastic_epsilon_greedy_eps0.2,505,0.018892769771777188,1.1666279862203197e-05
stochastic_epsilon_greedy_eps0.2,606,0.01133616254435093,7.207148038991559e-06
stochastic_epsilon_greedy_eps0.2,707,0.011033884497170571,6.814029929330197e-06
stochastic_epsilon_greedy_eps0.2,808,0.011905179371568316,6.82094020592426e-06
stochastic_epsilon_greedy_eps0.2,909,0.012665179713363525,7.355932051035654e-06
stochastic_epsilon_greedy_eps0.2,1010,0.008869815552506148,5.27627488378547e-06
stochastic_epsilon_greedy_eps0.2,1111,0.008172972702957249,5.212803869992413e-06
stochastic_epsilon_greedy_eps0.2,1212,0.0121858196302678,7.663302913841198e-06
stochastic_epsilon_greedy_eps0.2,1313,0.02411696664495963,1.436931584839737e-05
stochastic_epsilon_greedy_eps0.2,1414,0.016466022869808767,1.0911883435031781e-05
stochastic_epsilon_greedy_eps0.2,1515,0.01010977698072785,6.615616612005465e-06
stochastic_epsilon_greedy_eps0.2,1616,0.009738822991433782,6.092253188014652e-06
stochastic_epsilon_greedy_eps0.2,1717,0.00880593847065786,5.2213840891256775e-06
stochastic_epsilon_greedy_eps0.2,1818,0.010564914484057256,6.705044889599922e-06
stochastic_epsilon_greedy_eps0.2,1919,0.01735631242983981,9.676551125308681e-06
stochastic_epsilon_greedy_eps0.2,2020,0.007642401926511379,4.428967050293216e-06
stochastic_epsilon_greedy_eps0.2,2121,0.014974958090166822,9.013141124593645e-06
stochastic_epsilon_greedy_eps0.2,2222,0.007234095861448247,4.22656981715633e-06
stochastic_epsilon_greedy_eps0.2,2323,0.01163391142734507,7.467394760728161e-06
stochastic_epsilon_greedy_eps0.2,2424,0.019354044100391207,1.1489084917410753e-05
stochastic_epsilon_greedy_eps0.2,2525,0.008647612746232913,5.291042879362395e-06
stochastic_epsilon_greedy_eps0.2,2626,0.012945594456243532,7.593179992937488e-06
stochastic_epsilon_greedy_eps0.2,2727,0.015117916562252188,8.76682994067047e-06
stochastic_epsilon_greedy_eps0.2,2828,0.012604327160047162,8.696893341419288e-06
stochastic_epsilon_greedy_eps0.2,2929,0.02002985190037784,1.12101693516451e-05
stochastic_epsilon_greedy_eps0.2,3030,0.015378583134756192,8.776520947440615e-06
stochastic_exploration_bonus_c0.25,101,0.0067370400919375545,3.7921746159992886e-06
stochastic_exploration_bonus_c0.25,202,0.012390083711630476,7.179183072879782e-06
stochastic_exploration_bonus_c0.25,303,0.0090673612828417,5.469881974596214e-06
stochastic_exploration_bonus_c0.25,404,0.010426972628400854,6.883486516518871e-06
stochastic_exploration_bonus_c0.25,505,0.0205001824774972,1.2558186518915919e-05
stochastic_exploration_bonus_c0.25,606,0.01021793593926153,6.585683305348705e-06
stochastic_exploration_bonus_c0.25,707,0.015647921333339965,9.378574045229876e-06
stochastic_exploration_bonus_c0.25,808,0.010157681861373507,5.851625663747208e-06
stochastic_exploration_bonus_c0.25,909,0.011022278261101215,6.445113050466834e-06
stochastic_exploration_bonus_c0.25,1010,0.011782523872517929,6.901282926685643e-06
stochastic_exploration_bonus_c0.25,1111,0.008157693650170193,5.2048463266577035e-06
stochastic_exploration_bonus_c0.25,1212,0.013113478573634344,8.17728028240947e-06
stochastic_exploration_bonus_c0.25,1313,0.024703429979720522,1.468817422405279e-05
stochastic_exploration_bonus_c0.25,1414,0.0164320430651292,1.0890541488021472e-05
stochastic_exploration_bonus_c0.25,1515,0.0131025326028566,8.276003925940658e-06
stochastic_exploration_bonus_c0.25,1616,0.013728776764193658,8.309877396493965e-06
stochastic_exploration_bonus_c0.25,1717,0.006898643493202897,4.162943125257709e-06
stochastic_exploration_bonus_c0.25,1818,0.014578245296878664,8.934371642811426e-06
stochastic_exploration_bonus_c0.25,1919,0.02024512621949143,1.128208585266109e-05
stochastic_exploration_bonus_c0.25,2020,0.011098504781681949,6.349657900923367e-06
stochastic_exploration_bonus_c0.25,2121,0.018124101567846586,1.076334845254806e-05
stochastic_exploration_bonus_c0.25,2222,0.0063431137679393,3.7315543748373364e-06
stochastic_exploration_bonus_c0.25,2323,0.010598747498173251,6.8931052230994375e-06
stochastic_exploration_bonus_c0.25,2424,0.018845694625053235,1.1206901274962542e-05
stochastic_exploration_bonus_c0.25,2525,0.007508972020551019,4.657510245580025e-06
stochastic_exploration_bonus_c0.25,2626,0.013909448549851464,8.129014685547264e-06
stochastic_exploration_bonus_c0.25,2727,0.012773423498420757,7.464256662550747e-06
stochastic_exploration_bonus_c0.25,2828,0.013483140679604344,9.184991397552081e-06
stochastic_exploration_bonus_c0.25,2929,0.019420265205455155,1.0872013793791456e-05
stochastic_exploration_bonus_c0.25,3030,0.014873206011725756,8.49584661611743e-06
stochastic_exploration_bonus_c0.5,101,0.00719232210750184,4.045461370613382e-06
stochastic_exploration_bonus_c0.5,202,0.01144397362598055,6.653868554893249e-06
stochastic_exploration_bonus_c0.5,303,0.010066511996639686,6.025233816115193e-06
stochastic_exploration_bonus_c0.5,404,0.010267510221955043,6.794860161705173e-06
stochastic_exploration_bonus_c0.5,505,0.020202821377639013,1.2394893953682787e-05
stochastic_exploration_bonus_c0.5,606,0.012571005328128671,7.893339642412262e-06
stochastic_exploration_bonus_c0.5,707,0.0159490373512738,9.545451911406433e-06
stochastic_exploration_bonus_c0.5,808,0.009633437644966837,5.558908839179393e-06
stochastic_exploration_bonus_c0.5,909,0.01164930263378608,6.791247398321518e-06
stochastic_exploration_bonus_c0.5,1010,0.010048295754393375,5.9318100864889185e-06
stochastic_exploration_bonus_c0.5,1111,0.006714737607482426,4.4027987204254545e-06
stochastic_exploration_bonus_c0.5,1212,0.014175652313477552,8.767212667864516e-06
stochastic_exploration_bonus_c0.5,1313,0.025119241687875785,1.4919671429802045e-05
stochastic_exploration_bonus_c0.5,1414,0.017393318742091393,1.1424062363914084e-05
stochastic_exploration_bonus_c0.5,1515,0.01394414038900083,8.746625735133942e-06
stochastic_exploration_bonus_c0.5,1616,0.013206115213932074,8.018071584809928e-06
stochastic_exploration_bonus_c0.5,1717,0.00732954269467757,4.402856190740974e-06
stochastic_exploration_bonus_c0.5,1818,0.013816896912952051,8.511424973261922e-06
stochastic_exploration_bonus_c0.5,1919,0.020139614163342548,1.1224037043021661e-05
stochastic_exploration_bonus_c0.5,2020,0.006307981296060279,3.6863050969820335e-06
stochastic_exploration_bonus_c0.5,2121,0.01821181715774307,1.0811425334390747e-05
stochastic_exploration_bonus_c0.5,2222,0.006676880218414018,3.915912188739302e-06
stochastic_exploration_bonus_c0.5,2323,0.009625459028453073,6.352907036795684e-06
stochastic_exploration_bonus_c0.5,2424,0.018293522134159284,1.0900089746114263e-05
stochastic_exploration_bonus_c0.5,2525,0.00817529510551634,5.029084083311857e-06
stochastic_exploration_bonus_c0.5,2626,0.014853682400515595,8.654589162443528e-06
stochastic_exploration_bonus_c0.5,2727,0.013161451373460323,7.679601090290176e-06
stochastic_exploration_bonus_c0.5,2828,0.013143958877933412,8.997463660083028e-06
stochastic_exploration_bonus_c0.5,2929,0.018067242015462878,1.0120080221558703e-05
stochastic_exploration_bonus_c0.5,3030,0.015263512273478127,8.713316690397233e-06
stochastic_exploration_bonus_c1.0,101,0.008352483124676346,4.690100500333223e-06
stochastic_exploration_bonus_c1.0,202,0.011900658308599177,6.907529770179229e-06
stochastic_exploration_bonus_c1.0,303,0.009328391627786306,5.6149585433462295e-06
stochastic_exploration_bonus_c1.0,404,0.009844863705432557,6.560460020650115e-06
stochastic_exploration_bonus_c1.0,505,0.02162103561785979,1.318217860481962e-05
stochastic_exploration_bonus_c1.0,606,0.011831234188938363,7.481750337591923e-06
stochastic_exploration_bonus_c1.0,707,0.013958922143339238,8.440673914818498e-06
stochastic_exploration_bonus_c1.0,808,0.011203965275472984,6.431496150463548e-06
stochastic_exploration_bonus_c1.0,909,0.011155970848552849,6.516309777492035e-06
stochastic_exploration_bonus_c1.0,1010,0.01072211047111427,6.307562085816222e-06
stochastic_exploration_bonus_c1.0,1111,0.006371838259707058,4.212223565741635e-06
stochastic_exploration_bonus_c1.0,1212,0.013053255031533501,8.143819279989536e-06
stochastic_exploration_bonus_c1.0,1313,0.025900977903258866,1.535348734801418e-05
stochastic_exploration_bonus_c1.0,1414,0.01673744201199115,1.1059732164682061e-05
stochastic_exploration_bonus_c1.0,1515,0.013326267592817478,8.396316330855938e-06
stochastic_exploration_bonus_c1.0,1616,0.012754665200268215,7.767588711546912e-06
stochastic_exploration_bonus_c1.0,1717,0.006301880461236958,3.831695493884153e-06
stochastic_exploration_bonus_c1.0,1818,0.01133386393372265,7.131532463878202e-06
stochastic_exploration_bonus_c1.0,1919,0.0212715089242368,1.185318385666371e-05
stochastic_exploration_bonus_c1.0,2020,0.006799617925014021,3.960188756392956e-06
stochastic_exploration_bonus_c1.0,2121,0.017228602729245986,1.0265603005028974e-05
stochastic_exploration_bonus_c1.0,2222,0.007716696876309904,4.493140068142472e-06
stochastic_exploration_bonus_c1.0,2323,0.009450157005006683,6.255251083024614e-06
stochastic_exploration_bonus_c1.0,2424,0.017346699356142314,1.0374839550773915e-05
stochastic_exploration_bonus_c1.0,2525,0.008177020893770676,5.029364120632374e-06
stochastic_exploration_bonus_c1.0,2626,0.015700480805797973,9.124326902702571e-06
stochastic_exploration_bonus_c1.0,2727,0.012105598307671802,7.092709702914853e-06
stochastic_exploration_bonus_c1.0,2828,0.012347722804522034,8.553742813179613e-06
stochastic_exploration_bonus_c1.0,2929,0.020075735887698058,1.1235790637680885e-05
stochastic_exploration_bonus_c1.0,3030,0.014809303212740982,8.461177129772117e-06
stochastic_normalized_fragility,101,0.007313754971213709,4.112608653234284e-06
stochastic_normalized_fragility,202,0.012841302674869645,7.432392124171046e-06
stochastic_normalized_fragility,303,0.010725362454702217,6.392034788131395e-06
stochastic_normalized_fragility,404,0.009194486954707782,6.198558295720729e-06
stochastic_normalized_fragility,505,0.02048189903134279,1.2548868275989565e-05
stochastic_normalized_fragility,606,0.009985751238676208,6.456617820175289e-06
stochastic_normalized_fragility,707,0.014207577799725075,8.577971432117611e-06
stochastic_normalized_fragility,808,0.011430677115673134,6.559623810771076e-06
stochastic_normalized_fragility,909,0.010900560475102431,6.374901628433412e-06
stochastic_normalized_fragility,1010,0.012888529258791031,7.509006868746193e-06
stochastic_normalized_fragility,1111,0.007859649519311234,5.039424202775566e-06
stochastic_normalized_fragility,1212,0.013782840030512177,8.549163960022373e-06
stochastic_normalized_fragility,1313,0.024565710752308536,1.4611104753935482e-05
stochastic_normalized_fragility,1414,0.01659983905093491,1.0983081708729323e-05
stochastic_normalized_fragility,1515,0.01233536086078441,7.845150148290536e-06
stochastic_normalized_fragility,1616,0.012814629126158848,7.800951331237999e-06
stochastic_normalized_fragility,1717,0.00977263761218003,5.761144993651247e-06
stochastic_normalized_fragility,1818,0.012805161844328752,7.949207323261902e-06
stochastic_normalized_fragility,1919,0.019924280156001065,1.1103369649770063e-05
stochastic_normalized_fragility,2020,0.014109832495311466,8.022401950283862e-06
stochastic_normalized_fragility,2121,0.01811574825747208,1.0758010743790925e-05
stochastic_normalized_fragility,2222,0.00630112835296589,3.7080623648376944e-06
stochastic_normalized_fragility,2323,0.010154017164804926,6.645320558377094e-06
stochastic_normalized_fragility,2424,0.017078258063852058,1.0225201556052484e-05
stochastic_normalized_fragility,2525,0.008746700657031922,5.346963190605295e-06
stochastic_normalized_fragility,2626,0.015275080092897787,8.887996742585705e-06
stochastic_normalized_fragility,2727,0.013032198228725825,7.6066534366896665e-06
stochastic_normalized_fragility,2828,0.013301083154858756,9.083316319199964e-06
stochastic_normalized_fragility,2929,0.019130719627088448,1.0711105267329024e-05
stochastic_normalized_fragility,3030,0.01538493118162948,8.780256453768751e-06
uniform_positive_fragility,101,0.006804372500185853,3.829687512868668e-06
uniform_positive_fragility,202,0.011879822371691972,6.895941162647192e-06
uniform_positive_fragility,303,0.009582092046915796,5.75693089581512e-06
uniform_positive_fragility,404,0.008695329068607094,5.922009788785996e-06
uniform_positive_fragility,505,0.019475942970421968,1.1992216379945662e-05
uniform_positive_fragility,606,0.011527900151902491,7.313814130824526e-06
uniform_positive_fragility,707,0.010585679390679116,6.56507299647337e-06
uniform_positive_fragility,808,0.013758482995994208,7.851347689598971e-06
uniform_positive_fragility,909,0.011671937495299522,6.8030231054598036e-06
uniform_positive_fragility,1010,0.010673056664805992,6.278545808382176e-06
uniform_positive_fragility,1111,0.009829510893875796,6.133279874969947e-06
uniform_positive_fragility,1212,0.014121387106129106,8.737314070661982e-06
uniform_positive_fragility,1313,0.021677271166750865,1.3006462483737964e-05
uniform_positive_fragility,1414,0.01761906715367818,1.1554204364372723e-05
uniform_positive_fragility,1515,0.010416105652996463,6.7818560374674215e-06
uniform_positive_fragility,1616,0.010712531601283144,6.632737225361467e-06
uniform_positive_fragility,1717,0.00676210841204233,4.08603577086241e-06
uniform_positive_fragility,1818,0.011418972443730233,7.179438133987802e-06
uniform_positive_fragility,1919,0.019597249330980376,1.0921861866509558e-05
uniform_positive_fragility,2020,0.007334242094699679,4.257835880201242e-06
uniform_positive_fragility,2121,0.013937494964920112,8.436237773523401e-06
uniform_positive_fragility,2222,0.014553298471044382,8.29172587244691e-06
uniform_positive_fragility,2323,0.011311255554385747,7.288461391263233e-06
uniform_positive_fragility,2424,0.01984502112651325,1.1765470743137564e-05
uniform_positive_fragility,2525,0.008223487048443449,5.054794685132045e-06
uniform_positive_fragility,2626,0.013759807836099482,8.045544296640154e-06
uniform_positive_fragility,2727,0.01161159836346626,6.817249086734823e-06
uniform_positive_fragility,2828,0.01569345286714309,1.0414508220519622e-05
uniform_positive_fragility,2929,0.017018258681046627,9.53724025811428e-06
uniform_positive_fragility,3030,0.0202971871757375,1.1510010488082077e-05
uniform_step_balanced,101,0.0072585246865587635,4.081768420171551e-06
uniform_step_balanced,202,0.009725198389519404,5.699606767187037e-06
uniform_step_balanced,303,0.009167683679002113,5.527095560169145e-06
uniform_step_balanced,404,0.008905758217899767,6.039380111346183e-06
uniform_step_balanced,505,0.01986043025305692,1.220354572384892e-05
uniform_step_balanced,606,0.00975122162312338,6.328066826687047e-06
uniform_step_balanced,707,0.011934479562188054,7.314731738326869e-06
uniform_step_balanced,808,0.008822605734030368,5.108884408604604e-06
uniform_step_balanced,909,0.01317380157585426,7.640692952396207e-06
uniform_step_balanced,1010,0.008861721009250959,5.271674018630676e-06
uniform_step_balanced,1111,0.008153327534253412,5.202568871332687e-06
uniform_step_balanced,1212,0.012170175408716932,7.653818569282225e-06
uniform_step_balanced,1313,0.02203571344991379,1.3205491761868182e-05
uniform_step_balanced,1414,0.01767052757319083,1.1579631118758786e-05
uniform_step_balanced,1515,0.010691821308532284,6.932889368507406e-06
uniform_step_balanced,1616,0.010540329070659347,6.538004290213769e-06
uniform_step_balanced,1717,0.00691201190455868,4.171196671119701e-06
uniform_step_balanced,1818,0.010894898835503635,6.887444836720548e-06
uniform_step_balanced,1919,0.013937003274894614,7.777163974104169e-06
uniform_step_balanced,2020,0.00804688140667155,4.655036930889841e-06
uniform_step_balanced,2121,0.01560085882924854,9.361409077710468e-06
uniform_step_balanced,2222,0.006607220202321865,3.877296684218846e-06
uniform_step_balanced,2323,0.00989988464243342,6.507052585498991e-06
uniform_step_balanced,2424,0.018722927713536796,1.11382925790522e-05
uniform_step_balanced,2525,0.00701650290330034,4.384123900779183e-06
uniform_step_balanced,2626,0.008736596031496619,5.254867729486446e-06
uniform_step_balanced,2727,0.014102489738240045,8.201318585312738e-06
uniform_step_balanced,2828,0.0115669965384981,8.120459064746156e-06
uniform_step_balanced,2929,0.018056342578459145,1.0113818891222477e-05
uniform_step_balanced,3030,0.015620413024879149,8.911956303367374e-06
