policy_name,baseline_policy,reveal_seed,budget,baseline_distance,policy_distance,difference_policy_minus_baseline,relative_difference_policy_minus_baseline,policy_better
epsilon_greedy_eps0.2,uniform_step_balanced,101,45,3.912812991994051e-06,3.912812991994051e-06,0.0,0.0,False
epsilon_greedy_eps0.2,uniform_step_balanced,101,90,4.1108917086020235e-06,2.0617827018109796e-05,1.6506935309507772e-05,4.015414776061135,False
epsilon_greedy_eps0.2,uniform_step_balanced,101,180,6.333847635248736e-06,7.023394516338493e-06,6.895468810897576e-07,0.10886698272505548,False
epsilon_greedy_eps0.2,uniform_step_balanced,101,360,4.6234701779544244e-06,8.795737998171285e-06,4.17226782021686e-06,0.9024104535400743,False
epsilon_greedy_eps0.2,uniform_step_balanced,101,720,1.4278469613406005e-06,4.1656875659928356e-06,2.737840604652235e-06,1.9174608195276657,False
epsilon_greedy_eps0.2,uniform_step_balanced,101,1200,4.318871120098723e-06,7.861349557706955e-06,3.5424784376082315e-06,0.8202324957377417,False
epsilon_greedy_eps0.2,uniform_step_balanced,101,1798,0.0,0.0,0.0,,False
epsilon_greedy_eps0.2,uniform_step_balanced,202,45,2.361828347314425e-05,2.361828347314425e-05,0.0,0.0,False
epsilon_greedy_eps0.2,uniform_step_balanced,202,90,2.4160102406734272e-05,6.630961026129946e-06,-1.7529141380604328e-05,-0.7255408559741178,True
epsilon_greedy_eps0.2,uniform_step_balanced,202,180,1.0565559472077152e-05,9.271615937653178e-06,-1.2939435344239749e-06,-0.12246805650411904,True
epsilon_greedy_eps0.2,uniform_step_balanced,202,360,2.968381204316551e-06,7.084923489196157e-06,4.116542284879606e-06,1.38679704577479,False
epsilon_greedy_eps0.2,uniform_step_balanced,202,720,7.425411143035425e-06,9.594354404201644e-06,2.168943261166219e-06,0.29209739627691234,False
epsilon_greedy_eps0.2,uniform_step_balanced,202,1200,9.519297172429744e-06,2.7251627456311908e-06,-6.794134426798553e-06,-0.7137222742111738,True
epsilon_greedy_eps0.2,uniform_step_balanced,202,1798,0.0,0.0,0.0,,False
epsilon_greedy_eps0.2,uniform_step_balanced,303,45,3.4534796817123485e-05,3.4534796817123485e-05,0.0,0.0,False
epsilon_greedy_eps0.2,uniform_step_balanced,303,90,5.77471568692702e-06,1.735097178917013e-05,1.1576256102243108e-05,2.0046452033040856,False
epsilon_greedy_eps0.2,uniform_step_balanced,303,180,1.594311687543048e-05,2.539119542672096e-05,9.44807855129048e-06,0.592611759990963,False
epsilon_greedy_eps0.2,uniform_step_balanced,303,360,3.855806607827436e-06,9.74670773239288e-06,5.890901124565443e-06,1.5277999453101943,False
epsilon_greedy_eps0.2,uniform_step_balanced,303,720,3.856034750968391e-06,2.954971589018819e-06,-9.010631619495716e-07,-0.23367609996857053,True
epsilon_greedy_eps0.2,uniform_step_balanced,303,1200,5.751304601422713e-06,7.924348094025503e-07,-4.9588697920201625e-06,-0.8622165118490639,True
epsilon_greedy_eps0.2,uniform_step_balanced,303,1798,0.0,0.0,0.0,,False
epsilon_greedy_eps0.2,uniform_step_balanced,404,45,8.720407783977221e-05,8.720407783977221e-05,0.0,0.0,False
epsilon_greedy_eps0.2,uniform_step_balanced,404,90,5.932589304590522e-06,1.5131144897730492e-05,9.19855559313997e-06,1.5505127897564572,False
epsilon_greedy_eps0.2,uniform_step_balanced,404,180,7.419963333463755e-06,4.518119274457527e-06,-2.901844059006228e-06,-0.39108603757097027,True
epsilon_greedy_eps0.2,uniform_step_balanced,404,360,3.599302973239015e-06,1.03210939785539e-05,6.721791005314885e-06,1.867525755762078,False
epsilon_greedy_eps0.2,uniform_step_balanced,404,720,4.499497212261051e-06,6.749619530047473e-06,2.250122317786422e-06,0.5000830563145763,False
epsilon_greedy_eps0.2,uniform_step_balanced,404,1200,2.053038315694853e-06,1.8380615341972154e-06,-2.149767814976378e-07,-0.10471152917809946,True
epsilon_greedy_eps0.2,uniform_step_balanced,404,1798,0.0,0.0,0.0,,False
epsilon_greedy_eps0.2,uniform_step_balanced,505,45,9.350528494369941e-05,9.350528494369941e-05,0.0,0.0,False
epsilon_greedy_eps0.2,uniform_step_balanced,505,90,2.834565532689422e-05,4.7979922158302216e-05,1.9634266831407994e-05,0.6926728842560608,False
epsilon_greedy_eps0.2,uniform_step_balanced,505,180,5.629412814258921e-05,3.0843984857132976e-05,-2.5450143285456236e-05,-0.4520923251709796,True
epsilon_greedy_eps0.2,uniform_step_balanced,505,360,3.1161455403017165e-05,1.5314348133784248e-05,-1.5847107269232917e-05,-0.5085483673428983,True
epsilon_greedy_eps0.2,uniform_step_balanced,505,720,1.3435640284372217e-05,8.882998366843326e-06,-4.5526419175288905e-06,-0.33884815469675356,True
epsilon_greedy_eps0.2,uniform_step_balanced,505,1200,3.2103858742016167e-06,8.788813833157614e-06,5.578427958955998e-06,1.7376191453444156,False
epsilon_greedy_eps0.2,uniform_step_balanced,505,1798,0.0,0.0,0.0,,False
epsilon_greedy_eps0.2,uniform_step_balanced,606,45,7.269065187851542e-05,7.269065187851542e-05,0.0,0.0,False
epsilon_greedy_eps0.2,uniform_step_balanced,606,90,1.2308445358072259e-05,2.3295296505770474e-05,1.0986851147698215e-05,0.8926270400585317,False
epsilon_greedy_eps0.2,uniform_step_balanced,606,180,1.3094246147183665e-05,3.2543982335825062e-06,-9.839847913601159e-06,-0.7514634903756969,True
epsilon_greedy_eps0.2,uniform_step_balanced,606,360,4.47942518275464e-06,7.944998693714392e-07,-3.684925313383201e-06,-0.8226335217227898,True
epsilon_greedy_eps0.2,uniform_step_balanced,606,720,7.58653397887983e-06,8.095663152938908e-06,5.091291740590781e-07,0.06710958857845283,False
epsilon_greedy_eps0.2,uniform_step_balanced,606,1200,2.1663199977529724e-06,1.6342716954093093e-06,-5.320483023436631e-07,-0.2456000511907443,True
epsilon_greedy_eps0.2,uniform_step_balanced,606,1798,0.0,0.0,0.0,,False
epsilon_greedy_eps0.2,uniform_step_balanced,707,45,5.4674219001275806e-05,5.4674219001275806e-05,0.0,0.0,False
epsilon_greedy_eps0.2,uniform_step_balanced,707,90,2.3732790177755868e-05,4.321180737542563e-06,-1.9411609440213306e-05,-0.8179236109544046,True
epsilon_greedy_eps0.2,uniform_step_balanced,707,180,1.667644503063523e-05,1.6666534138580055e-05,-9.910892055172994e-09,-0.0005943048435662594,True
epsilon_greedy_eps0.2,uniform_step_balanced,707,360,1.0246951630294914e-05,3.2397170007388456e-06,-7.007234629556068e-06,-0.6838360209332223,True
epsilon_greedy_eps0.2,uniform_step_balanced,707,720,4.896445414141115e-06,1.6536008197988489e-06,-3.242844594342266e-06,-0.6622854581359798,True
epsilon_greedy_eps0.2,uniform_step_balanced,707,1200,9.966296391580267e-07,3.257810726719372e-06,2.2611810875613454e-06,2.268827856124807,False
epsilon_greedy_eps0.2,uniform_step_balanced,707,1798,0.0,0.0,0.0,,False
epsilon_greedy_eps0.2,uniform_step_balanced,808,45,1.6500642142373114e-05,1.6500642142373114e-05,0.0,0.0,False
epsilon_greedy_eps0.2,uniform_step_balanced,808,90,1.4754483460421532e-05,1.1265370291835177e-05,-3.4891131685863557e-06,-0.23647816461659257,True
epsilon_greedy_eps0.2,uniform_step_balanced,808,180,9.117234552360576e-06,1.4011773631827916e-06,-7.716057189177785e-06,-0.846315529655864,True
epsilon_greedy_eps0.2,uniform_step_balanced,808,360,1.8001339626116197e-05,3.831688054961833e-06,-1.4169651571154364e-05,-0.7871442828953212,True
epsilon_greedy_eps0.2,uniform_step_balanced,808,720,7.611539338847182e-06,6.6820070732390415e-06,-9.295322656081406e-07,-0.122121455887913,True
epsilon_greedy_eps0.2,uniform_step_balanced,808,1200,3.590303670925098e-06,1.7491660790552304e-06,-1.8411375918698678e-06,-0.5128083194688292,True
epsilon_greedy_eps0.2,uniform_step_balanced,808,1798,0.0,0.0,0.0,,False
epsilon_greedy_eps0.2,uniform_step_balanced,909,45,2.5361642045548363e-05,2.5361642045548363e-05,0.0,0.0,False
epsilon_greedy_eps0.2,uniform_step_balanced,909,90,1.297541174885011e-05,9.364439196509043e-06,-3.6109725523410673e-06,-0.27829348480298316,True
epsilon_greedy_eps0.2,uniform_step_balanced,909,180,1.8748235835216858e-05,2.6969114062246863e-05,8.220878227030005e-06,0.43848809558859037,False
epsilon_greedy_eps0.2,uniform_step_balanced,909,360,3.99806415739245e-06,1.7244205796997224e-05,1.3246141639604774e-05,3.3131388387333804,False
epsilon_greedy_eps0.2,uniform_step_balanced,909,720,3.4720527939271414e-06,1.5223441027331129e-06,-1.9497086911940286e-06,-0.5615435037751162,True
epsilon_greedy_eps0.2,uniform_step_balanced,909,1200,3.701029375974964e-06,6.728420643140851e-06,3.027391267165887e-06,0.8179862842532505,False
epsilon_greedy_eps0.2,uniform_step_balanced,909,1798,0.0,0.0,0.0,,False
epsilon_greedy_eps0.2,uniform_step_balanced,1010,45,2.785453143444077e-05,2.785453143444077e-05,0.0,0.0,False
epsilon_greedy_eps0.2,uniform_step_balanced,1010,90,2.543745814710761e-05,3.2883314557666934e-06,-2.2149126691340918e-05,-0.8707287718470175,True
epsilon_greedy_eps0.2,uniform_step_balanced,1010,180,4.352548885283851e-07,9.043230732948435e-06,8.60797584442005e-06,19.776861952140216,False
epsilon_greedy_eps0.2,uniform_step_balanced,1010,360,9.94441482353322e-06,7.248712339539475e-06,-2.695702483993745e-06,-0.27107703488137175,True
epsilon_greedy_eps0.2,uniform_step_balanced,1010,720,4.6412618037148445e-06,2.040453435575474e-06,-2.6008083681393704e-06,-0.5603666584931053,True
epsilon_greedy_eps0.2,uniform_step_balanced,1010,1200,9.55199074291996e-07,1.4480550367373796e-06,4.928559624453836e-07,0.5159719850133794,False
epsilon_greedy_eps0.2,uniform_step_balanced,1010,1798,0.0,0.0,0.0,,False
exploration_bonus_c0.25,uniform_step_balanced,101,45,3.912812991994051e-06,3.912812991994051e-06,0.0,0.0,False
exploration_bonus_c0.25,uniform_step_balanced,101,90,4.1108917086020235e-06,1.303124377625167e-05,8.920352067649647e-06,2.1699311730795166,False
exploration_bonus_c0.25,uniform_step_balanced,101,180,6.333847635248736e-06,4.6665427792767295e-06,-1.6673048559720063e-06,-0.2632372851366403,True
exploration_bonus_c0.25,uniform_step_balanced,101,360,4.6234701779544244e-06,3.1918278192804627e-06,-1.4316423586739618e-06,-0.30964671633447577,True
exploration_bonus_c0.25,uniform_step_balanced,101,720,1.4278469613406005e-06,3.975751051598503e-06,2.5479040902579025e-06,1.7844377998785557,False
exploration_bonus_c0.25,uniform_step_balanced,101,1200,4.318871120098723e-06,7.348532431617126e-06,3.0296613115184027e-06,0.701493799483683,False
exploration_bonus_c0.25,uniform_step_balanced,101,1798,0.0,0.0,0.0,,False
exploration_bonus_c0.25,uniform_step_balanced,202,45,2.361828347314425e-05,2.361828347314425e-05,0.0,0.0,False
exploration_bonus_c0.25,uniform_step_balanced,202,90,2.4160102406734272e-05,6.742637799105784e-06,-1.741746460762849e-05,-0.7209184925794697,True
exploration_bonus_c0.25,uniform_step_balanced,202,180,1.0565559472077152e-05,6.6254294955081385e-06,-3.940129976569014e-06,-0.3729220385330336,True
exploration_bonus_c0.25,uniform_step_balanced,202,360,2.968381204316551e-06,9.792282984113143e-06,6.823901779796592e-06,2.2988630199764883,False
exploration_bonus_c0.25,uniform_step_balanced,202,720,7.425411143035425e-06,2.056403728502936e-05,1.3138626141993936e-05,1.769413960911397,False
exploration_bonus_c0.25,uniform_step_balanced,202,1200,9.519297172429744e-06,2.1350330283378986e-06,-7.384264144091846e-06,-0.7757152666142743,True
exploration_bonus_c0.25,uniform_step_balanced,202,1798,0.0,0.0,0.0,,False
exploration_bonus_c0.25,uniform_step_balanced,303,45,3.4534796817123485e-05,3.4534796817123485e-05,0.0,0.0,False
exploration_bonus_c0.25,uniform_step_balanced,303,90,5.77471568692702e-06,5.0407346150546534e-05,4.463263046361951e-05,7.728974530237088,False
exploration_bonus_c0.25,uniform_step_balanced,303,180,1.594311687543048e-05,2.4615213246217116e-05,8.672096370786637e-06,0.543939835513028,False
exploration_bonus_c0.25,uniform_step_balanced,303,360,3.855806607827436e-06,3.124334408049505e-06,-7.314721997779313e-07,-0.18970666171197864,True
exploration_bonus_c0.25,uniform_step_balanced,303,720,3.856034750968391e-06,2.1859563575425715e-06,-1.6700783934258193e-06,-0.43310771330740777,True
exploration_bonus_c0.25,uniform_step_balanced,303,1200,5.751304601422713e-06,4.125739133367188e-06,-1.6255654680555254e-06,-0.28264290986316487,True
exploration_bonus_c0.25,uniform_step_balanced,303,1798,0.0,0.0,0.0,,False
exploration_bonus_c0.25,uniform_step_balanced,404,45,8.720407783977221e-05,8.720407783977221e-05,0.0,0.0,False
exploration_bonus_c0.25,uniform_step_balanced,404,90,5.932589304590522e-06,1.7592513883694638e-05,1.1659924579104116e-05,1.965402285656601,False
exploration_bonus_c0.25,uniform_step_balanced,404,180,7.419963333463755e-06,3.9685250798733015e-05,3.226528746526926e-05,4.348442979462449,False
exploration_bonus_c0.25,uniform_step_balanced,404,360,3.599302973239015e-06,4.5073053713327494e-05,4.147375074008848e-05,11.522717328451575,False
exploration_bonus_c0.25,uniform_step_balanced,404,720,4.499497212261051e-06,1.3689875636203705e-05,9.190378423942654e-06,2.042534530057944,False
exploration_bonus_c0.25,uniform_step_balanced,404,1200,2.053038315694853e-06,3.4511917193502814e-06,1.3981534036554282e-06,0.6810167121416931,False
exploration_bonus_c0.25,uniform_step_balanced,404,1798,0.0,0.0,0.0,,False
exploration_bonus_c0.25,uniform_step_balanced,505,45,9.350528494369941e-05,9.350528494369941e-05,0.0,0.0,False
exploration_bonus_c0.25,uniform_step_balanced,505,90,2.834565532689422e-05,3.43416726476666e-05,5.996017320772378e-06,0.21153214669492526,False
exploration_bonus_c0.25,uniform_step_balanced,505,180,5.629412814258921e-05,2.4749138597565102e-05,-3.154498954502411e-05,-0.5603602113727171,True
exploration_bonus_c0.25,uniform_step_balanced,505,360,3.1161455403017165e-05,2.4599449107905947e-05,-6.562006295111218e-06,-0.2105808669795269,True
exploration_bonus_c0.25,uniform_step_balanced,505,720,1.3435640284372217e-05,2.5631240089932624e-05,1.2195599805560408e-05,0.907705144483946,False
exploration_bonus_c0.25,uniform_step_balanced,505,1200,3.2103858742016167e-06,3.4879018759759096e-05,3.166863288555748e-05,9.864431917684374,False
exploration_bonus_c0.25,uniform_step_balanced,505,1798,0.0,0.0,0.0,,False
exploration_bonus_c0.25,uniform_step_balanced,606,45,7.269065187851542e-05,7.269065187851542e-05,0.0,0.0,False
exploration_bonus_c0.25,uniform_step_balanced,606,90,1.2308445358072259e-05,1.4464388877186196e-05,2.155943519113937e-06,0.17515969372200224,False
exploration_bonus_c0.25,uniform_step_balanced,606,180,1.3094246147183665e-05,1.5780227028749348e-06,-1.151622344430873e-05,-0.8794873194579178,True
exploration_bonus_c0.25,uniform_step_balanced,606,360,4.47942518275464e-06,9.302794073119186e-06,4.823368890364546e-06,1.0767830008488715,False
exploration_bonus_c0.25,uniform_step_balanced,606,720,7.58653397887983e-06,4.401392793648275e-06,-3.185141185231555e-06,-0.4198414182416736,True
exploration_bonus_c0.25,uniform_step_balanced,606,1200,2.1663199977529724e-06,9.428127431955304e-07,-1.223507254557442e-06,-0.5647860222988902,True
exploration_bonus_c0.25,uniform_step_balanced,606,1798,0.0,0.0,0.0,,False
exploration_bonus_c0.25,uniform_step_balanced,707,45,5.4674219001275806e-05,5.4674219001275806e-05,0.0,0.0,False
exploration_bonus_c0.25,uniform_step_balanced,707,90,2.3732790177755868e-05,2.5516586669495784e-05,1.7837964917399162e-06,0.07516168467253474,False
exploration_bonus_c0.25,uniform_step_balanced,707,180,1.667644503063523e-05,2.281649309155349e-05,6.140048060918261e-06,0.3681868677430215,False
exploration_bonus_c0.25,uniform_step_balanced,707,360,1.0246951630294914e-05,1.4212978414379176e-05,3.966026784084262e-06,0.38704455014296946,False
exploration_bonus_c0.25,uniform_step_balanced,707,720,4.896445414141115e-06,2.3821467634720665e-05,1.892502222057955e-05,3.8650532416686167,False
exploration_bonus_c0.25,uniform_step_balanced,707,1200,9.966296391580267e-07,7.146990562974706e-06,6.150360923816679e-06,6.1711599596943865,False
exploration_bonus_c0.25,uniform_step_balanced,707,1798,0.0,0.0,0.0,,False
exploration_bonus_c0.25,uniform_step_balanced,808,45,1.6500642142373114e-05,1.6500642142373114e-05,0.0,0.0,False
exploration_bonus_c0.25,uniform_step_balanced,808,90,1.4754483460421532e-05,2.942522110398418e-05,1.4670737643562646e-05,0.9943240427844504,False
exploration_bonus_c0.25,uniform_step_balanced,808,180,9.117234552360576e-06,1.2831503297816126e-05,3.71426874545555e-06,0.40738984218563024,False
exploration_bonus_c0.25,uniform_step_balanced,808,360,1.8001339626116197e-05,4.285980052787698e-06,-1.37153595733285e-05,-0.7619077167696101,True
exploration_bonus_c0.25,uniform_step_balanced,808,720,7.611539338847182e-06,3.540298441712278e-06,-4.071240897134904e-06,-0.5348774690497127,True
exploration_bonus_c0.25,uniform_step_balanced,808,1200,3.590303670925098e-06,1.8487615839640352e-06,-1.741542086961063e-06,-0.4850681854753326,True
exploration_bonus_c0.25,uniform_step_balanced,808,1798,0.0,0.0,0.0,,False
exploration_bonus_c0.25,uniform_step_balanced,909,45,2.5361642045548363e-05,2.5361642045548363e-05,0.0,0.0,False
exploration_bonus_c0.25,uniform_step_balanced,909,90,1.297541174885011e-05,3.296311263496833e-06,-9.679100485353277e-06,-0.7459570973700349,True
exploration_bonus_c0.25,uniform_step_balanced,909,180,1.8748235835216858e-05,2.0580536012689152e-05,1.832300177472294e-06,0.09773187160524643,False
exploration_bonus_c0.25,uniform_step_balanced,909,360,3.99806415739245e-06,6.310298485537084e-06,2.312234328144634e-06,0.5783384751015802,False
exploration_bonus_c0.25,uniform_step_balanced,909,720,3.4720527939271414e-06,7.31543953642821e-06,3.843386742501068e-06,1.1069493958223835,False
exploration_bonus_c0.25,uniform_step_balanced,909,1200,3.701029375974964e-06,2.0400415123089723e-05,1.669938574711476e-05,4.5120921913016785,False
exploration_bonus_c0.25,uniform_step_balanced,909,1798,0.0,0.0,0.0,,False
exploration_bonus_c0.25,uniform_step_balanced,1010,45,2.785453143444077e-05,2.785453143444077e-05,0.0,0.0,False
exploration_bonus_c0.25,uniform_step_balanced,1010,90,2.543745814710761e-05,7.362943908155137e-06,-1.8074514238952473e-05,-0.7105471833870183,True
exploration_bonus_c0.25,uniform_step_balanced,1010,180,4.352548885283851e-07,8.855002111752478e-06,8.419747223224094e-06,19.34440587604107,False
exploration_bonus_c0.25,uniform_step_balanced,1010,360,9.94441482353322e-06,3.3302699215764573e-06,-6.614144901956763e-06,-0.6651115243407332,True
exploration_bonus_c0.25,uniform_step_balanced,1010,720,4.6412618037148445e-06,4.17741926894463e-06,-4.638425347702147e-07,-0.0999388861018263,True
exploration_bonus_c0.25,uniform_step_balanced,1010,1200,9.55199074291996e-07,3.2516682465962006e-06,2.2964691723042046e-06,2.404178599111785,False
exploration_bonus_c0.25,uniform_step_balanced,1010,1798,0.0,0.0,0.0,,False
exploration_bonus_c0.5,uniform_step_balanced,101,45,3.912812991994051e-06,3.912812991994051e-06,0.0,0.0,False
exploration_bonus_c0.5,uniform_step_balanced,101,90,4.1108917086020235e-06,1.303124377625167e-05,8.920352067649647e-06,2.1699311730795166,False
exploration_bonus_c0.5,uniform_step_balanced,101,180,6.333847635248736e-06,2.1430940849889144e-06,-4.1907535502598215e-06,-0.6616441997969291,True
exploration_bonus_c0.5,uniform_step_balanced,101,360,4.6234701779544244e-06,1.4091503042630678e-06,-3.2143198736913566e-06,-0.695218039691883,True
exploration_bonus_c0.5,uniform_step_balanced,101,720,1.4278469613406005e-06,2.4216783900827583e-06,9.938314287421578e-07,0.6960349782928087,False
exploration_bonus_c0.5,uniform_step_balanced,101,1200,4.318871120098723e-06,3.3731829029915683e-06,-9.456882171071548e-07,-0.21896652870844124,True
exploration_bonus_c0.5,uniform_step_balanced,101,1798,0.0,0.0,0.0,,False
exploration_bonus_c0.5,uniform_step_balanced,202,45,2.361828347314425e-05,2.361828347314425e-05,0.0,0.0,False
exploration_bonus_c0.5,uniform_step_balanced,202,90,2.4160102406734272e-05,6.742637799105784e-06,-1.741746460762849e-05,-0.7209184925794697,True
exploration_bonus_c0.5,uniform_step_balanced,202,180,1.0565559472077152e-05,2.9555015619098103e-06,-7.610057910167342e-06,-0.7202702261323063,True
exploration_bonus_c0.5,uniform_step_balanced,202,360,2.968381204316551e-06,1.321902254897379e-05,1.0250641344657239e-05,3.453276597274971,False
exploration_bonus_c0.5,uniform_step_balanced,202,720,7.425411143035425e-06,7.314382583893091e-06,-1.1102855914233396e-07,-0.014952513336109592,True
exploration_bonus_c0.5,uniform_step_balanced,202,1200,9.519297172429744e-06,6.37350277899678e-06,-3.145794393432964e-06,-0.33046498459402746,True
exploration_bonus_c0.5,uniform_step_balanced,202,1798,0.0,0.0,0.0,,False
exploration_bonus_c0.5,uniform_step_balanced,303,45,3.4534796817123485e-05,3.4534796817123485e-05,0.0,0.0,False
exploration_bonus_c0.5,uniform_step_balanced,303,90,5.77471568692702e-06,5.0407346150546534e-05,4.463263046361951e-05,7.728974530237088,False
exploration_bonus_c0.5,uniform_step_balanced,303,180,1.594311687543048e-05,1.7895920346846437e-05,1.9528034714159573e-06,0.12248567746657943,False
exploration_bonus_c0.5,uniform_step_balanced,303,360,3.855806607827436e-06,6.396917750077348e-06,2.541111142249912e-06,0.6590349051976202,False
exploration_bonus_c0.5,uniform_step_balanced,303,720,3.856034750968391e-06,1.8543440061341986e-05,1.4687405310373595e-05,3.8089400793613315,False
exploration_bonus_c0.5,uniform_step_balanced,303,1200,5.751304601422713e-06,4.1294448662762654e-06,-1.6218597351464476e-06,-0.2819985807646572,True
exploration_bonus_c0.5,uniform_step_balanced,303,1798,0.0,0.0,0.0,,False
exploration_bonus_c0.5,uniform_step_balanced,404,45,8.720407783977221e-05,8.720407783977221e-05,0.0,0.0,False
exploration_bonus_c0.5,uniform_step_balanced,404,90,5.932589304590522e-06,1.7592513883694638e-05,1.1659924579104116e-05,1.965402285656601,False
exploration_bonus_c0.5,uniform_step_balanced,404,180,7.419963333463755e-06,4.0896932190919125e-05,3.3476968857455366e-05,4.511743165424484,False
exploration_bonus_c0.5,uniform_step_balanced,404,360,3.599302973239015e-06,3.6408418172572514e-06,4.1538844018236436e-08,0.011540802296188922,False
exploration_bonus_c0.5,uniform_step_balanced,404,720,4.499497212261051e-06,5.009874615786781e-06,5.103774035257302e-07,0.11342987437239892,False
exploration_bonus_c0.5,uniform_step_balanced,404,1200,2.053038315694853e-06,1.3149264567512892e-06,-7.38111858943564e-07,-0.3595217163269304,True
exploration_bonus_c0.5,uniform_step_balanced,404,1798,0.0,0.0,0.0,,False
exploration_bonus_c0.5,uniform_step_balanced,505,45,9.350528494369941e-05,9.350528494369941e-05,0.0,0.0,False
exploration_bonus_c0.5,uniform_step_balanced,505,90,2.834565532689422e-05,3.43416726476666e-05,5.996017320772378e-06,0.21153214669492526,False
exploration_bonus_c0.5,uniform_step_balanced,505,180,5.629412814258921e-05,1.4229034718748254e-05,-4.2065093423840954e-05,-0.7472376749008871,True
exploration_bonus_c0.5,uniform_step_balanced,505,360,3.1161455403017165e-05,6.297901648987227e-06,-2.4863553754029938e-05,-0.7978944960196743,True
exploration_bonus_c0.5,uniform_step_balanced,505,720,1.3435640284372217e-05,1.1695348284114148e-06,-1.2266105455960801e-05,-0.9129528028692634,True
exploration_bonus_c0.5,uniform_step_balanced,505,1200,3.2103858742016167e-06,4.064122064406514e-06,8.537361902048974e-07,0.2659294625812578,False
exploration_bonus_c0.5,uniform_step_balanced,505,1798,0.0,0.0,0.0,,False
exploration_bonus_c0.5,uniform_step_balanced,606,45,7.269065187851542e-05,7.269065187851542e-05,0.0,0.0,False
exploration_bonus_c0.5,uniform_step_balanced,606,90,1.2308445358072259e-05,1.4464388877186196e-05,2.155943519113937e-06,0.17515969372200224,False
exploration_bonus_c0.5,uniform_step_balanced,606,180,1.3094246147183665e-05,2.8469563218688905e-06,-1.0247289825314774e-05,-0.7825795933673342,True
exploration_bonus_c0.5,uniform_step_balanced,606,360,4.47942518275464e-06,1.6304195150159639e-06,-2.8490056677386763e-06,-0.636020371253677,True
exploration_bonus_c0.5,uniform_step_balanced,606,720,7.58653397887983e-06,3.7467082980111714e-06,-3.8398256808686594e-06,-0.5061370174520221,True
exploration_bonus_c0.5,uniform_step_balanced,606,1200,2.1663199977529724e-06,1.2502376657595288e-06,-9.160823319934436e-07,-0.42287489057187083,True
exploration_bonus_c0.5,uniform_step_balanced,606,1798,0.0,0.0,0.0,,False
exploration_bonus_c0.5,uniform_step_balanced,707,45,5.4674219001275806e-05,5.4674219001275806e-05,0.0,0.0,False
exploration_bonus_c0.5,uniform_step_balanced,707,90,2.3732790177755868e-05,2.5516586669495784e-05,1.7837964917399162e-06,0.07516168467253474,False
exploration_bonus_c0.5,uniform_step_balanced,707,180,1.667644503063523e-05,2.1860488169536168e-05,5.184043138900939e-06,0.31086020607975295,False
exploration_bonus_c0.5,uniform_step_balanced,707,360,1.0246951630294914e-05,1.1508015735453445e-06,-9.096150056749569e-06,-0.8876932755159083,True
exploration_bonus_c0.5,uniform_step_balanced,707,720,4.896445414141115e-06,8.43056218277106e-07,-4.053389195864009e-06,-0.8278228087987404,True
exploration_bonus_c0.5,uniform_step_balanced,707,1200,9.966296391580267e-07,1.593674221156313e-06,5.970445819982863e-07,0.5990636426412945,False
exploration_bonus_c0.5,uniform_step_balanced,707,1798,0.0,0.0,0.0,,False
exploration_bonus_c0.5,uniform_step_balanced,808,45,1.6500642142373114e-05,1.6500642142373114e-05,0.0,0.0,False
exploration_bonus_c0.5,uniform_step_balanced,808,90,1.4754483460421532e-05,2.942522110398418e-05,1.4670737643562646e-05,0.9943240427844504,False
exploration_bonus_c0.5,uniform_step_balanced,808,180,9.117234552360576e-06,1.2831503297816126e-05,3.71426874545555e-06,0.40738984218563024,False
exploration_bonus_c0.5,uniform_step_balanced,808,360,1.8001339626116197e-05,5.873710565469786e-06,-1.2127629060646412e-05,-0.6737070302841098,True
exploration_bonus_c0.5,uniform_step_balanced,808,720,7.611539338847182e-06,1.5356199889168342e-06,-6.075919349930348e-06,-0.798251060586463,True
exploration_bonus_c0.5,uniform_step_balanced,808,1200,3.590303670925098e-06,1.868423630110502e-06,-1.7218800408145962e-06,-0.47959175563857714,True
exploration_bonus_c0.5,uniform_step_balanced,808,1798,0.0,0.0,0.0,,False
exploration_bonus_c0.5,uniform_step_balanced,909,45,2.5361642045548363e-05,2.5361642045548363e-05,0.0,0.0,False
exploration_bonus_c0.5,uniform_step_balanced,909,90,1.297541174885011e-05,3.296311263496833e-06,-9.679100485353277e-06,-0.7459570973700349,True
exploration_bonus_c0.5,uniform_step_balanced,909,180,1.8748235835216858e-05,2.4630310831795493e-05,5.882074996578635e-06,0.31374018591817004,False
exploration_bonus_c0.5,uniform_step_balanced,909,360,3.99806415739245e-06,1.2856903735297825e-05,8.858839577905375e-06,2.2157822458965084,False
exploration_bonus_c0.5,uniform_step_balanced,909,720,3.4720527939271414e-06,9.318907597824286e-06,5.846854803897145e-06,1.6839763537362378,False
exploration_bonus_c0.5,uniform_step_balanced,909,1200,3.701029375974964e-06,9.588476055988567e-06,5.887446680013603e-06,1.5907592407214197,False
exploration_bonus_c0.5,uniform_step_balanced,909,1798,0.0,0.0,0.0,,False
exploration_bonus_c0.5,uniform_step_balanced,1010,45,2.785453143444077e-05,2.785453143444077e-05,0.0,0.0,False
exploration_bonus_c0.5,uniform_step_balanced,1010,90,2.543745814710761e-05,7.362943908155137e-06,-1.8074514238952473e-05,-0.7105471833870183,True
exploration_bonus_c0.5,uniform_step_balanced,1010,180,4.352548885283851e-07,8.855002111752478e-06,8.419747223224094e-06,19.34440587604107,False
exploration_bonus_c0.5,uniform_step_balanced,1010,360,9.94441482353322e-06,2.3282077376071282e-06,-7.616207085926092e-06,-0.7658778541601583,True
exploration_bonus_c0.5,uniform_step_balanced,1010,720,4.6412618037148445e-06,2.1503465729308104e-06,-2.490915230784034e-06,-0.5366892315340447,True
exploration_bonus_c0.5,uniform_step_balanced,1010,1200,9.55199074291996e-07,6.167705610162086e-06,5.212506535870089e-06,5.456984492718082,False
exploration_bonus_c0.5,uniform_step_balanced,1010,1798,0.0,0.0,0.0,,False
exploration_bonus_c1.0,uniform_step_balanced,101,45,3.912812991994051e-06,3.912812991994051e-06,0.0,0.0,False
exploration_bonus_c1.0,uniform_step_balanced,101,90,4.1108917086020235e-06,1.303124377625167e-05,8.920352067649647e-06,2.1699311730795166,False
exploration_bonus_c1.0,uniform_step_balanced,101,180,6.333847635248736e-06,7.997540440451775e-06,1.6636928052030388e-06,0.26266700764072043,False
exploration_bonus_c1.0,uniform_step_balanced,101,360,4.6234701779544244e-06,9.398386420461837e-07,-3.6836315359082407e-06,-0.796724407020616,True
exploration_bonus_c1.0,uniform_step_balanced,101,720,1.4278469613406005e-06,4.2573358286063035e-06,2.829488867265703e-06,1.9816471539842797,False
exploration_bonus_c1.0,uniform_step_balanced,101,1200,4.318871120098723e-06,1.0288166080936601e-06,-3.290054512005063e-06,-0.7617857584807618,True
exploration_bonus_c1.0,uniform_step_balanced,101,1798,0.0,0.0,0.0,,False
exploration_bonus_c1.0,uniform_step_balanced,202,45,2.361828347314425e-05,2.361828347314425e-05,0.0,0.0,False
exploration_bonus_c1.0,uniform_step_balanced,202,90,2.4160102406734272e-05,6.742637799105784e-06,-1.741746460762849e-05,-0.7209184925794697,True
exploration_bonus_c1.0,uniform_step_balanced,202,180,1.0565559472077152e-05,4.825478249713322e-06,-5.7400812223638305e-06,-0.5432822783813596,True
exploration_bonus_c1.0,uniform_step_balanced,202,360,2.968381204316551e-06,4.994760897957354e-06,2.026379693640803e-06,0.682654805485929,False
exploration_bonus_c1.0,uniform_step_balanced,202,720,7.425411143035425e-06,4.7258559735935255e-06,-2.6995551694418995e-06,-0.36355632266556914,True
exploration_bonus_c1.0,uniform_step_balanced,202,1200,9.519297172429744e-06,2.522049222888093e-06,-6.99724794954165e-06,-0.7350593035174302,True
exploration_bonus_c1.0,uniform_step_balanced,202,1798,0.0,0.0,0.0,,False
exploration_bonus_c1.0,uniform_step_balanced,303,45,3.4534796817123485e-05,3.4534796817123485e-05,0.0,0.0,False
exploration_bonus_c1.0,uniform_step_balanced,303,90,5.77471568692702e-06,5.0407346150546534e-05,4.463263046361951e-05,7.728974530237088,False
exploration_bonus_c1.0,uniform_step_balanced,303,180,1.594311687543048e-05,1.5232228766884294e-05,-7.108881085461854e-07,-0.04458902949157429,True
exploration_bonus_c1.0,uniform_step_balanced,303,360,3.855806607827436e-06,4.641302057938059e-06,7.854954501106222e-07,0.20371754343592754,False
exploration_bonus_c1.0,uniform_step_balanced,303,720,3.856034750968391e-06,2.4324702306439464e-06,-1.4235645203244444e-06,-0.36917834310672004,True
exploration_bonus_c1.0,uniform_step_balanced,303,1200,5.751304601422713e-06,4.877157103493838e-06,-8.741474979288754e-07,-0.15199116696282017,True
exploration_bonus_c1.0,uniform_step_balanced,303,1798,0.0,0.0,0.0,,False
exploration_bonus_c1.0,uniform_step_balanced,404,45,8.720407783977221e-05,8.720407783977221e-05,0.0,0.0,False
exploration_bonus_c1.0,uniform_step_balanced,404,90,5.932589304590522e-06,1.7592513883694638e-05,1.1659924579104116e-05,1.965402285656601,False
exploration_bonus_c1.0,uniform_step_balanced,404,180,7.419963333463755e-06,3.177226758887709e-05,2.4352304255413334e-05,3.2819979238422055,False
exploration_bonus_c1.0,uniform_step_balanced,404,360,3.599302973239015e-06,1.0072458918488956e-06,-2.5920570813901194e-06,-0.7201552913611842,True
exploration_bonus_c1.0,uniform_step_balanced,404,720,4.499497212261051e-06,4.5166446336179145e-06,1.7147421356863643e-08,0.0038109638806169766,False
exploration_bonus_c1.0,uniform_step_balanced,404,1200,2.053038315694853e-06,1.9781484680855438e-06,-7.488984760930937e-08,-0.03647756938426296,True
exploration_bonus_c1.0,uniform_step_balanced,404,1798,0.0,0.0,0.0,,False
exploration_bonus_c1.0,uniform_step_balanced,505,45,9.350528494369941e-05,9.350528494369941e-05,0.0,0.0,False
exploration_bonus_c1.0,uniform_step_balanced,505,90,2.834565532689422e-05,3.43416726476666e-05,5.996017320772378e-06,0.21153214669492526,False
exploration_bonus_c1.0,uniform_step_balanced,505,180,5.629412814258921e-05,2.2548884775724957e-05,-3.3745243366864255e-05,-0.5994451727077084,True
exploration_bonus_c1.0,uniform_step_balanced,505,360,3.1161455403017165e-05,6.144334157433509e-06,-2.5017121245583656e-05,-0.8028226192272588,True
exploration_bonus_c1.0,uniform_step_balanced,505,720,1.3435640284372217e-05,6.801610487538232e-06,-6.634029796833985e-06,-0.49376357631056966,True
exploration_bonus_c1.0,uniform_step_balanced,505,1200,3.2103858742016167e-06,1.6505184846062185e-05,1.3294798971860568e-05,4.141184110824939,False
exploration_bonus_c1.0,uniform_step_balanced,505,1798,0.0,0.0,0.0,,False
exploration_bonus_c1.0,uniform_step_balanced,606,45,7.269065187851542e-05,7.269065187851542e-05,0.0,0.0,False
exploration_bonus_c1.0,uniform_step_balanced,606,90,1.2308445358072259e-05,1.4464388877186196e-05,2.155943519113937e-06,0.17515969372200224,False
exploration_bonus_c1.0,uniform_step_balanced,606,180,1.3094246147183665e-05,2.993625833935062e-06,-1.0100620313248604e-05,-0.7713785276154339,True
exploration_bonus_c1.0,uniform_step_balanced,606,360,4.47942518275464e-06,1.7795440377274237e-06,-2.6998811450272167e-06,-0.6027293759524105,True
exploration_bonus_c1.0,uniform_step_balanced,606,720,7.58653397887983e-06,4.708731874291887e-06,-2.877802104587943e-06,-0.3793302860831393,True
exploration_bonus_c1.0,uniform_step_balanced,606,1200,2.1663199977529724e-06,3.12164386366757e-06,9.553238659145974e-07,0.44098926608511785,False
exploration_bonus_c1.0,uniform_step_balanced,606,1798,0.0,0.0,0.0,,False
exploration_bonus_c1.0,uniform_step_balanced,707,45,5.4674219001275806e-05,5.4674219001275806e-05,0.0,0.0,False
exploration_bonus_c1.0,uniform_step_balanced,707,90,2.3732790177755868e-05,2.5516586669495784e-05,1.7837964917399162e-06,0.07516168467253474,False
exploration_bonus_c1.0,uniform_step_balanced,707,180,1.667644503063523e-05,1.0020034621198871e-05,-6.656410409436357e-06,-0.3991504422680189,True
exploration_bonus_c1.0,uniform_step_balanced,707,360,1.0246951630294914e-05,1.7949181260608515e-06,-8.452033504234062e-06,-0.8248339417593998,True
exploration_bonus_c1.0,uniform_step_balanced,707,720,4.896445414141115e-06,7.804165632112267e-07,-4.116028850929888e-06,-0.840615692159591,True
exploration_bonus_c1.0,uniform_step_balanced,707,1200,9.966296391580267e-07,3.2406641686761243e-06,2.2440345295180977e-06,2.25162331256163,False
exploration_bonus_c1.0,uniform_step_balanced,707,1798,0.0,0.0,0.0,,False
exploration_bonus_c1.0,uniform_step_balanced,808,45,1.6500642142373114e-05,1.6500642142373114e-05,0.0,0.0,False
exploration_bonus_c1.0,uniform_step_balanced,808,90,1.4754483460421532e-05,2.942522110398418e-05,1.4670737643562646e-05,0.9943240427844504,False
exploration_bonus_c1.0,uniform_step_balanced,808,180,9.117234552360576e-06,1.2831503297816126e-05,3.71426874545555e-06,0.40738984218563024,False
exploration_bonus_c1.0,uniform_step_balanced,808,360,1.8001339626116197e-05,7.722611387997378e-06,-1.0278728238118819e-05,-0.5709979619075973,True
exploration_bonus_c1.0,uniform_step_balanced,808,720,7.611539338847182e-06,2.370078517325038e-06,-5.241460821522144e-06,-0.6886203418500624,True
exploration_bonus_c1.0,uniform_step_balanced,808,1200,3.590303670925098e-06,3.913718086149662e-06,3.2341441522456414e-07,0.09007996115861457,False
exploration_bonus_c1.0,uniform_step_balanced,808,1798,0.0,0.0,0.0,,False
exploration_bonus_c1.0,uniform_step_balanced,909,45,2.5361642045548363e-05,2.5361642045548363e-05,0.0,0.0,False
exploration_bonus_c1.0,uniform_step_balanced,909,90,1.297541174885011e-05,3.296311263496833e-06,-9.679100485353277e-06,-0.7459570973700349,True
exploration_bonus_c1.0,uniform_step_balanced,909,180,1.8748235835216858e-05,2.6968752612650803e-05,8.220516777433945e-06,0.4384688164628509,False
exploration_bonus_c1.0,uniform_step_balanced,909,360,3.99806415739245e-06,3.6582313740075594e-06,-3.3983278338489064e-07,-0.08499933217843374,True
exploration_bonus_c1.0,uniform_step_balanced,909,720,3.4720527939271414e-06,6.188690586148748e-06,2.716637792221607e-06,0.7824298630980476,False
exploration_bonus_c1.0,uniform_step_balanced,909,1200,3.701029375974964e-06,2.0205439846441523e-06,-1.6804853913308116e-06,-0.4540589172946298,True
exploration_bonus_c1.0,uniform_step_balanced,909,1798,0.0,0.0,0.0,,False
exploration_bonus_c1.0,uniform_step_balanced,1010,45,2.785453143444077e-05,2.785453143444077e-05,0.0,0.0,False
exploration_bonus_c1.0,uniform_step_balanced,1010,90,2.543745814710761e-05,7.362943908155137e-06,-1.8074514238952473e-05,-0.7105471833870183,True
exploration_bonus_c1.0,uniform_step_balanced,1010,180,4.352548885283851e-07,7.3342732254412525e-06,6.899018336912868e-06,15.85052464370644,False
exploration_bonus_c1.0,uniform_step_balanced,1010,360,9.94441482353322e-06,1.0202942272683221e-05,2.5852744915000115e-07,0.025997251093971073,False
exploration_bonus_c1.0,uniform_step_balanced,1010,720,4.6412618037148445e-06,4.325315693845029e-06,-3.159461098698157e-07,-0.06807332213341938,True
exploration_bonus_c1.0,uniform_step_balanced,1010,1200,9.55199074291996e-07,2.462295580045263e-06,1.507096505753267e-06,1.577782628056192,False
exploration_bonus_c1.0,uniform_step_balanced,1010,1798,0.0,0.0,0.0,,False
greedy_loo_fragility,uniform_step_balanced,101,45,3.912812991994051e-06,3.912812991994051e-06,0.0,0.0,False
greedy_loo_fragility,uniform_step_balanced,101,90,4.1108917086020235e-06,1.303124377625167e-05,8.920352067649647e-06,2.1699311730795166,False
greedy_loo_fragility,uniform_step_balanced,101,180,6.333847635248736e-06,4.6665427792767295e-06,-1.6673048559720063e-06,-0.2632372851366403,True
greedy_loo_fragility,uniform_step_balanced,101,360,4.6234701779544244e-06,2.9232661690887496e-06,-1.7002040088656748e-06,-0.3677333135990727,True
greedy_loo_fragility,uniform_step_balanced,101,720,1.4278469613406005e-06,2.3167091620740766e-06,8.888622007334761e-07,0.6225192368648013,False
greedy_loo_fragility,uniform_step_balanced,101,1200,4.318871120098723e-06,9.553274158776903e-07,-3.3635437042210326e-06,-0.7788015920568028,True
greedy_loo_fragility,uniform_step_balanced,101,1798,0.0,0.0,0.0,,False
greedy_loo_fragility,uniform_step_balanced,202,45,2.361828347314425e-05,2.361828347314425e-05,0.0,0.0,False
greedy_loo_fragility,uniform_step_balanced,202,90,2.4160102406734272e-05,6.742637799105784e-06,-1.741746460762849e-05,-0.7209184925794697,True
greedy_loo_fragility,uniform_step_balanced,202,180,1.0565559472077152e-05,7.3396689172199575e-06,-3.225890554857195e-06,-0.30532131908231036,True
greedy_loo_fragility,uniform_step_balanced,202,360,2.968381204316551e-06,3.5923027677991797e-06,6.239215634826288e-07,0.21018916390365786,False
greedy_loo_fragility,uniform_step_balanced,202,720,7.425411143035425e-06,8.192431376621888e-07,-6.606168005373236e-06,-0.889670333146389,True
greedy_loo_fragility,uniform_step_balanced,202,1200,9.519297172429744e-06,3.7471963553551074e-06,-5.772100817074636e-06,-0.6063578762717986,True
greedy_loo_fragility,uniform_step_balanced,202,1798,0.0,0.0,0.0,,False
greedy_loo_fragility,uniform_step_balanced,303,45,3.4534796817123485e-05,3.4534796817123485e-05,0.0,0.0,False
greedy_loo_fragility,uniform_step_balanced,303,90,5.77471568692702e-06,5.0407346150546534e-05,4.463263046361951e-05,7.728974530237088,False
greedy_loo_fragility,uniform_step_balanced,303,180,1.594311687543048e-05,5.8869031705922e-05,4.2925914830491526e-05,2.6924418334186293,False
greedy_loo_fragility,uniform_step_balanced,303,360,3.855806607827436e-06,8.464823681034436e-06,4.6090170732069994e-06,1.195344461480645,False
greedy_loo_fragility,uniform_step_balanced,303,720,3.856034750968391e-06,1.2109009632406113e-06,-2.6451337877277793e-06,-0.6859724972819526,True
greedy_loo_fragility,uniform_step_balanced,303,1200,5.751304601422713e-06,4.202027850992178e-06,-1.5492767504305353e-06,-0.2693783163644797,True
greedy_loo_fragility,uniform_step_balanced,303,1798,0.0,0.0,0.0,,False
greedy_loo_fragility,uniform_step_balanced,404,45,8.720407783977221e-05,8.720407783977221e-05,0.0,0.0,False
greedy_loo_fragility,uniform_step_balanced,404,90,5.932589304590522e-06,1.7592513883694638e-05,1.1659924579104116e-05,1.965402285656601,False
greedy_loo_fragility,uniform_step_balanced,404,180,7.419963333463755e-06,3.186163157948235e-05,2.4441668246018594e-05,3.2940416478593084,False
greedy_loo_fragility,uniform_step_balanced,404,360,3.599302973239015e-06,3.3063148166817945e-05,2.9463845193578928e-05,8.18598640143494,False
greedy_loo_fragility,uniform_step_balanced,404,720,4.499497212261051e-06,1.9622327155876607e-06,-2.53726449667339e-06,-0.56389955965733,True
greedy_loo_fragility,uniform_step_balanced,404,1200,2.053038315694853e-06,1.036182891223695e-06,-1.016855424471158e-06,-0.49529296004736384,True
greedy_loo_fragility,uniform_step_balanced,404,1798,0.0,0.0,0.0,,False
greedy_loo_fragility,uniform_step_balanced,505,45,9.350528494369941e-05,9.350528494369941e-05,0.0,0.0,False
greedy_loo_fragility,uniform_step_balanced,505,90,2.834565532689422e-05,3.43416726476666e-05,5.996017320772378e-06,0.21153214669492526,False
greedy_loo_fragility,uniform_step_balanced,505,180,5.629412814258921e-05,2.4749138597565102e-05,-3.154498954502411e-05,-0.5603602113727171,True
greedy_loo_fragility,uniform_step_balanced,505,360,3.1161455403017165e-05,1.6964218304446364e-05,-1.4197237098570801e-05,-0.4556025036364692,True
greedy_loo_fragility,uniform_step_balanced,505,720,1.3435640284372217e-05,2.2701824203895776e-06,-1.1165457863982638e-05,-0.8310328073437512,True
greedy_loo_fragility,uniform_step_balanced,505,1200,3.2103858742016167e-06,4.319329732190204e-06,1.1089438579885872e-06,0.3454238529081392,False
greedy_loo_fragility,uniform_step_balanced,505,1798,0.0,0.0,0.0,,False
greedy_loo_fragility,uniform_step_balanced,606,45,7.269065187851542e-05,7.269065187851542e-05,0.0,0.0,False
greedy_loo_fragility,uniform_step_balanced,606,90,1.2308445358072259e-05,1.4464388877186196e-05,2.155943519113937e-06,0.17515969372200224,False
greedy_loo_fragility,uniform_step_balanced,606,180,1.3094246147183665e-05,2.6748223936557145e-06,-1.041942375352795e-05,-0.7957253618429175,True
greedy_loo_fragility,uniform_step_balanced,606,360,4.47942518275464e-06,9.041954098863602e-07,-3.57522977286828e-06,-0.7981447679118682,True
greedy_loo_fragility,uniform_step_balanced,606,720,7.58653397887983e-06,1.3989764693160462e-06,-6.187557509563784e-06,-0.8155974159991031,True
greedy_loo_fragility,uniform_step_balanced,606,1200,2.1663199977529724e-06,4.16551281926673e-06,1.9991928215137576e-06,0.922852036443107,False
greedy_loo_fragility,uniform_step_balanced,606,1798,0.0,0.0,0.0,,False
greedy_loo_fragility,uniform_step_balanced,707,45,5.4674219001275806e-05,5.4674219001275806e-05,0.0,0.0,False
greedy_loo_fragility,uniform_step_balanced,707,90,2.3732790177755868e-05,2.5516586669495784e-05,1.7837964917399162e-06,0.07516168467253474,False
greedy_loo_fragility,uniform_step_balanced,707,180,1.667644503063523e-05,1.5492809253808876e-05,-1.1836357768263528e-06,-0.07097650456389065,True
greedy_loo_fragility,uniform_step_balanced,707,360,1.0246951630294914e-05,4.563755371829931e-06,-5.683196258464983e-06,-0.5546231175389492,True
greedy_loo_fragility,uniform_step_balanced,707,720,4.896445414141115e-06,9.084660843415404e-06,4.188215429274289e-06,0.8553583416203453,False
greedy_loo_fragility,uniform_step_balanced,707,1200,9.966296391580267e-07,7.035950626362919e-06,6.039320987204892e-06,6.059744512823275,False
greedy_loo_fragility,uniform_step_balanced,707,1798,0.0,0.0,0.0,,False
greedy_loo_fragility,uniform_step_balanced,808,45,1.6500642142373114e-05,1.6500642142373114e-05,0.0,0.0,False
greedy_loo_fragility,uniform_step_balanced,808,90,1.4754483460421532e-05,2.942522110398418e-05,1.4670737643562646e-05,0.9943240427844504,False
greedy_loo_fragility,uniform_step_balanced,808,180,9.117234552360576e-06,1.2831503297816126e-05,3.71426874545555e-06,0.40738984218563024,False
greedy_loo_fragility,uniform_step_balanced,808,360,1.8001339626116197e-05,5.491744203048382e-06,-1.2509595423067815e-05,-0.6949258045728439,True
greedy_loo_fragility,uniform_step_balanced,808,720,7.611539338847182e-06,2.990328312912989e-06,-4.621211025934193e-06,-0.607132252782143,True
greedy_loo_fragility,uniform_step_balanced,808,1200,3.590303670925098e-06,6.503923325368783e-06,2.913619654443685e-06,0.8115245732662344,False
greedy_loo_fragility,uniform_step_balanced,808,1798,0.0,0.0,0.0,,False
greedy_loo_fragility,uniform_step_balanced,909,45,2.5361642045548363e-05,2.5361642045548363e-05,0.0,0.0,False
greedy_loo_fragility,uniform_step_balanced,909,90,1.297541174885011e-05,3.296311263496833e-06,-9.679100485353277e-06,-0.7459570973700349,True
greedy_loo_fragility,uniform_step_balanced,909,180,1.8748235835216858e-05,1.6955686157424854e-05,-1.7925496777920045e-06,-0.09561164546612234,True
greedy_loo_fragility,uniform_step_balanced,909,360,3.99806415739245e-06,1.0904831457389513e-05,6.906767299997063e-06,1.7275278805184753,False
greedy_loo_fragility,uniform_step_balanced,909,720,3.4720527939271414e-06,5.24014287810315e-06,1.7680900841760085e-06,0.5092347925321065,False
greedy_loo_fragility,uniform_step_balanced,909,1200,3.701029375974964e-06,6.9032494288719895e-06,3.2022200528970256e-06,0.8652241653860051,False
greedy_loo_fragility,uniform_step_balanced,909,1798,0.0,0.0,0.0,,False
greedy_loo_fragility,uniform_step_balanced,1010,45,2.785453143444077e-05,2.785453143444077e-05,0.0,0.0,False
greedy_loo_fragility,uniform_step_balanced,1010,90,2.543745814710761e-05,7.362943908155137e-06,-1.8074514238952473e-05,-0.7105471833870183,True
greedy_loo_fragility,uniform_step_balanced,1010,180,4.352548885283851e-07,8.855002111752478e-06,8.419747223224094e-06,19.34440587604107,False
greedy_loo_fragility,uniform_step_balanced,1010,360,9.94441482353322e-06,3.1677943662502636e-06,-6.776620457282956e-06,-0.6814498970061311,True
greedy_loo_fragility,uniform_step_balanced,1010,720,4.6412618037148445e-06,2.992876941050571e-06,-1.6483848626642734e-06,-0.35515877629331616,True
greedy_loo_fragility,uniform_step_balanced,1010,1200,9.55199074291996e-07,6.754538037828114e-06,5.799338963536118e-06,6.071340644707651,False
greedy_loo_fragility,uniform_step_balanced,1010,1798,0.0,0.0,0.0,,False
