policy_name,reveal_seed,budget,additional_rows_beyond_initial_seed,squared_wasserstein2_to_full_reference,p_success_mean,p_success_p05,p_success_p50,p_success_p95,min_revealed_rows_per_step,max_revealed_rows_per_step,max_min_revealed_rows_per_step_ratio,step_count_std,step_count_l1_from_perfect_balance,revealed_rows_by_step,sample_seed,decision_count
uniform_step_balanced,101,45,0,2.914095372038969e-05,0.22213417721798295,0.10520950073627969,0.21641263494818203,0.3570640697786007,5,5,1.0,0.0,0.0,"{""T1036 - Defense Evasion: Masquerading"": 5, ""T1498.001 - Impact: Direct Network Flood"": 5, ""T1498.002 - Impact: Reflection/Amplification Attack"": 5, ""T1571 - Defense Evasion: Non-Standard Port"": 5, ""T1583.005 - Resource Development: Acquire Botnet"": 5, ""T1584.005 - Resource Development: Build/Compromise Botnet"": 5, ""T1590 - Reconnaissance: Gather Victim Network Information"": 5, ""T1595 - Reconnaissance: Active Scanning"": 5, ""TA0011 - Command-and-Control"": 5}",2018045,0
uniform_step_balanced,101,90,45,3.398302466768342e-05,0.2253579591583779,0.09416545787605138,0.21984321259239437,0.37251716495433895,10,10,1.0,0.0,0.0,"{""T1036 - Defense Evasion: Masquerading"": 10, ""T1498.001 - Impact: Direct Network Flood"": 10, ""T1498.002 - Impact: Reflection/Amplification Attack"": 10, ""T1571 - Defense Evasion: Non-Standard Port"": 10, ""T1583.005 - Resource Development: Acquire Botnet"": 10, ""T1584.005 - Resource Development: Build/Compromise Botnet"": 10, ""T1590 - Reconnaissance: Gather Victim Network Information"": 10, ""T1595 - Reconnaissance: Active Scanning"": 10, ""TA0011 - Command-and-Control"": 10}",2018090,45
uniform_step_balanced,101,180,135,4.0157147884902934e-05,0.21953256031996707,0.10461726758814839,0.2149712403669935,0.3511239960326003,20,20,1.0,0.0,0.0,"{""T1036 - Defense Evasion: Masquerading"": 20, ""T1498.001 - Impact: Direct Network Flood"": 20, ""T1498.002 - Impact: Reflection/Amplification Attack"": 20, ""T1571 - Defense Evasion: Non-Standard Port"": 20, ""T1583.005 - Resource Development: Acquire Botnet"": 20, ""T1584.005 - Resource Development: Build/Compromise Botnet"": 20, ""T1590 - Reconnaissance: Gather Victim Network Information"": 20, ""T1595 - Reconnaissance: Active Scanning"": 20, ""TA0011 - Command-and-Control"": 20}",2018180,135
uniform_step_balanced,101,360,315,7.885924068532852e-05,0.22469133158739388,0.11754611580763352,0.21986272851292277,0.34704378335547803,40,40,1.0,0.0,0.0,"{""T1036 - Defense Evasion: Masquerading"": 40, ""T1498.001 - Impact: Direct Network Flood"": 40, ""T1498.002 - Impact: Reflection/Amplification Attack"": 40, ""T1571 - Defense Evasion: Non-Standard Port"": 40, ""T1583.005 - Resource Development: Acquire Botnet"": 40, ""T1584.005 - Resource Development: Build/Compromise Botnet"": 40, ""T1590 - Reconnaissance: Gather Victim Network Information"": 40, ""T1595 - Reconnaissance: Active Scanning"": 40, ""TA0011 - Command-and-Control"": 40}",2018360,315
uniform_step_balanced,101,720,675,1.43211196479739e-05,0.2230820177418239,0.10513774971811361,0.21873862892208717,0.3561764147917216,80,80,1.0,0.0,0.0,"{""T1036 - Defense Evasion: Masquerading"": 80, ""T1498.001 - Impact: Direct Network Flood"": 80, ""T1498.002 - Impact: Reflection/Amplification Attack"": 80, ""T1571 - Defense Evasion: Non-Standard Port"": 80, ""T1583.005 - Resource Development: Acquire Botnet"": 80, ""T1584.005 - Resource Development: Build/Compromise Botnet"": 80, ""T1590 - Reconnaissance: Gather Victim Network Information"": 80, ""T1595 - Reconnaissance: Active Scanning"": 80, ""TA0011 - Command-and-Control"": 80}",2018720,675
greedy_loo_fragility,101,45,0,2.914095372038969e-05,0.22213417721798295,0.10520950073627969,0.21641263494818203,0.3570640697786007,5,5,1.0,0.0,0.0,"{""T1036 - Defense Evasion: Masquerading"": 5, ""T1498.001 - Impact: Direct Network Flood"": 5, ""T1498.002 - Impact: Reflection/Amplification Attack"": 5, ""T1571 - Defense Evasion: Non-Standard Port"": 5, ""T1583.005 - Resource Development: Acquire Botnet"": 5, ""T1584.005 - Resource Development: Build/Compromise Botnet"": 5, ""T1590 - Reconnaissance: Gather Victim Network Information"": 5, ""T1595 - Reconnaissance: Active Scanning"": 5, ""TA0011 - Command-and-Control"": 5}",2018045,0
greedy_loo_fragility,101,90,45,4.693784363528921e-05,0.22394453556766294,0.11523265062050275,0.21877606406909494,0.35011217118928356,5,50,10.0,14.142135623730951,80.0,"{""T1036 - Defense Evasion: Masquerading"": 5, ""T1498.001 - Impact: Direct Network Flood"": 5, ""T1498.002 - Impact: Reflection/Amplification Attack"": 5, ""T1571 - Defense Evasion: Non-Standard Port"": 50, ""T1583.005 - Resource Development: Acquire Botnet"": 5, ""T1584.005 - Resource Development: Build/Compromise Botnet"": 5, ""T1590 - Reconnaissance: Gather Victim Network Information"": 5, ""T1595 - Reconnaissance: Active Scanning"": 5, ""TA0011 - Command-and-Control"": 5}",2018090,45
greedy_loo_fragility,101,180,135,3.0172708600267952e-05,0.22322026363665454,0.10958001413556534,0.21756031442823892,0.3542269768544653,5,95,19.0,30.0,210.0,"{""T1036 - Defense Evasion: Masquerading"": 5, ""T1498.001 - Impact: Direct Network Flood"": 5, ""T1498.002 - Impact: Reflection/Amplification Attack"": 5, ""T1571 - Defense Evasion: Non-Standard Port"": 95, ""T1583.005 - Resource Development: Acquire Botnet"": 5, ""T1584.005 - Resource Development: Build/Compromise Botnet"": 5, ""T1590 - Reconnaissance: Gather Victim Network Information"": 5, ""T1595 - Reconnaissance: Active Scanning"": 50, ""TA0011 - Command-and-Control"": 5}",2018180,135
greedy_loo_fragility,101,360,315,3.0607097225271664e-05,0.2242008095996726,0.10764280182690095,0.21928442143380314,0.3563955244011767,5,140,28.0,50.99019513592785,420.0,"{""T1036 - Defense Evasion: Masquerading"": 5, ""T1498.001 - Impact: Direct Network Flood"": 5, ""T1498.002 - Impact: Reflection/Amplification Attack"": 95, ""T1571 - Defense Evasion: Non-Standard Port"": 95, ""T1583.005 - Resource Development: Acquire Botnet"": 5, ""T1584.005 - Resource Development: Build/Compromise Botnet"": 5, ""T1590 - Reconnaissance: Gather Victim Network Information"": 5, ""T1595 - Reconnaissance: Active Scanning"": 140, ""TA0011 - Command-and-Control"": 5}",2018360,315
greedy_loo_fragility,101,720,675,2.4442596808837224e-05,0.22217864467293985,0.10162760045045675,0.21879369218521266,0.3487643633036477,5,200,40.0,76.48529270389177,600.0,"{""T1036 - Defense Evasion: Masquerading"": 95, ""T1498.001 - Impact: Direct Network Flood"": 5, ""T1498.002 - Impact: Reflection/Amplification Attack"": 200, ""T1571 - Defense Evasion: Non-Standard Port"": 95, ""T1583.005 - Resource Development: Acquire Botnet"": 5, ""T1584.005 - Resource Development: Build/Compromise Botnet"": 5, ""T1590 - Reconnaissance: Gather Victim Network Information"": 110, ""T1595 - Reconnaissance: Active Scanning"": 200, ""TA0011 - Command-and-Control"": 5}",2018720,675
uniform_step_balanced,202,45,0,2.3221540844925493e-05,0.22843135763338318,0.10717552330398551,0.2222400591635834,0.37016157996282717,5,5,1.0,0.0,0.0,"{""T1036 - Defense Evasion: Masquerading"": 5, ""T1498.001 - Impact: Direct Network Flood"": 5, ""T1498.002 - Impact: Reflection/Amplification Attack"": 5, ""T1571 - Defense Evasion: Non-Standard Port"": 5, ""T1583.005 - Resource Development: Acquire Botnet"": 5, ""T1584.005 - Resource Development: Build/Compromise Botnet"": 5, ""T1590 - Reconnaissance: Gather Victim Network Information"": 5, ""T1595 - Reconnaissance: Active Scanning"": 5, ""TA0011 - Command-and-Control"": 5}",3028045,0
uniform_step_balanced,202,90,45,3.361867802696372e-05,0.22489217764219485,0.09724350231243277,0.21996847554020396,0.36872017752835223,10,10,1.0,0.0,0.0,"{""T1036 - Defense Evasion: Masquerading"": 10, ""T1498.001 - Impact: Direct Network Flood"": 10, ""T1498.002 - Impact: Reflection/Amplification Attack"": 10, ""T1571 - Defense Evasion: Non-Standard Port"": 10, ""T1583.005 - Resource Development: Acquire Botnet"": 10, ""T1584.005 - Resource Development: Build/Compromise Botnet"": 10, ""T1590 - Reconnaissance: Gather Victim Network Information"": 10, ""T1595 - Reconnaissance: Active Scanning"": 10, ""TA0011 - Command-and-Control"": 10}",3028090,45
uniform_step_balanced,202,180,135,3.408603408310378e-05,0.22941690421364605,0.10447790568278371,0.2239910721318548,0.36971108294926114,20,20,1.0,0.0,0.0,"{""T1036 - Defense Evasion: Masquerading"": 20, ""T1498.001 - Impact: Direct Network Flood"": 20, ""T1498.002 - Impact: Reflection/Amplification Attack"": 20, ""T1571 - Defense Evasion: Non-Standard Port"": 20, ""T1583.005 - Resource Development: Acquire Botnet"": 20, ""T1584.005 - Resource Development: Build/Compromise Botnet"": 20, ""T1590 - Reconnaissance: Gather Victim Network Information"": 20, ""T1595 - Reconnaissance: Active Scanning"": 20, ""TA0011 - Command-and-Control"": 20}",3028180,135
uniform_step_balanced,202,360,315,1.2869235422347092e-05,0.22331781752714713,0.10481452586910586,0.21856805100232352,0.35677871228166474,40,40,1.0,0.0,0.0,"{""T1036 - Defense Evasion: Masquerading"": 40, ""T1498.001 - Impact: Direct Network Flood"": 40, ""T1498.002 - Impact: Reflection/Amplification Attack"": 40, ""T1571 - Defense Evasion: Non-Standard Port"": 40, ""T1583.005 - Resource Development: Acquire Botnet"": 40, ""T1584.005 - Resource Development: Build/Compromise Botnet"": 40, ""T1590 - Reconnaissance: Gather Victim Network Information"": 40, ""T1595 - Reconnaissance: Active Scanning"": 40, ""TA0011 - Command-and-Control"": 40}",3028360,315
uniform_step_balanced,202,720,675,2.846210210766986e-05,0.22291858304960183,0.09383830604836836,0.21824317801313503,0.36724418784792073,80,80,1.0,0.0,0.0,"{""T1036 - Defense Evasion: Masquerading"": 80, ""T1498.001 - Impact: Direct Network Flood"": 80, ""T1498.002 - Impact: Reflection/Amplification Attack"": 80, ""T1571 - Defense Evasion: Non-Standard Port"": 80, ""T1583.005 - Resource Development: Acquire Botnet"": 80, ""T1584.005 - Resource Development: Build/Compromise Botnet"": 80, ""T1590 - Reconnaissance: Gather Victim Network Information"": 80, ""T1595 - Reconnaissance: Active Scanning"": 80, ""TA0011 - Command-and-Control"": 80}",3028720,675
greedy_loo_fragility,202,45,0,2.3221540844925493e-05,0.22843135763338318,0.10717552330398551,0.2222400591635834,0.37016157996282717,5,5,1.0,0.0,0.0,"{""T1036 - Defense Evasion: Masquerading"": 5, ""T1498.001 - Impact: Direct Network Flood"": 5, ""T1498.002 - Impact: Reflection/Amplification Attack"": 5, ""T1571 - Defense Evasion: Non-Standard Port"": 5, ""T1583.005 - Resource Development: Acquire Botnet"": 5, ""T1584.005 - Resource Development: Build/Compromise Botnet"": 5, ""T1590 - Reconnaissance: Gather Victim Network Information"": 5, ""T1595 - Reconnaissance: Active Scanning"": 5, ""TA0011 - Command-and-Control"": 5}",3028045,0
greedy_loo_fragility,202,90,45,4.579113609189317e-05,0.22519517788213952,0.09270774906906001,0.22009895477363817,0.37239308611820027,5,50,10.0,14.142135623730951,80.0,"{""T1036 - Defense Evasion: Masquerading"": 5, ""T1498.001 - Impact: Direct Network Flood"": 5, ""T1498.002 - Impact: Reflection/Amplification Attack"": 5, ""T1571 - Defense Evasion: Non-Standard Port"": 50, ""T1583.005 - Resource Development: Acquire Botnet"": 5, ""T1584.005 - Resource Development: Build/Compromise Botnet"": 5, ""T1590 - Reconnaissance: Gather Victim Network Information"": 5, ""T1595 - Reconnaissance: Active Scanning"": 5, ""TA0011 - Command-and-Control"": 5}",3028090,45
greedy_loo_fragility,202,180,135,2.7098385888981726e-05,0.22454094619280582,0.09634597308911023,0.2192069711768958,0.36458868699356783,5,95,19.0,30.0,210.0,"{""T1036 - Defense Evasion: Masquerading"": 5, ""T1498.001 - Impact: Direct Network Flood"": 5, ""T1498.002 - Impact: Reflection/Amplification Attack"": 5, ""T1571 - Defense Evasion: Non-Standard Port"": 95, ""T1583.005 - Resource Development: Acquire Botnet"": 5, ""T1584.005 - Resource Development: Build/Compromise Botnet"": 5, ""T1590 - Reconnaissance: Gather Victim Network Information"": 5, ""T1595 - Reconnaissance: Active Scanning"": 50, ""TA0011 - Command-and-Control"": 5}",3028180,135
greedy_loo_fragility,202,360,315,2.5206149586562066e-05,0.2242493176754117,0.09668545302472288,0.218833082433816,0.36535046158175766,5,185,37.0,59.16079783099616,420.0,"{""T1036 - Defense Evasion: Masquerading"": 5, ""T1498.001 - Impact: Direct Network Flood"": 5, ""T1498.002 - Impact: Reflection/Amplification Attack"": 50, ""T1571 - Defense Evasion: Non-Standard Port"": 95, ""T1583.005 - Resource Development: Acquire Botnet"": 5, ""T1584.005 - Resource Development: Build/Compromise Botnet"": 5, ""T1590 - Reconnaissance: Gather Victim Network Information"": 5, ""T1595 - Reconnaissance: Active Scanning"": 185, ""TA0011 - Command-and-Control"": 5}",3028360,315
greedy_loo_fragility,202,720,675,2.178490505023542e-05,0.22331845334058745,0.09698030922333083,0.21820668554429637,0.36078831499292224,5,200,40.0,80.31189202104505,660.0,"{""T1036 - Defense Evasion: Masquerading"": 5, ""T1498.001 - Impact: Direct Network Flood"": 200, ""T1498.002 - Impact: Reflection/Amplification Attack"": 155, ""T1571 - Defense Evasion: Non-Standard Port"": 95, ""T1583.005 - Resource Development: Acquire Botnet"": 5, ""T1584.005 - Resource Development: Build/Compromise Botnet"": 50, ""T1590 - Reconnaissance: Gather Victim Network Information"": 5, ""T1595 - Reconnaissance: Active Scanning"": 200, ""TA0011 - Command-and-Control"": 5}",3028720,675
